canonical_key,class,method,file,jdk_annotation,cache_result,randoop_sef,category,randoop_vs_cache,red_alert,reasons
java.util.AbstractCollection.<init>(),java.util.AbstractCollection,<init>,AbstractCollection.java,SideEffectFree,SIDE_EFFECT_FREE,False,Match,Ours Only SEF,False,
java.util.AbstractList$RandomAccessSpliterator.<init>(java.util.List),java.util.AbstractList$RandomAccessSpliterator,<init>,AbstractList.java,,SIDE_EFFECTING,False,Both Side-Effecting,Both Side-Effecting,False,loaded object 'load alist from parameter this' escapes to global scope
java.util.AbstractList.<init>(),java.util.AbstractList,<init>,AbstractList.java,SideEffectFree,SIDE_EFFECT_FREE,False,Match,Ours Only SEF,False,
java.util.AbstractMap.<init>(),java.util.AbstractMap,<init>,AbstractMap.java,SideEffectFree,SIDE_EFFECT_FREE,False,Match,Ours Only SEF,False,
java.util.AbstractMap.clone(),java.util.AbstractMap,clone,AbstractMap.java,,SIDE_EFFECTING,False,Both Side-Effecting,Both Side-Effecting,False,writes to static field keySet; writes to static field values; this escapes to global scope
"java.util.AbstractMap.eq(java.lang.Object,java.lang.Object)",java.util.AbstractMap,eq,AbstractMap.java,,SIDE_EFFECT_FREE,False,Unannotated Mismatch,Ours Only SEF,True,
java.util.AbstractSet.<init>(),java.util.AbstractSet,<init>,AbstractSet.java,,SIDE_EFFECT_FREE,False,Unannotated Mismatch,Ours Only SEF,True,
java.util.ArrayList$ArrayListSpliterator.characteristics(),java.util.ArrayList$ArrayListSpliterator,characteristics,ArrayList.java,,SIDE_EFFECT_FREE,False,Unannotated Mismatch,Ours Only SEF,True,
java.util.ArrayList$ArrayListSpliterator.estimateSize(),java.util.ArrayList$ArrayListSpliterator,estimateSize,ArrayList.java,,SIDE_EFFECTING,False,Both Side-Effecting,Both Side-Effecting,False,mutates this via field fence; mutates this via field expectedModCount
java.util.ArrayList$ArrayListSpliterator.forEachRemaining(java.util.function.Consumer),java.util.ArrayList$ArrayListSpliterator,forEachRemaining,ArrayList.java,,SIDE_EFFECTING,False,Both Side-Effecting,Both Side-Effecting,False,mutates this via field index; Consumer parameter escapes to global scope; loaded object 'load this$0 from parameter this' escapes to global scope ... (+1 more)
java.util.ArrayList$ArrayListSpliterator.getFence(),java.util.ArrayList$ArrayListSpliterator,getFence,ArrayList.java,,SIDE_EFFECTING,False,Both Side-Effecting,Both Side-Effecting,False,mutates this via field fence; mutates this via field expectedModCount
java.util.ArrayList$ArrayListSpliterator.tryAdvance(java.util.function.Consumer),java.util.ArrayList$ArrayListSpliterator,tryAdvance,ArrayList.java,,SIDE_EFFECTING,False,Both Side-Effecting,Both Side-Effecting,False,mutates this via field fence; mutates this via field expectedModCount; mutates this via field index ... (+3 more)
java.util.ArrayList$ArrayListSpliterator.trySplit(),java.util.ArrayList$ArrayListSpliterator,trySplit,ArrayList.java,,SIDE_EFFECTING,False,Both Side-Effecting,Both Side-Effecting,False,mutates this via field fence; mutates this via field expectedModCount; mutates this via field index
java.util.ArrayList$Itr.checkForComodification(),java.util.ArrayList$Itr,checkForComodification,ArrayList.java,,SIDE_EFFECT_FREE,False,Unannotated Mismatch,Ours Only SEF,True,
java.util.ArrayList$Itr.forEachRemaining(java.util.function.Consumer),java.util.ArrayList$Itr,forEachRemaining,ArrayList.java,,SIDE_EFFECTING,False,Both Side-Effecting,Both Side-Effecting,False,mutates this via field lastRet; mutates this via field cursor; Consumer parameter escapes to global scope ... (+1 more)
java.util.ArrayList$Itr.hasNext(),java.util.ArrayList$Itr,hasNext,ArrayList.java,Pure,SIDE_EFFECT_FREE,False,Match,Ours Only SEF,False,
java.util.ArrayList$Itr.next(),java.util.ArrayList$Itr,next,ArrayList.java,,SIDE_EFFECTING,False,Both Side-Effecting,Both Side-Effecting,False,mutates this via field lastRet; mutates this via field cursor; loaded object 'load elementData from callee: load this$0 from parameter this' escapes to global scope
java.util.ArrayList$Itr.remove(),java.util.ArrayList$Itr,remove,ArrayList.java,,SIDE_EFFECTING,False,Both Side-Effecting,Both Side-Effecting,False,mutates this via field expectedModCount; mutates this via field lastRet; mutates this via field cursor ... (+5 more)
java.util.ArrayList$ListItr.add(java.lang.Object),java.util.ArrayList$ListItr,add,ArrayList.java,,SIDE_EFFECTING,False,Both Side-Effecting,Both Side-Effecting,False,this escapes to global scope; mutates this via field lastRet; mutates this via field expectedModCount ... (+8 more)
java.util.ArrayList$ListItr.hasPrevious(),java.util.ArrayList$ListItr,hasPrevious,ArrayList.java,,SIDE_EFFECT_FREE,False,Unannotated Mismatch,Ours Only SEF,True,
java.util.ArrayList$ListItr.nextIndex(),java.util.ArrayList$ListItr,nextIndex,ArrayList.java,,SIDE_EFFECT_FREE,False,Unannotated Mismatch,Ours Only SEF,True,
java.util.ArrayList$ListItr.previous(),java.util.ArrayList$ListItr,previous,ArrayList.java,,SIDE_EFFECTING,False,Both Side-Effecting,Both Side-Effecting,False,this escapes to global scope; mutates this via field lastRet; mutates this via field cursor ... (+2 more)
java.util.ArrayList$ListItr.previousIndex(),java.util.ArrayList$ListItr,previousIndex,ArrayList.java,,SIDE_EFFECT_FREE,False,Unannotated Mismatch,Ours Only SEF,True,
java.util.ArrayList$ListItr.set(java.lang.Object),java.util.ArrayList$ListItr,set,ArrayList.java,,SIDE_EFFECTING,False,Both Side-Effecting,Both Side-Effecting,False,this escapes to global scope; loaded object 'load this$0 from parameter this' escapes to global scope; loaded object 'callee: callee: load elementData from parameter this' escapes to global scope ... (+1 more)
"java.util.ArrayList$SubList.<init>(java.util.ArrayList,int,int)",java.util.ArrayList$SubList,<init>,ArrayList.java,,SIDE_EFFECT_FREE,False,Unannotated Mismatch,Ours Only SEF,True,
"java.util.ArrayList$SubList.add(int,java.lang.Object)",java.util.ArrayList$SubList,add,ArrayList.java,,SIDE_EFFECTING,False,Both Side-Effecting,Both Side-Effecting,False,this escapes to global scope; mutates this via field size; mutates this via field modCount ... (+11 more)
"java.util.ArrayList$SubList.addAll(int,java.util.Collection)",java.util.ArrayList$SubList,addAll,ArrayList.java,,SIDE_EFFECTING,False,Both Side-Effecting,Both Side-Effecting,False,this escapes to global scope; mutates this via field size; mutates this via field modCount ... (+6 more)
java.util.ArrayList$SubList.addAll(java.util.Collection),java.util.ArrayList$SubList,addAll,ArrayList.java,,SIDE_EFFECTING,False,Both Side-Effecting,Both Side-Effecting,False,this escapes to global scope; mutates this via field size; mutates this via field modCount ... (+6 more)
"java.util.ArrayList$SubList.batchRemove(java.util.Collection,boolean)",java.util.ArrayList$SubList,batchRemove,ArrayList.java,,SIDE_EFFECTING,False,Both Side-Effecting,Both Side-Effecting,False,mutates this via field size; mutates this via field modCount; mutates loaded object 'callee: load root from parameter this' via field modCount ... (+5 more)
java.util.ArrayList$SubList.checkForComodification(),java.util.ArrayList$SubList,checkForComodification,ArrayList.java,,SIDE_EFFECT_FREE,False,Unannotated Mismatch,Ours Only SEF,True,
java.util.ArrayList$SubList.contains(java.lang.Object),java.util.ArrayList$SubList,contains,ArrayList.java,,SIDE_EFFECT_FREE,False,Unannotated Mismatch,Ours Only SEF,True,
java.util.ArrayList$SubList.equals(java.lang.Object),java.util.ArrayList$SubList,equals,ArrayList.java,,SIDE_EFFECTING,False,Both Side-Effecting,Both Side-Effecting,False,Object parameter escapes to global scope
java.util.ArrayList$SubList.get(int),java.util.ArrayList$SubList,get,ArrayList.java,,SIDE_EFFECT_FREE,False,Unannotated Mismatch,Ours Only SEF,True,
java.util.ArrayList$SubList.hashCode(),java.util.ArrayList$SubList,hashCode,ArrayList.java,,SIDE_EFFECT_FREE,False,Unannotated Mismatch,Ours Only SEF,True,
java.util.ArrayList$SubList.indexOf(java.lang.Object),java.util.ArrayList$SubList,indexOf,ArrayList.java,,SIDE_EFFECT_FREE,False,Unannotated Mismatch,Ours Only SEF,True,
java.util.ArrayList$SubList.iterator(),java.util.ArrayList$SubList,iterator,ArrayList.java,SideEffectFree,SIDE_EFFECTING,False,Annotated Mismatch,Both Side-Effecting,False,this escapes to global scope
java.util.ArrayList$SubList.lastIndexOf(java.lang.Object),java.util.ArrayList$SubList,lastIndexOf,ArrayList.java,,SIDE_EFFECT_FREE,False,Unannotated Mismatch,Ours Only SEF,True,
java.util.ArrayList$SubList.listIterator(int),java.util.ArrayList$SubList,listIterator,ArrayList.java,,SIDE_EFFECTING,False,Both Side-Effecting,Both Side-Effecting,False,this escapes to global scope; loaded object 'callee: load root from parameter this' escapes to global scope
java.util.ArrayList$SubList.rangeCheckForAdd(int),java.util.ArrayList$SubList,rangeCheckForAdd,ArrayList.java,,SIDE_EFFECTING,False,Both Side-Effecting,Both Side-Effecting,False,this escapes to global scope
java.util.ArrayList$SubList.remove(int),java.util.ArrayList$SubList,remove,ArrayList.java,,SIDE_EFFECTING,False,Both Side-Effecting,Both Side-Effecting,False,mutates this via field size; mutates this via field modCount; mutates loaded object 'callee: load root from parameter this' via field modCount ... (+5 more)
java.util.ArrayList$SubList.removeAll(java.util.Collection),java.util.ArrayList$SubList,removeAll,ArrayList.java,,SIDE_EFFECTING,False,Both Side-Effecting,Both Side-Effecting,False,mutates this via field size; mutates this via field modCount; mutates loaded object 'callee: callee: load root from parameter this' via field modCount ... (+5 more)
java.util.ArrayList$SubList.removeIf(java.util.function.Predicate),java.util.ArrayList$SubList,removeIf,ArrayList.java,,SIDE_EFFECTING,False,Both Side-Effecting,Both Side-Effecting,False,mutates this via field size; mutates this via field modCount; Predicate parameter escapes to global scope ... (+6 more)
"java.util.ArrayList$SubList.removeRange(int,int)",java.util.ArrayList$SubList,removeRange,ArrayList.java,,SIDE_EFFECTING,False,Both Side-Effecting,Both Side-Effecting,False,mutates this via field size; mutates this via field modCount; mutates loaded object 'callee: load root from parameter this' via field modCount ... (+5 more)
java.util.ArrayList$SubList.replaceAll(java.util.function.UnaryOperator),java.util.ArrayList$SubList,replaceAll,ArrayList.java,,SIDE_EFFECTING,False,Both Side-Effecting,Both Side-Effecting,False,UnaryOperator parameter escapes to global scope; mutates loaded object 'callee: load elementData from parameter this' via field array element
java.util.ArrayList$SubList.retainAll(java.util.Collection),java.util.ArrayList$SubList,retainAll,ArrayList.java,,SIDE_EFFECTING,False,Both Side-Effecting,Both Side-Effecting,False,mutates this via field size; mutates this via field modCount; mutates loaded object 'callee: callee: load root from parameter this' via field modCount ... (+5 more)
"java.util.ArrayList$SubList.set(int,java.lang.Object)",java.util.ArrayList$SubList,set,ArrayList.java,,SIDE_EFFECTING,False,Both Side-Effecting,Both Side-Effecting,False,mutates loaded object 'callee: load elementData from parameter this' via field array element
java.util.ArrayList$SubList.size(),java.util.ArrayList$SubList,size,ArrayList.java,Pure,SIDE_EFFECT_FREE,False,Match,Ours Only SEF,False,
java.util.ArrayList$SubList.spliterator(),java.util.ArrayList$SubList,spliterator,ArrayList.java,SideEffectFree,SIDE_EFFECT_FREE,False,Match,Ours Only SEF,False,
"java.util.ArrayList$SubList.subList(int,int)",java.util.ArrayList$SubList,subList,ArrayList.java,,SIDE_EFFECT_FREE,False,Unannotated Mismatch,Ours Only SEF,True,
java.util.ArrayList$SubList.toArray(),java.util.ArrayList$SubList,toArray,ArrayList.java,,SIDE_EFFECTING,False,Both Side-Effecting,Both Side-Effecting,False,writes to static field unknown; loaded object 'load elementData from callee: load root from parameter this' escapes to global scope
java.util.ArrayList$SubList.toArray(java.lang.Object[]),java.util.ArrayList$SubList,toArray,ArrayList.java,,SIDE_EFFECTING,False,Both Side-Effecting,Both Side-Effecting,False,writes to static field unknown; Object[] parameter escapes to global scope; mutates Object[] parameter via field array element ... (+1 more)
java.util.ArrayList$SubList.updateSizeAndModCount(int),java.util.ArrayList$SubList,updateSizeAndModCount,ArrayList.java,,SIDE_EFFECTING,False,Both Side-Effecting,Both Side-Effecting,False,mutates this via field size; mutates this via field modCount; mutates loaded object 'load parent from parameter this' via field modCount ... (+1 more)
java.util.ArrayList.<init>(),java.util.ArrayList,<init>,ArrayList.java,SideEffectFree,SIDE_EFFECT_FREE,False,Match,Ours Only SEF,False,
java.util.ArrayList.<init>(java.util.Collection),java.util.ArrayList,<init>,ArrayList.java,SideEffectFree,SIDE_EFFECTING,False,Annotated Mismatch,Both Side-Effecting,False,Collection parameter escapes to global scope
"java.util.ArrayList.add(int,java.lang.Object)",java.util.ArrayList,add,ArrayList.java,,SIDE_EFFECTING,False,Both Side-Effecting,Both Side-Effecting,False,this escapes to global scope; mutates this via field modCount; mutates this via field elementData ... (+4 more)
java.util.ArrayList.add(java.lang.Object),java.util.ArrayList,add,ArrayList.java,,SIDE_EFFECTING,False,Both Side-Effecting,Both Side-Effecting,False,mutates this via field modCount; mutates this via field elementData; mutates this via field size ... (+1 more)
"java.util.ArrayList.add(java.lang.Object,java.lang.Object[],int)",java.util.ArrayList,add,ArrayList.java,,SIDE_EFFECTING,False,Both Side-Effecting,Both Side-Effecting,False,mutates this via field elementData; mutates this via field size; mutates Object[] parameter via field array element
"java.util.ArrayList.addAll(int,java.util.Collection)",java.util.ArrayList,addAll,ArrayList.java,,SIDE_EFFECTING,False,Both Side-Effecting,Both Side-Effecting,False,this escapes to global scope; mutates this via field array element; mutates this via field size ... (+4 more)
java.util.ArrayList.addAll(java.util.Collection),java.util.ArrayList,addAll,ArrayList.java,,SIDE_EFFECTING,False,Both Side-Effecting,Both Side-Effecting,False,mutates this via field array element; mutates this via field size; mutates this via field modCount ... (+2 more)
java.util.ArrayList.addFirst(java.lang.Object),java.util.ArrayList,addFirst,ArrayList.java,,SIDE_EFFECTING,False,Both Side-Effecting,Both Side-Effecting,False,this escapes to global scope; mutates this via field modCount; mutates this via field elementData ... (+4 more)
java.util.ArrayList.addLast(java.lang.Object),java.util.ArrayList,addLast,ArrayList.java,,SIDE_EFFECTING,False,Both Side-Effecting,Both Side-Effecting,False,mutates this via field modCount; mutates this via field elementData; mutates this via field size ... (+1 more)
java.util.ArrayList.checkInvariants(),java.util.ArrayList,checkInvariants,ArrayList.java,,SIDE_EFFECT_FREE,False,Unannotated Mismatch,Ours Only SEF,True,
java.util.ArrayList.clear(),java.util.ArrayList,clear,ArrayList.java,,SIDE_EFFECTING,False,Both Side-Effecting,Both Side-Effecting,False,mutates this via field modCount; mutates this via field size; mutates loaded object 'load elementData from parameter this' via field array element
java.util.ArrayList.clone(),java.util.ArrayList,clone,ArrayList.java,SideEffectFree,SIDE_EFFECTING,True,Annotated Mismatch,Randoop Only SEF,False,writes to static field modCount; writes to static field elementData; writes to static field unknown ... (+2 more)
java.util.ArrayList.contains(java.lang.Object),java.util.ArrayList,contains,ArrayList.java,Pure,SIDE_EFFECT_FREE,True,Match,Both SEF,False,
"java.util.ArrayList.elementAt(java.lang.Object[],int)",java.util.ArrayList,elementAt,ArrayList.java,,SIDE_EFFECT_FREE,False,Unannotated Mismatch,Ours Only SEF,True,
java.util.ArrayList.elementData(int),java.util.ArrayList,elementData,ArrayList.java,,SIDE_EFFECT_FREE,False,Unannotated Mismatch,Ours Only SEF,True,
java.util.ArrayList.ensureCapacity(int),java.util.ArrayList,ensureCapacity,ArrayList.java,,SIDE_EFFECTING,False,Both Side-Effecting,Both Side-Effecting,False,mutates this via field modCount; mutates this via field elementData
java.util.ArrayList.equals(java.lang.Object),java.util.ArrayList,equals,ArrayList.java,Pure,SIDE_EFFECTING,False,Annotated Mismatch,Both Side-Effecting,False,Object parameter escapes to global scope; loaded object 'callee: load elementData from parameter this' escapes to global scope; loaded object 'callee: load elementData from parameter this' escapes to global scope
java.util.ArrayList.equalsArrayList(java.util.ArrayList),java.util.ArrayList,equalsArrayList,ArrayList.java,,SIDE_EFFECT_FREE,False,Unannotated Mismatch,Ours Only SEF,True,
"java.util.ArrayList.equalsRange(java.util.List,int,int)",java.util.ArrayList,equalsRange,ArrayList.java,,SIDE_EFFECTING,False,Both Side-Effecting,Both Side-Effecting,False,List parameter escapes to global scope
"java.util.ArrayList.fastRemove(java.lang.Object[],int)",java.util.ArrayList,fastRemove,ArrayList.java,,SIDE_EFFECTING,False,Both Side-Effecting,Both Side-Effecting,False,mutates this via field modCount; mutates this via field size; Object[] parameter escapes to global scope ... (+1 more)
java.util.ArrayList.forEach(java.util.function.Consumer),java.util.ArrayList,forEach,ArrayList.java,,SIDE_EFFECTING,False,Both Side-Effecting,Both Side-Effecting,False,Consumer parameter escapes to global scope
java.util.ArrayList.get(int),java.util.ArrayList,get,ArrayList.java,Pure,SIDE_EFFECT_FREE,True,Match,Both SEF,False,
java.util.ArrayList.getFirst(),java.util.ArrayList,getFirst,ArrayList.java,,SIDE_EFFECTING,False,Both Side-Effecting,Both Side-Effecting,False,loaded object 'callee: load elementData from parameter this' escapes to global scope
java.util.ArrayList.getLast(),java.util.ArrayList,getLast,ArrayList.java,,SIDE_EFFECTING,False,Both Side-Effecting,Both Side-Effecting,False,loaded object 'callee: load elementData from parameter this' escapes to global scope
java.util.ArrayList.grow(),java.util.ArrayList,grow,ArrayList.java,,SIDE_EFFECTING,False,Both Side-Effecting,Both Side-Effecting,False,mutates this via field elementData
java.util.ArrayList.grow(int),java.util.ArrayList,grow,ArrayList.java,,SIDE_EFFECTING,False,Both Side-Effecting,Both Side-Effecting,False,mutates this via field elementData
java.util.ArrayList.hashCode(),java.util.ArrayList,hashCode,ArrayList.java,,SIDE_EFFECT_FREE,False,Unannotated Mismatch,Ours Only SEF,True,
"java.util.ArrayList.hashCodeRange(int,int)",java.util.ArrayList,hashCodeRange,ArrayList.java,,SIDE_EFFECT_FREE,False,Unannotated Mismatch,Ours Only SEF,True,
java.util.ArrayList.indexOf(java.lang.Object),java.util.ArrayList,indexOf,ArrayList.java,Pure,SIDE_EFFECT_FREE,True,Match,Both SEF,False,
"java.util.ArrayList.indexOfRange(java.lang.Object,int,int)",java.util.ArrayList,indexOfRange,ArrayList.java,,SIDE_EFFECT_FREE,False,Unannotated Mismatch,Ours Only SEF,True,
"java.util.ArrayList.isClear(long[],int)",java.util.ArrayList,isClear,ArrayList.java,,SIDE_EFFECT_FREE,False,Unannotated Mismatch,Ours Only SEF,True,
java.util.ArrayList.isEmpty(),java.util.ArrayList,isEmpty,ArrayList.java,Pure,SIDE_EFFECT_FREE,True,Match,Both SEF,False,
java.util.ArrayList.iterator(),java.util.ArrayList,iterator,ArrayList.java,SideEffectFree,SIDE_EFFECT_FREE,False,Match,Ours Only SEF,False,
java.util.ArrayList.lastIndexOf(java.lang.Object),java.util.ArrayList,lastIndexOf,ArrayList.java,Pure,SIDE_EFFECT_FREE,True,Match,Both SEF,False,
"java.util.ArrayList.lastIndexOfRange(java.lang.Object,int,int)",java.util.ArrayList,lastIndexOfRange,ArrayList.java,,SIDE_EFFECT_FREE,False,Unannotated Mismatch,Ours Only SEF,True,
java.util.ArrayList.listIterator(),java.util.ArrayList,listIterator,ArrayList.java,,SIDE_EFFECT_FREE,False,Unannotated Mismatch,Ours Only SEF,True,
java.util.ArrayList.listIterator(int),java.util.ArrayList,listIterator,ArrayList.java,,SIDE_EFFECTING,False,Both Side-Effecting,Both Side-Effecting,False,this escapes to global scope
java.util.ArrayList.nBits(int),java.util.ArrayList,nBits,ArrayList.java,,SIDE_EFFECT_FREE,False,Unannotated Mismatch,Ours Only SEF,True,
java.util.ArrayList.rangeCheckForAdd(int),java.util.ArrayList,rangeCheckForAdd,ArrayList.java,,SIDE_EFFECTING,False,Both Side-Effecting,Both Side-Effecting,False,this escapes to global scope
java.util.ArrayList.remove(int),java.util.ArrayList,remove,ArrayList.java,,SIDE_EFFECTING,False,Both Side-Effecting,Both Side-Effecting,False,mutates this via field modCount; mutates this via field size; loaded object 'load elementData from parameter this' escapes to global scope ... (+1 more)
java.util.ArrayList.remove(java.lang.Object),java.util.ArrayList,remove,ArrayList.java,,SIDE_EFFECTING,False,Both Side-Effecting,Both Side-Effecting,False,mutates this via field modCount; mutates this via field size; loaded object 'load elementData from parameter this' escapes to global scope ... (+1 more)
java.util.ArrayList.removeAll(java.util.Collection),java.util.ArrayList,removeAll,ArrayList.java,,SIDE_EFFECTING,False,Both Side-Effecting,Both Side-Effecting,False,mutates this via field modCount; mutates this via field size; loaded object 'callee: load elementData from parameter this' escapes to global scope ... (+1 more)
java.util.ArrayList.removeFirst(),java.util.ArrayList,removeFirst,ArrayList.java,,SIDE_EFFECTING,False,Both Side-Effecting,Both Side-Effecting,False,mutates this via field modCount; mutates this via field size; loaded object 'load elementData from parameter this' escapes to global scope ... (+1 more)
java.util.ArrayList.removeIf(java.util.function.Predicate),java.util.ArrayList,removeIf,ArrayList.java,,SIDE_EFFECTING,False,Both Side-Effecting,Both Side-Effecting,False,mutates this via field modCount; mutates this via field size; Predicate parameter escapes to global scope ... (+2 more)
java.util.ArrayList.removeLast(),java.util.ArrayList,removeLast,ArrayList.java,,SIDE_EFFECTING,False,Both Side-Effecting,Both Side-Effecting,False,mutates this via field modCount; mutates this via field size; loaded object 'load elementData from parameter this' escapes to global scope ... (+1 more)
"java.util.ArrayList.removeRange(int,int)",java.util.ArrayList,removeRange,ArrayList.java,,SIDE_EFFECTING,False,Both Side-Effecting,Both Side-Effecting,False,mutates this via field modCount; mutates this via field size; loaded object 'load elementData from parameter this' escapes to global scope ... (+1 more)
java.util.ArrayList.replaceAll(java.util.function.UnaryOperator),java.util.ArrayList,replaceAll,ArrayList.java,,SIDE_EFFECTING,False,Both Side-Effecting,Both Side-Effecting,False,mutates this via field modCount; UnaryOperator parameter escapes to global scope; mutates loaded object 'callee: load elementData from parameter this' via field array element
"java.util.ArrayList.replaceAllRange(java.util.function.UnaryOperator,int,int)",java.util.ArrayList,replaceAllRange,ArrayList.java,,SIDE_EFFECTING,False,Both Side-Effecting,Both Side-Effecting,False,UnaryOperator parameter escapes to global scope; mutates loaded object 'load elementData from parameter this' via field array element
java.util.ArrayList.retainAll(java.util.Collection),java.util.ArrayList,retainAll,ArrayList.java,,SIDE_EFFECTING,False,Both Side-Effecting,Both Side-Effecting,False,mutates this via field modCount; mutates this via field size; loaded object 'callee: load elementData from parameter this' escapes to global scope ... (+1 more)
"java.util.ArrayList.set(int,java.lang.Object)",java.util.ArrayList,set,ArrayList.java,,SIDE_EFFECTING,False,Both Side-Effecting,Both Side-Effecting,False,mutates loaded object 'callee: load elementData from parameter this' via field array element
"java.util.ArrayList.setBit(long[],int)",java.util.ArrayList,setBit,ArrayList.java,,SIDE_EFFECTING,False,Both Side-Effecting,Both Side-Effecting,False,mutates long[] parameter via field array element
"java.util.ArrayList.shiftTailOverGap(java.lang.Object[],int,int)",java.util.ArrayList,shiftTailOverGap,ArrayList.java,,SIDE_EFFECTING,False,Both Side-Effecting,Both Side-Effecting,False,mutates this via field size; Object[] parameter escapes to global scope; mutates Object[] parameter via field array element
java.util.ArrayList.size(),java.util.ArrayList,size,ArrayList.java,Pure,SIDE_EFFECT_FREE,True,Match,Both SEF,False,
java.util.ArrayList.sort(java.util.Comparator),java.util.ArrayList,sort,ArrayList.java,,SIDE_EFFECTING,False,Both Side-Effecting,Both Side-Effecting,False,mutates this via field modCount; Comparator parameter escapes to global scope; loaded object 'load elementData from parameter this' escapes to global scope
java.util.ArrayList.spliterator(),java.util.ArrayList,spliterator,ArrayList.java,SideEffectFree,SIDE_EFFECT_FREE,False,Match,Ours Only SEF,False,
"java.util.ArrayList.subList(int,int)",java.util.ArrayList,subList,ArrayList.java,,SIDE_EFFECT_FREE,False,Unannotated Mismatch,Ours Only SEF,True,
java.util.ArrayList.toArray(),java.util.ArrayList,toArray,ArrayList.java,SideEffectFree,SIDE_EFFECT_FREE,False,Match,Ours Only SEF,False,
java.util.ArrayList.toArray(java.lang.Object[]),java.util.ArrayList,toArray,ArrayList.java,SideEffectFree,SIDE_EFFECTING,False,Annotated Mismatch,Both Side-Effecting,False,Object[] parameter escapes to global scope; mutates Object[] parameter via field array element; loaded object 'load elementData from parameter this' escapes to global scope
java.util.ArrayList.trimToSize(),java.util.ArrayList,trimToSize,ArrayList.java,,SIDE_EFFECTING,False,Both Side-Effecting,Both Side-Effecting,False,mutates this via field elementData; mutates this via field modCount
java.util.Arrays$ArrayList.<init>(java.lang.Object[]),java.util.Arrays$ArrayList,<init>,Arrays.java,,SIDE_EFFECT_FREE,False,Unannotated Mismatch,Ours Only SEF,True,
java.util.Arrays.<init>(),java.util.Arrays,<init>,Arrays.java,,SIDE_EFFECT_FREE,False,Unannotated Mismatch,Ours Only SEF,True,
java.util.Arrays.asList(java.lang.Object[]),java.util.Arrays,asList,Arrays.java,SideEffectFree,SIDE_EFFECT_FREE,False,Match,Ours Only SEF,False,
"java.util.Arrays.binarySearch(byte[],byte)",java.util.Arrays,binarySearch,Arrays.java,,SIDE_EFFECT_FREE,False,Unannotated Mismatch,Ours Only SEF,True,
"java.util.Arrays.binarySearch(byte[],int,int,byte)",java.util.Arrays,binarySearch,Arrays.java,,SIDE_EFFECTING,False,Both Side-Effecting,Both Side-Effecting,False,writes to static field unknown
"java.util.Arrays.binarySearch(char[],char)",java.util.Arrays,binarySearch,Arrays.java,,SIDE_EFFECT_FREE,False,Unannotated Mismatch,Ours Only SEF,True,
"java.util.Arrays.binarySearch(char[],int,int,char)",java.util.Arrays,binarySearch,Arrays.java,,SIDE_EFFECTING,False,Both Side-Effecting,Both Side-Effecting,False,writes to static field unknown
"java.util.Arrays.binarySearch(double[],double)",java.util.Arrays,binarySearch,Arrays.java,,SIDE_EFFECT_FREE,False,Unannotated Mismatch,Ours Only SEF,True,
"java.util.Arrays.binarySearch(float[],float)",java.util.Arrays,binarySearch,Arrays.java,,SIDE_EFFECT_FREE,False,Unannotated Mismatch,Ours Only SEF,True,
"java.util.Arrays.binarySearch(int[],int)",java.util.Arrays,binarySearch,Arrays.java,,SIDE_EFFECT_FREE,False,Unannotated Mismatch,Ours Only SEF,True,
"java.util.Arrays.binarySearch(int[],int,int,int)",java.util.Arrays,binarySearch,Arrays.java,,SIDE_EFFECTING,False,Both Side-Effecting,Both Side-Effecting,False,writes to static field unknown
"java.util.Arrays.binarySearch(java.lang.Object[],int,int,java.lang.Object)",java.util.Arrays,binarySearch,Arrays.java,,SIDE_EFFECTING,False,Both Side-Effecting,Both Side-Effecting,False,writes to static field unknown; Object parameter escapes to global scope
"java.util.Arrays.binarySearch(java.lang.Object[],int,int,java.lang.Object,java.util.Comparator)",java.util.Arrays,binarySearch,Arrays.java,,SIDE_EFFECTING,False,Both Side-Effecting,Both Side-Effecting,False,writes to static field unknown; Object parameter escapes to global scope; Comparator parameter escapes to global scope
"java.util.Arrays.binarySearch(java.lang.Object[],java.lang.Object)",java.util.Arrays,binarySearch,Arrays.java,,SIDE_EFFECTING,False,Both Side-Effecting,Both Side-Effecting,False,Object parameter escapes to global scope
"java.util.Arrays.binarySearch(java.lang.Object[],java.lang.Object,java.util.Comparator)",java.util.Arrays,binarySearch,Arrays.java,,SIDE_EFFECTING,False,Both Side-Effecting,Both Side-Effecting,False,Object parameter escapes to global scope; Comparator parameter escapes to global scope
"java.util.Arrays.binarySearch(long[],long)",java.util.Arrays,binarySearch,Arrays.java,,SIDE_EFFECT_FREE,False,Unannotated Mismatch,Ours Only SEF,True,
"java.util.Arrays.binarySearch(short[],short)",java.util.Arrays,binarySearch,Arrays.java,,SIDE_EFFECT_FREE,False,Unannotated Mismatch,Ours Only SEF,True,
"java.util.Arrays.binarySearch0(byte[],int,int,byte)",java.util.Arrays,binarySearch0,Arrays.java,,SIDE_EFFECT_FREE,False,Unannotated Mismatch,Ours Only SEF,True,
"java.util.Arrays.binarySearch0(char[],int,int,char)",java.util.Arrays,binarySearch0,Arrays.java,,SIDE_EFFECT_FREE,False,Unannotated Mismatch,Ours Only SEF,True,
"java.util.Arrays.binarySearch0(double[],int,int,double)",java.util.Arrays,binarySearch0,Arrays.java,,SIDE_EFFECT_FREE,False,Unannotated Mismatch,Ours Only SEF,True,
"java.util.Arrays.binarySearch0(float[],int,int,float)",java.util.Arrays,binarySearch0,Arrays.java,,SIDE_EFFECT_FREE,False,Unannotated Mismatch,Ours Only SEF,True,
"java.util.Arrays.binarySearch0(int[],int,int,int)",java.util.Arrays,binarySearch0,Arrays.java,,SIDE_EFFECT_FREE,False,Unannotated Mismatch,Ours Only SEF,True,
"java.util.Arrays.binarySearch0(java.lang.Object[],int,int,java.lang.Object)",java.util.Arrays,binarySearch0,Arrays.java,,SIDE_EFFECTING,False,Both Side-Effecting,Both Side-Effecting,False,Object parameter escapes to global scope
"java.util.Arrays.binarySearch0(java.lang.Object[],int,int,java.lang.Object,java.util.Comparator)",java.util.Arrays,binarySearch0,Arrays.java,,SIDE_EFFECTING,False,Both Side-Effecting,Both Side-Effecting,False,Object parameter escapes to global scope; Comparator parameter escapes to global scope
"java.util.Arrays.binarySearch0(long[],int,int,long)",java.util.Arrays,binarySearch0,Arrays.java,,SIDE_EFFECT_FREE,False,Unannotated Mismatch,Ours Only SEF,True,
"java.util.Arrays.binarySearch0(short[],int,int,short)",java.util.Arrays,binarySearch0,Arrays.java,,SIDE_EFFECT_FREE,False,Unannotated Mismatch,Ours Only SEF,True,
"java.util.Arrays.checkLength(int,int)",java.util.Arrays,checkLength,Arrays.java,,SIDE_EFFECTING,False,Both Side-Effecting,Both Side-Effecting,False,writes to static field unknown
"java.util.Arrays.compare(boolean[],boolean[])",java.util.Arrays,compare,Arrays.java,,SIDE_EFFECTING,False,Both Side-Effecting,Both Side-Effecting,False,boolean[] parameter escapes to global scope; boolean[] parameter escapes to global scope
"java.util.Arrays.compare(byte[],byte[])",java.util.Arrays,compare,Arrays.java,,SIDE_EFFECTING,False,Both Side-Effecting,Both Side-Effecting,False,byte[] parameter escapes to global scope; byte[] parameter escapes to global scope
"java.util.Arrays.compare(char[],char[])",java.util.Arrays,compare,Arrays.java,,SIDE_EFFECTING,False,Both Side-Effecting,Both Side-Effecting,False,char[] parameter escapes to global scope; char[] parameter escapes to global scope
"java.util.Arrays.compare(double[],double[])",java.util.Arrays,compare,Arrays.java,,SIDE_EFFECTING,False,Both Side-Effecting,Both Side-Effecting,False,double[] parameter escapes to global scope; double[] parameter escapes to global scope
"java.util.Arrays.compare(double[],int,int,double[],int,int)",java.util.Arrays,compare,Arrays.java,,SIDE_EFFECTING,False,Both Side-Effecting,Both Side-Effecting,False,writes to static field unknown; double[] parameter escapes to global scope; double[] parameter escapes to global scope
"java.util.Arrays.compare(float[],float[])",java.util.Arrays,compare,Arrays.java,,SIDE_EFFECTING,False,Both Side-Effecting,Both Side-Effecting,False,float[] parameter escapes to global scope; float[] parameter escapes to global scope
"java.util.Arrays.compare(float[],int,int,float[],int,int)",java.util.Arrays,compare,Arrays.java,,SIDE_EFFECTING,False,Both Side-Effecting,Both Side-Effecting,False,writes to static field unknown; float[] parameter escapes to global scope; float[] parameter escapes to global scope
"java.util.Arrays.compare(int[],int[])",java.util.Arrays,compare,Arrays.java,,SIDE_EFFECTING,False,Both Side-Effecting,Both Side-Effecting,False,int[] parameter escapes to global scope; int[] parameter escapes to global scope
"java.util.Arrays.compare(java.lang.Object[],int,int,java.lang.Object[],int,int,java.util.Comparator)",java.util.Arrays,compare,Arrays.java,,SIDE_EFFECTING,False,Both Side-Effecting,Both Side-Effecting,False,writes to static field unknown; Comparator parameter escapes to global scope
"java.util.Arrays.compare(java.lang.Object[],java.lang.Object[],java.util.Comparator)",java.util.Arrays,compare,Arrays.java,,SIDE_EFFECTING,False,Both Side-Effecting,Both Side-Effecting,False,Comparator parameter escapes to global scope
"java.util.Arrays.compare(long[],int,int,long[],int,int)",java.util.Arrays,compare,Arrays.java,,SIDE_EFFECTING,False,Both Side-Effecting,Both Side-Effecting,False,writes to static field unknown; long[] parameter escapes to global scope; long[] parameter escapes to global scope
"java.util.Arrays.compare(long[],long[])",java.util.Arrays,compare,Arrays.java,,SIDE_EFFECTING,False,Both Side-Effecting,Both Side-Effecting,False,long[] parameter escapes to global scope; long[] parameter escapes to global scope
"java.util.Arrays.compare(short[],short[])",java.util.Arrays,compare,Arrays.java,,SIDE_EFFECTING,False,Both Side-Effecting,Both Side-Effecting,False,short[] parameter escapes to global scope; short[] parameter escapes to global scope
"java.util.Arrays.compareUnsigned(byte[],byte[])",java.util.Arrays,compareUnsigned,Arrays.java,,SIDE_EFFECTING,False,Both Side-Effecting,Both Side-Effecting,False,byte[] parameter escapes to global scope; byte[] parameter escapes to global scope
"java.util.Arrays.compareUnsigned(int[],int[])",java.util.Arrays,compareUnsigned,Arrays.java,,SIDE_EFFECTING,False,Both Side-Effecting,Both Side-Effecting,False,int[] parameter escapes to global scope; int[] parameter escapes to global scope
"java.util.Arrays.compareUnsigned(long[],long[])",java.util.Arrays,compareUnsigned,Arrays.java,,SIDE_EFFECTING,False,Both Side-Effecting,Both Side-Effecting,False,long[] parameter escapes to global scope; long[] parameter escapes to global scope
"java.util.Arrays.compareUnsigned(short[],int,int,short[],int,int)",java.util.Arrays,compareUnsigned,Arrays.java,,SIDE_EFFECTING,False,Both Side-Effecting,Both Side-Effecting,False,writes to static field unknown; short[] parameter escapes to global scope; short[] parameter escapes to global scope
"java.util.Arrays.compareUnsigned(short[],short[])",java.util.Arrays,compareUnsigned,Arrays.java,,SIDE_EFFECTING,False,Both Side-Effecting,Both Side-Effecting,False,short[] parameter escapes to global scope; short[] parameter escapes to global scope
"java.util.Arrays.copyOf(boolean[],int)",java.util.Arrays,copyOf,Arrays.java,SideEffectFree,SIDE_EFFECTING,False,Annotated Mismatch,Both Side-Effecting,False,boolean[] parameter escapes to global scope
"java.util.Arrays.copyOf(byte[],int)",java.util.Arrays,copyOf,Arrays.java,SideEffectFree,SIDE_EFFECTING,False,Annotated Mismatch,Both Side-Effecting,False,byte[] parameter escapes to global scope
"java.util.Arrays.copyOf(char[],int)",java.util.Arrays,copyOf,Arrays.java,SideEffectFree,SIDE_EFFECTING,False,Annotated Mismatch,Both Side-Effecting,False,char[] parameter escapes to global scope
"java.util.Arrays.copyOf(double[],int)",java.util.Arrays,copyOf,Arrays.java,SideEffectFree,SIDE_EFFECTING,False,Annotated Mismatch,Both Side-Effecting,False,double[] parameter escapes to global scope
"java.util.Arrays.copyOf(float[],int)",java.util.Arrays,copyOf,Arrays.java,SideEffectFree,SIDE_EFFECTING,False,Annotated Mismatch,Both Side-Effecting,False,float[] parameter escapes to global scope
"java.util.Arrays.copyOf(int[],int)",java.util.Arrays,copyOf,Arrays.java,SideEffectFree,SIDE_EFFECTING,False,Annotated Mismatch,Both Side-Effecting,False,int[] parameter escapes to global scope
"java.util.Arrays.copyOf(java.lang.Object[],int)",java.util.Arrays,copyOf,Arrays.java,SideEffectFree,SIDE_EFFECT_FREE,False,Match,Ours Only SEF,False,
"java.util.Arrays.copyOf(java.lang.Object[],int,java.lang.Class)",java.util.Arrays,copyOf,Arrays.java,SideEffectFree,SIDE_EFFECTING,False,Annotated Mismatch,Both Side-Effecting,False,Object[] parameter escapes to global scope; Class parameter escapes to global scope; loaded object 'callee: load componentType from parameter this' escapes to global scope
"java.util.Arrays.copyOf(long[],int)",java.util.Arrays,copyOf,Arrays.java,SideEffectFree,SIDE_EFFECTING,False,Annotated Mismatch,Both Side-Effecting,False,long[] parameter escapes to global scope
"java.util.Arrays.copyOf(short[],int)",java.util.Arrays,copyOf,Arrays.java,SideEffectFree,SIDE_EFFECTING,False,Annotated Mismatch,Both Side-Effecting,False,short[] parameter escapes to global scope
"java.util.Arrays.copyOfRange(boolean[],int,int)",java.util.Arrays,copyOfRange,Arrays.java,SideEffectFree,SIDE_EFFECTING,False,Annotated Mismatch,Both Side-Effecting,False,writes to static field unknown; boolean[] parameter escapes to global scope
"java.util.Arrays.copyOfRange(byte[],int,int)",java.util.Arrays,copyOfRange,Arrays.java,SideEffectFree,SIDE_EFFECTING,False,Annotated Mismatch,Both Side-Effecting,False,writes to static field unknown; byte[] parameter escapes to global scope
"java.util.Arrays.copyOfRange(char[],int,int)",java.util.Arrays,copyOfRange,Arrays.java,SideEffectFree,SIDE_EFFECTING,False,Annotated Mismatch,Both Side-Effecting,False,writes to static field unknown; char[] parameter escapes to global scope
"java.util.Arrays.copyOfRange(double[],int,int)",java.util.Arrays,copyOfRange,Arrays.java,SideEffectFree,SIDE_EFFECTING,False,Annotated Mismatch,Both Side-Effecting,False,writes to static field unknown; double[] parameter escapes to global scope
"java.util.Arrays.copyOfRange(float[],int,int)",java.util.Arrays,copyOfRange,Arrays.java,SideEffectFree,SIDE_EFFECTING,False,Annotated Mismatch,Both Side-Effecting,False,writes to static field unknown; float[] parameter escapes to global scope
"java.util.Arrays.copyOfRange(java.lang.Object[],int,int)",java.util.Arrays,copyOfRange,Arrays.java,SideEffectFree,SIDE_EFFECTING,False,Annotated Mismatch,Both Side-Effecting,False,writes to static field unknown; Object[] parameter escapes to global scope
"java.util.Arrays.copyOfRange(java.lang.Object[],int,int,java.lang.Class)",java.util.Arrays,copyOfRange,Arrays.java,SideEffectFree,SIDE_EFFECTING,False,Annotated Mismatch,Both Side-Effecting,False,writes to static field unknown; Object[] parameter escapes to global scope; Class parameter escapes to global scope ... (+2 more)
"java.util.Arrays.copyOfRange(long[],int,int)",java.util.Arrays,copyOfRange,Arrays.java,SideEffectFree,SIDE_EFFECTING,False,Annotated Mismatch,Both Side-Effecting,False,long[] parameter escapes to global scope
"java.util.Arrays.copyOfRange(short[],int,int)",java.util.Arrays,copyOfRange,Arrays.java,SideEffectFree,SIDE_EFFECTING,False,Annotated Mismatch,Both Side-Effecting,False,writes to static field unknown; short[] parameter escapes to global scope
"java.util.Arrays.copyOfRangeBoolean(boolean[],int,int)",java.util.Arrays,copyOfRangeBoolean,Arrays.java,,SIDE_EFFECTING,False,Both Side-Effecting,Both Side-Effecting,False,writes to static field unknown; boolean[] parameter escapes to global scope
"java.util.Arrays.copyOfRangeByte(byte[],int,int)",java.util.Arrays,copyOfRangeByte,Arrays.java,,SIDE_EFFECTING,False,Both Side-Effecting,Both Side-Effecting,False,writes to static field unknown; byte[] parameter escapes to global scope
"java.util.Arrays.copyOfRangeChar(char[],int,int)",java.util.Arrays,copyOfRangeChar,Arrays.java,,SIDE_EFFECTING,False,Both Side-Effecting,Both Side-Effecting,False,writes to static field unknown; char[] parameter escapes to global scope
"java.util.Arrays.copyOfRangeDouble(double[],int,int)",java.util.Arrays,copyOfRangeDouble,Arrays.java,,SIDE_EFFECTING,False,Both Side-Effecting,Both Side-Effecting,False,writes to static field unknown; double[] parameter escapes to global scope
"java.util.Arrays.copyOfRangeFloat(float[],int,int)",java.util.Arrays,copyOfRangeFloat,Arrays.java,,SIDE_EFFECTING,False,Both Side-Effecting,Both Side-Effecting,False,writes to static field unknown; float[] parameter escapes to global scope
"java.util.Arrays.copyOfRangeInt(int[],int,int)",java.util.Arrays,copyOfRangeInt,Arrays.java,,SIDE_EFFECTING,False,Both Side-Effecting,Both Side-Effecting,False,writes to static field unknown; int[] parameter escapes to global scope
"java.util.Arrays.copyOfRangeShort(short[],int,int)",java.util.Arrays,copyOfRangeShort,Arrays.java,,SIDE_EFFECTING,False,Both Side-Effecting,Both Side-Effecting,False,writes to static field unknown; short[] parameter escapes to global scope
"java.util.Arrays.deepEquals(java.lang.Object[],java.lang.Object[])",java.util.Arrays,deepEquals,Arrays.java,Pure,SIDE_EFFECT_FREE,False,Match,Ours Only SEF,False,
"java.util.Arrays.deepEquals0(java.lang.Object,java.lang.Object)",java.util.Arrays,deepEquals0,Arrays.java,,SIDE_EFFECTING,False,Both Side-Effecting,Both Side-Effecting,False,Object parameter escapes to global scope; Object parameter escapes to global scope
java.util.Arrays.deepHashCode(java.lang.Object[]),java.util.Arrays,deepHashCode,Arrays.java,Pure,SIDE_EFFECT_FREE,True,Match,Both SEF,False,
java.util.Arrays.deepToString(java.lang.Object[]),java.util.Arrays,deepToString,Arrays.java,SideEffectFree,SIDE_EFFECTING,True,Annotated Mismatch,Randoop Only SEF,False,Object[] parameter escapes to global scope
"java.util.Arrays.equals(boolean[],boolean[])",java.util.Arrays,equals,Arrays.java,Pure,SIDE_EFFECTING,False,Annotated Mismatch,Both Side-Effecting,False,boolean[] parameter escapes to global scope; boolean[] parameter escapes to global scope
"java.util.Arrays.equals(byte[],byte[])",java.util.Arrays,equals,Arrays.java,Pure,SIDE_EFFECTING,False,Annotated Mismatch,Both Side-Effecting,False,byte[] parameter escapes to global scope; byte[] parameter escapes to global scope
"java.util.Arrays.equals(byte[],int,int,byte[],int,int)",java.util.Arrays,equals,Arrays.java,,SIDE_EFFECTING,False,Both Side-Effecting,Both Side-Effecting,False,writes to static field unknown; byte[] parameter escapes to global scope; byte[] parameter escapes to global scope
"java.util.Arrays.equals(char[],char[])",java.util.Arrays,equals,Arrays.java,Pure,SIDE_EFFECTING,False,Annotated Mismatch,Both Side-Effecting,False,char[] parameter escapes to global scope; char[] parameter escapes to global scope
"java.util.Arrays.equals(double[],double[])",java.util.Arrays,equals,Arrays.java,Pure,SIDE_EFFECTING,False,Annotated Mismatch,Both Side-Effecting,False,double[] parameter escapes to global scope; double[] parameter escapes to global scope
"java.util.Arrays.equals(float[],float[])",java.util.Arrays,equals,Arrays.java,Pure,SIDE_EFFECTING,False,Annotated Mismatch,Both Side-Effecting,False,float[] parameter escapes to global scope; float[] parameter escapes to global scope
"java.util.Arrays.equals(float[],int,int,float[],int,int)",java.util.Arrays,equals,Arrays.java,,SIDE_EFFECTING,False,Both Side-Effecting,Both Side-Effecting,False,writes to static field unknown; float[] parameter escapes to global scope; float[] parameter escapes to global scope
"java.util.Arrays.equals(int[],int[])",java.util.Arrays,equals,Arrays.java,Pure,SIDE_EFFECTING,False,Annotated Mismatch,Both Side-Effecting,False,int[] parameter escapes to global scope; int[] parameter escapes to global scope
"java.util.Arrays.equals(java.lang.Object[],java.lang.Object[])",java.util.Arrays,equals,Arrays.java,Pure,SIDE_EFFECT_FREE,False,Match,Ours Only SEF,False,
"java.util.Arrays.equals(java.lang.Object[],java.lang.Object[],java.util.Comparator)",java.util.Arrays,equals,Arrays.java,,SIDE_EFFECTING,False,Both Side-Effecting,Both Side-Effecting,False,Comparator parameter escapes to global scope
"java.util.Arrays.equals(long[],int,int,long[],int,int)",java.util.Arrays,equals,Arrays.java,,SIDE_EFFECTING,False,Both Side-Effecting,Both Side-Effecting,False,writes to static field unknown; long[] parameter escapes to global scope; long[] parameter escapes to global scope
"java.util.Arrays.equals(long[],long[])",java.util.Arrays,equals,Arrays.java,Pure,SIDE_EFFECTING,False,Annotated Mismatch,Both Side-Effecting,False,long[] parameter escapes to global scope; long[] parameter escapes to global scope
"java.util.Arrays.equals(short[],short[])",java.util.Arrays,equals,Arrays.java,Pure,SIDE_EFFECTING,False,Annotated Mismatch,Both Side-Effecting,False,short[] parameter escapes to global scope; short[] parameter escapes to global scope
"java.util.Arrays.fill(boolean[],boolean)",java.util.Arrays,fill,Arrays.java,,SIDE_EFFECTING,False,Both Side-Effecting,Both Side-Effecting,False,mutates boolean[] parameter via field array element
"java.util.Arrays.fill(byte[],byte)",java.util.Arrays,fill,Arrays.java,,SIDE_EFFECTING,False,Both Side-Effecting,Both Side-Effecting,False,mutates byte[] parameter via field array element
"java.util.Arrays.fill(byte[],int,int,byte)",java.util.Arrays,fill,Arrays.java,,SIDE_EFFECTING,False,Both Side-Effecting,Both Side-Effecting,False,writes to static field unknown; mutates byte[] parameter via field array element
"java.util.Arrays.fill(char[],char)",java.util.Arrays,fill,Arrays.java,,SIDE_EFFECTING,False,Both Side-Effecting,Both Side-Effecting,False,mutates char[] parameter via field array element
"java.util.Arrays.fill(char[],int,int,char)",java.util.Arrays,fill,Arrays.java,,SIDE_EFFECTING,False,Both Side-Effecting,Both Side-Effecting,False,writes to static field unknown; mutates char[] parameter via field array element
"java.util.Arrays.fill(double[],double)",java.util.Arrays,fill,Arrays.java,,SIDE_EFFECTING,False,Both Side-Effecting,Both Side-Effecting,False,mutates double[] parameter via field array element
"java.util.Arrays.fill(double[],int,int,double)",java.util.Arrays,fill,Arrays.java,,SIDE_EFFECTING,False,Both Side-Effecting,Both Side-Effecting,False,writes to static field unknown; mutates double[] parameter via field array element
"java.util.Arrays.fill(float[],float)",java.util.Arrays,fill,Arrays.java,,SIDE_EFFECTING,False,Both Side-Effecting,Both Side-Effecting,False,mutates float[] parameter via field array element
"java.util.Arrays.fill(float[],int,int,float)",java.util.Arrays,fill,Arrays.java,,SIDE_EFFECTING,False,Both Side-Effecting,Both Side-Effecting,False,writes to static field unknown; mutates float[] parameter via field array element
"java.util.Arrays.fill(int[],int)",java.util.Arrays,fill,Arrays.java,,SIDE_EFFECTING,False,Both Side-Effecting,Both Side-Effecting,False,mutates int[] parameter via field array element
"java.util.Arrays.fill(int[],int,int,int)",java.util.Arrays,fill,Arrays.java,,SIDE_EFFECTING,False,Both Side-Effecting,Both Side-Effecting,False,writes to static field unknown; mutates int[] parameter via field array element
"java.util.Arrays.fill(java.lang.Object[],int,int,java.lang.Object)",java.util.Arrays,fill,Arrays.java,,SIDE_EFFECTING,False,Both Side-Effecting,Both Side-Effecting,False,writes to static field unknown; mutates Object[] parameter via field array element
"java.util.Arrays.fill(java.lang.Object[],java.lang.Object)",java.util.Arrays,fill,Arrays.java,,SIDE_EFFECTING,False,Both Side-Effecting,Both Side-Effecting,False,mutates Object[] parameter via field array element
"java.util.Arrays.fill(long[],long)",java.util.Arrays,fill,Arrays.java,,SIDE_EFFECTING,False,Both Side-Effecting,Both Side-Effecting,False,mutates long[] parameter via field array element
"java.util.Arrays.fill(short[],int,int,short)",java.util.Arrays,fill,Arrays.java,,SIDE_EFFECTING,False,Both Side-Effecting,Both Side-Effecting,False,writes to static field unknown; mutates short[] parameter via field array element
"java.util.Arrays.fill(short[],short)",java.util.Arrays,fill,Arrays.java,,SIDE_EFFECTING,False,Both Side-Effecting,Both Side-Effecting,False,mutates short[] parameter via field array element
java.util.Arrays.hashCode(boolean[]),java.util.Arrays,hashCode,Arrays.java,Pure,SIDE_EFFECT_FREE,True,Match,Both SEF,False,
java.util.Arrays.hashCode(byte[]),java.util.Arrays,hashCode,Arrays.java,Pure,SIDE_EFFECTING,True,Annotated Mismatch,Randoop Only SEF,False,byte[] parameter escapes to global scope
java.util.Arrays.hashCode(char[]),java.util.Arrays,hashCode,Arrays.java,Pure,SIDE_EFFECTING,True,Annotated Mismatch,Randoop Only SEF,False,char[] parameter escapes to global scope
java.util.Arrays.hashCode(double[]),java.util.Arrays,hashCode,Arrays.java,Pure,SIDE_EFFECT_FREE,True,Match,Both SEF,False,
java.util.Arrays.hashCode(float[]),java.util.Arrays,hashCode,Arrays.java,Pure,SIDE_EFFECT_FREE,True,Match,Both SEF,False,
java.util.Arrays.hashCode(int[]),java.util.Arrays,hashCode,Arrays.java,Pure,SIDE_EFFECTING,True,Annotated Mismatch,Randoop Only SEF,False,int[] parameter escapes to global scope
java.util.Arrays.hashCode(java.lang.Object[]),java.util.Arrays,hashCode,Arrays.java,Pure,SIDE_EFFECT_FREE,True,Match,Both SEF,False,
java.util.Arrays.hashCode(long[]),java.util.Arrays,hashCode,Arrays.java,Pure,SIDE_EFFECT_FREE,True,Match,Both SEF,False,
java.util.Arrays.hashCode(short[]),java.util.Arrays,hashCode,Arrays.java,Pure,SIDE_EFFECTING,True,Annotated Mismatch,Randoop Only SEF,False,short[] parameter escapes to global scope
java.util.Arrays.legacyMergeSort(java.lang.Object[]),java.util.Arrays,legacyMergeSort,Arrays.java,,SIDE_EFFECTING,False,Both Side-Effecting,Both Side-Effecting,False,writes to static field unknown; Object[] parameter escapes to global scope; mutates Object[] parameter via field array element
"java.util.Arrays.legacyMergeSort(java.lang.Object[],int,int)",java.util.Arrays,legacyMergeSort,Arrays.java,,SIDE_EFFECTING,False,Both Side-Effecting,Both Side-Effecting,False,writes to static field unknown; Object[] parameter escapes to global scope; mutates Object[] parameter via field array element
"java.util.Arrays.legacyMergeSort(java.lang.Object[],int,int,java.util.Comparator)",java.util.Arrays,legacyMergeSort,Arrays.java,,SIDE_EFFECTING,False,Both Side-Effecting,Both Side-Effecting,False,writes to static field unknown; Object[] parameter escapes to global scope; mutates Object[] parameter via field array element ... (+1 more)
"java.util.Arrays.legacyMergeSort(java.lang.Object[],java.util.Comparator)",java.util.Arrays,legacyMergeSort,Arrays.java,,SIDE_EFFECTING,False,Both Side-Effecting,Both Side-Effecting,False,writes to static field unknown; Object[] parameter escapes to global scope; mutates Object[] parameter via field array element ... (+1 more)
"java.util.Arrays.mergeSort(java.lang.Object[],java.lang.Object[],int,int,int)",java.util.Arrays,mergeSort,Arrays.java,,SIDE_EFFECTING,False,Both Side-Effecting,Both Side-Effecting,False,Object[] parameter escapes to global scope; mutates Object[] parameter via field array element; Object[] parameter escapes to global scope ... (+1 more)
"java.util.Arrays.mergeSort(java.lang.Object[],java.lang.Object[],int,int,int,java.util.Comparator)",java.util.Arrays,mergeSort,Arrays.java,,SIDE_EFFECTING,False,Both Side-Effecting,Both Side-Effecting,False,Object[] parameter escapes to global scope; mutates Object[] parameter via field array element; Object[] parameter escapes to global scope ... (+2 more)
"java.util.Arrays.mismatch(boolean[],boolean[])",java.util.Arrays,mismatch,Arrays.java,,SIDE_EFFECTING,False,Both Side-Effecting,Both Side-Effecting,False,boolean[] parameter escapes to global scope; boolean[] parameter escapes to global scope
"java.util.Arrays.mismatch(boolean[],int,int,boolean[],int,int)",java.util.Arrays,mismatch,Arrays.java,,SIDE_EFFECTING,False,Both Side-Effecting,Both Side-Effecting,False,writes to static field unknown; boolean[] parameter escapes to global scope; boolean[] parameter escapes to global scope
"java.util.Arrays.mismatch(byte[],byte[])",java.util.Arrays,mismatch,Arrays.java,,SIDE_EFFECTING,False,Both Side-Effecting,Both Side-Effecting,False,byte[] parameter escapes to global scope; byte[] parameter escapes to global scope
"java.util.Arrays.mismatch(byte[],int,int,byte[],int,int)",java.util.Arrays,mismatch,Arrays.java,,SIDE_EFFECTING,False,Both Side-Effecting,Both Side-Effecting,False,writes to static field unknown; byte[] parameter escapes to global scope; byte[] parameter escapes to global scope
"java.util.Arrays.mismatch(char[],char[])",java.util.Arrays,mismatch,Arrays.java,,SIDE_EFFECTING,False,Both Side-Effecting,Both Side-Effecting,False,char[] parameter escapes to global scope; char[] parameter escapes to global scope
"java.util.Arrays.mismatch(double[],double[])",java.util.Arrays,mismatch,Arrays.java,,SIDE_EFFECTING,False,Both Side-Effecting,Both Side-Effecting,False,double[] parameter escapes to global scope; double[] parameter escapes to global scope
"java.util.Arrays.mismatch(float[],float[])",java.util.Arrays,mismatch,Arrays.java,,SIDE_EFFECTING,False,Both Side-Effecting,Both Side-Effecting,False,float[] parameter escapes to global scope; float[] parameter escapes to global scope
"java.util.Arrays.mismatch(float[],int,int,float[],int,int)",java.util.Arrays,mismatch,Arrays.java,,SIDE_EFFECTING,False,Both Side-Effecting,Both Side-Effecting,False,writes to static field unknown; float[] parameter escapes to global scope; float[] parameter escapes to global scope
"java.util.Arrays.mismatch(int[],int,int,int[],int,int)",java.util.Arrays,mismatch,Arrays.java,,SIDE_EFFECTING,False,Both Side-Effecting,Both Side-Effecting,False,writes to static field unknown; int[] parameter escapes to global scope; int[] parameter escapes to global scope
"java.util.Arrays.mismatch(int[],int[])",java.util.Arrays,mismatch,Arrays.java,,SIDE_EFFECTING,False,Both Side-Effecting,Both Side-Effecting,False,int[] parameter escapes to global scope; int[] parameter escapes to global scope
"java.util.Arrays.mismatch(java.lang.Object[],int,int,java.lang.Object[],int,int,java.util.Comparator)",java.util.Arrays,mismatch,Arrays.java,,SIDE_EFFECTING,False,Both Side-Effecting,Both Side-Effecting,False,writes to static field unknown; Comparator parameter escapes to global scope
"java.util.Arrays.mismatch(java.lang.Object[],java.lang.Object[])",java.util.Arrays,mismatch,Arrays.java,,SIDE_EFFECT_FREE,False,Unannotated Mismatch,Ours Only SEF,True,
"java.util.Arrays.mismatch(java.lang.Object[],java.lang.Object[],java.util.Comparator)",java.util.Arrays,mismatch,Arrays.java,,SIDE_EFFECTING,False,Both Side-Effecting,Both Side-Effecting,False,Comparator parameter escapes to global scope
"java.util.Arrays.mismatch(long[],int,int,long[],int,int)",java.util.Arrays,mismatch,Arrays.java,,SIDE_EFFECTING,False,Both Side-Effecting,Both Side-Effecting,False,writes to static field unknown; long[] parameter escapes to global scope; long[] parameter escapes to global scope
"java.util.Arrays.mismatch(long[],long[])",java.util.Arrays,mismatch,Arrays.java,,SIDE_EFFECTING,False,Both Side-Effecting,Both Side-Effecting,False,long[] parameter escapes to global scope; long[] parameter escapes to global scope
"java.util.Arrays.mismatch(short[],int,int,short[],int,int)",java.util.Arrays,mismatch,Arrays.java,,SIDE_EFFECTING,False,Both Side-Effecting,Both Side-Effecting,False,writes to static field unknown; short[] parameter escapes to global scope; short[] parameter escapes to global scope
"java.util.Arrays.mismatch(short[],short[])",java.util.Arrays,mismatch,Arrays.java,,SIDE_EFFECTING,False,Both Side-Effecting,Both Side-Effecting,False,short[] parameter escapes to global scope; short[] parameter escapes to global scope
"java.util.Arrays.parallelPrefix(double[],java.util.function.DoubleBinaryOperator)",java.util.Arrays,parallelPrefix,Arrays.java,,SIDE_EFFECTING,False,Both Side-Effecting,Both Side-Effecting,False,double[] parameter escapes to global scope; DoubleBinaryOperator parameter escapes to global scope
"java.util.Arrays.parallelPrefix(int[],java.util.function.IntBinaryOperator)",java.util.Arrays,parallelPrefix,Arrays.java,,SIDE_EFFECTING,False,Both Side-Effecting,Both Side-Effecting,False,int[] parameter escapes to global scope; IntBinaryOperator parameter escapes to global scope
"java.util.Arrays.parallelPrefix(java.lang.Object[],java.util.function.BinaryOperator)",java.util.Arrays,parallelPrefix,Arrays.java,,SIDE_EFFECTING,False,Both Side-Effecting,Both Side-Effecting,False,Object[] parameter escapes to global scope; BinaryOperator parameter escapes to global scope
"java.util.Arrays.parallelPrefix(long[],java.util.function.LongBinaryOperator)",java.util.Arrays,parallelPrefix,Arrays.java,,SIDE_EFFECTING,False,Both Side-Effecting,Both Side-Effecting,False,long[] parameter escapes to global scope; LongBinaryOperator parameter escapes to global scope
"java.util.Arrays.parallelSetAll(double[],java.util.function.IntToDoubleFunction)",java.util.Arrays,parallelSetAll,Arrays.java,,SIDE_EFFECTING,False,Both Side-Effecting,Both Side-Effecting,False,double[] parameter escapes to global scope; IntToDoubleFunction parameter escapes to global scope
"java.util.Arrays.parallelSetAll(int[],java.util.function.IntUnaryOperator)",java.util.Arrays,parallelSetAll,Arrays.java,,SIDE_EFFECTING,False,Both Side-Effecting,Both Side-Effecting,False,int[] parameter escapes to global scope; IntUnaryOperator parameter escapes to global scope
"java.util.Arrays.parallelSetAll(java.lang.Object[],java.util.function.IntFunction)",java.util.Arrays,parallelSetAll,Arrays.java,,SIDE_EFFECTING,False,Both Side-Effecting,Both Side-Effecting,False,Object[] parameter escapes to global scope; IntFunction parameter escapes to global scope
"java.util.Arrays.parallelSetAll(long[],java.util.function.IntToLongFunction)",java.util.Arrays,parallelSetAll,Arrays.java,,SIDE_EFFECTING,False,Both Side-Effecting,Both Side-Effecting,False,long[] parameter escapes to global scope; IntToLongFunction parameter escapes to global scope
java.util.Arrays.parallelSort(byte[]),java.util.Arrays,parallelSort,Arrays.java,,SIDE_EFFECTING,False,Both Side-Effecting,Both Side-Effecting,False,mutates byte[] parameter via field array element
java.util.Arrays.parallelSort(char[]),java.util.Arrays,parallelSort,Arrays.java,,SIDE_EFFECTING,False,Both Side-Effecting,Both Side-Effecting,False,char[] parameter escapes to global scope; mutates char[] parameter via field array element
java.util.Arrays.parallelSort(double[]),java.util.Arrays,parallelSort,Arrays.java,,SIDE_EFFECTING,False,Both Side-Effecting,Both Side-Effecting,False,writes to static field unknown; double[] parameter escapes to global scope; mutates double[] parameter via field array element
java.util.Arrays.parallelSort(float[]),java.util.Arrays,parallelSort,Arrays.java,,SIDE_EFFECTING,False,Both Side-Effecting,Both Side-Effecting,False,writes to static field unknown; float[] parameter escapes to global scope; mutates float[] parameter via field array element
java.util.Arrays.parallelSort(int[]),java.util.Arrays,parallelSort,Arrays.java,,SIDE_EFFECTING,False,Both Side-Effecting,Both Side-Effecting,False,writes to static field unknown; int[] parameter escapes to global scope; mutates int[] parameter via field array element
"java.util.Arrays.parallelSort(int[],int,int)",java.util.Arrays,parallelSort,Arrays.java,,SIDE_EFFECTING,False,Both Side-Effecting,Both Side-Effecting,False,writes to static field unknown; int[] parameter escapes to global scope; mutates int[] parameter via field array element
"java.util.Arrays.parallelSort(java.lang.Object[],int,int,java.util.Comparator)",java.util.Arrays,parallelSort,Arrays.java,,SIDE_EFFECTING,False,Both Side-Effecting,Both Side-Effecting,False,writes to static field unknown; Object[] parameter escapes to global scope; mutates Object[] parameter via field array element ... (+1 more)
"java.util.Arrays.parallelSort(java.lang.Object[],java.util.Comparator)",java.util.Arrays,parallelSort,Arrays.java,,SIDE_EFFECTING,False,Both Side-Effecting,Both Side-Effecting,False,Object[] parameter escapes to global scope; mutates Object[] parameter via field array element; Comparator parameter escapes to global scope
java.util.Arrays.parallelSort(long[]),java.util.Arrays,parallelSort,Arrays.java,,SIDE_EFFECTING,False,Both Side-Effecting,Both Side-Effecting,False,writes to static field unknown; long[] parameter escapes to global scope; mutates long[] parameter via field array element
java.util.Arrays.parallelSort(short[]),java.util.Arrays,parallelSort,Arrays.java,,SIDE_EFFECTING,False,Both Side-Effecting,Both Side-Effecting,False,short[] parameter escapes to global scope; mutates short[] parameter via field array element
"java.util.Arrays.primitiveArrayHashCode(java.lang.Object,java.lang.Class)",java.util.Arrays,primitiveArrayHashCode,Arrays.java,,SIDE_EFFECTING,False,Both Side-Effecting,Both Side-Effecting,False,Object parameter escapes to global scope
"java.util.Arrays.rangeCheck(int,int,int)",java.util.Arrays,rangeCheck,Arrays.java,,SIDE_EFFECTING,False,Both Side-Effecting,Both Side-Effecting,False,writes to static field unknown
"java.util.Arrays.setAll(double[],java.util.function.IntToDoubleFunction)",java.util.Arrays,setAll,Arrays.java,,SIDE_EFFECTING,False,Both Side-Effecting,Both Side-Effecting,False,mutates double[] parameter via field array element; IntToDoubleFunction parameter escapes to global scope
"java.util.Arrays.setAll(int[],java.util.function.IntUnaryOperator)",java.util.Arrays,setAll,Arrays.java,,SIDE_EFFECTING,False,Both Side-Effecting,Both Side-Effecting,False,mutates int[] parameter via field array element; IntUnaryOperator parameter escapes to global scope
"java.util.Arrays.setAll(java.lang.Object[],java.util.function.IntFunction)",java.util.Arrays,setAll,Arrays.java,,SIDE_EFFECTING,False,Both Side-Effecting,Both Side-Effecting,False,mutates Object[] parameter via field array element; IntFunction parameter escapes to global scope
"java.util.Arrays.setAll(long[],java.util.function.IntToLongFunction)",java.util.Arrays,setAll,Arrays.java,,SIDE_EFFECTING,False,Both Side-Effecting,Both Side-Effecting,False,mutates long[] parameter via field array element; IntToLongFunction parameter escapes to global scope
java.util.Arrays.sort(byte[]),java.util.Arrays,sort,Arrays.java,,SIDE_EFFECTING,False,Both Side-Effecting,Both Side-Effecting,False,mutates byte[] parameter via field array element
java.util.Arrays.sort(char[]),java.util.Arrays,sort,Arrays.java,,SIDE_EFFECTING,False,Both Side-Effecting,Both Side-Effecting,False,char[] parameter escapes to global scope; mutates char[] parameter via field array element
"java.util.Arrays.sort(char[],int,int)",java.util.Arrays,sort,Arrays.java,,SIDE_EFFECTING,False,Both Side-Effecting,Both Side-Effecting,False,writes to static field unknown; char[] parameter escapes to global scope; mutates char[] parameter via field array element
java.util.Arrays.sort(double[]),java.util.Arrays,sort,Arrays.java,,SIDE_EFFECTING,False,Both Side-Effecting,Both Side-Effecting,False,writes to static field unknown; double[] parameter escapes to global scope; mutates double[] parameter via field array element
java.util.Arrays.sort(float[]),java.util.Arrays,sort,Arrays.java,,SIDE_EFFECTING,False,Both Side-Effecting,Both Side-Effecting,False,writes to static field unknown; float[] parameter escapes to global scope; mutates float[] parameter via field array element
java.util.Arrays.sort(int[]),java.util.Arrays,sort,Arrays.java,,SIDE_EFFECTING,False,Both Side-Effecting,Both Side-Effecting,False,writes to static field unknown; int[] parameter escapes to global scope; mutates int[] parameter via field array element
"java.util.Arrays.sort(int[],int,int)",java.util.Arrays,sort,Arrays.java,,SIDE_EFFECTING,False,Both Side-Effecting,Both Side-Effecting,False,writes to static field unknown; int[] parameter escapes to global scope; mutates int[] parameter via field array element
java.util.Arrays.sort(java.lang.Object[]),java.util.Arrays,sort,Arrays.java,,SIDE_EFFECTING,False,Both Side-Effecting,Both Side-Effecting,False,writes to static field unknown; Object[] parameter escapes to global scope; mutates Object[] parameter via field array element
"java.util.Arrays.sort(java.lang.Object[],int,int)",java.util.Arrays,sort,Arrays.java,,SIDE_EFFECTING,False,Both Side-Effecting,Both Side-Effecting,False,writes to static field unknown; Object[] parameter escapes to global scope; mutates Object[] parameter via field array element
"java.util.Arrays.sort(java.lang.Object[],java.util.Comparator)",java.util.Arrays,sort,Arrays.java,,SIDE_EFFECTING,False,Both Side-Effecting,Both Side-Effecting,False,writes to static field unknown; Object[] parameter escapes to global scope; mutates Object[] parameter via field array element ... (+1 more)
java.util.Arrays.sort(long[]),java.util.Arrays,sort,Arrays.java,,SIDE_EFFECTING,False,Both Side-Effecting,Both Side-Effecting,False,writes to static field unknown; long[] parameter escapes to global scope; mutates long[] parameter via field array element
"java.util.Arrays.sort(long[],int,int)",java.util.Arrays,sort,Arrays.java,,SIDE_EFFECTING,False,Both Side-Effecting,Both Side-Effecting,False,writes to static field unknown; long[] parameter escapes to global scope; mutates long[] parameter via field array element
java.util.Arrays.sort(short[]),java.util.Arrays,sort,Arrays.java,,SIDE_EFFECTING,False,Both Side-Effecting,Both Side-Effecting,False,short[] parameter escapes to global scope; mutates short[] parameter via field array element
java.util.Arrays.spliterator(double[]),java.util.Arrays,spliterator,Arrays.java,SideEffectFree,SIDE_EFFECT_FREE,False,Match,Ours Only SEF,False,
java.util.Arrays.spliterator(int[]),java.util.Arrays,spliterator,Arrays.java,SideEffectFree,SIDE_EFFECT_FREE,False,Match,Ours Only SEF,False,
"java.util.Arrays.spliterator(int[],int,int)",java.util.Arrays,spliterator,Arrays.java,SideEffectFree,SIDE_EFFECTING,False,Annotated Mismatch,Both Side-Effecting,False,writes to static field unknown
java.util.Arrays.spliterator(java.lang.Object[]),java.util.Arrays,spliterator,Arrays.java,SideEffectFree,SIDE_EFFECT_FREE,False,Match,Ours Only SEF,False,
"java.util.Arrays.spliterator(java.lang.Object[],int,int)",java.util.Arrays,spliterator,Arrays.java,SideEffectFree,SIDE_EFFECTING,False,Annotated Mismatch,Both Side-Effecting,False,writes to static field unknown
java.util.Arrays.spliterator(long[]),java.util.Arrays,spliterator,Arrays.java,SideEffectFree,SIDE_EFFECT_FREE,False,Match,Ours Only SEF,False,
"java.util.Arrays.spliterator(long[],int,int)",java.util.Arrays,spliterator,Arrays.java,SideEffectFree,SIDE_EFFECTING,False,Annotated Mismatch,Both Side-Effecting,False,writes to static field unknown
java.util.Arrays.stream(double[]),java.util.Arrays,stream,Arrays.java,,SIDE_EFFECTING,False,Both Side-Effecting,Both Side-Effecting,False,double[] parameter escapes to global scope
"java.util.Arrays.stream(double[],int,int)",java.util.Arrays,stream,Arrays.java,,SIDE_EFFECTING,False,Both Side-Effecting,Both Side-Effecting,False,double[] parameter escapes to global scope
"java.util.Arrays.stream(int[],int,int)",java.util.Arrays,stream,Arrays.java,,SIDE_EFFECTING,False,Both Side-Effecting,Both Side-Effecting,False,writes to static field unknown; int[] parameter escapes to global scope
java.util.Arrays.stream(java.lang.Object[]),java.util.Arrays,stream,Arrays.java,,SIDE_EFFECTING,False,Both Side-Effecting,Both Side-Effecting,False,writes to static field unknown; Object[] parameter escapes to global scope
"java.util.Arrays.stream(java.lang.Object[],int,int)",java.util.Arrays,stream,Arrays.java,,SIDE_EFFECTING,False,Both Side-Effecting,Both Side-Effecting,False,writes to static field unknown; Object[] parameter escapes to global scope
java.util.Arrays.stream(long[]),java.util.Arrays,stream,Arrays.java,,SIDE_EFFECTING,False,Both Side-Effecting,Both Side-Effecting,False,writes to static field unknown; long[] parameter escapes to global scope
"java.util.Arrays.stream(long[],int,int)",java.util.Arrays,stream,Arrays.java,,SIDE_EFFECTING,False,Both Side-Effecting,Both Side-Effecting,False,writes to static field unknown; long[] parameter escapes to global scope
"java.util.Arrays.swap(java.lang.Object[],int,int)",java.util.Arrays,swap,Arrays.java,,SIDE_EFFECTING,False,Both Side-Effecting,Both Side-Effecting,False,mutates Object[] parameter via field array element
java.util.Arrays.toString(boolean[]),java.util.Arrays,toString,Arrays.java,SideEffectFree,SIDE_EFFECTING,True,Annotated Mismatch,Randoop Only SEF,False,writes to static field unknown
java.util.Arrays.toString(byte[]),java.util.Arrays,toString,Arrays.java,SideEffectFree,SIDE_EFFECTING,True,Annotated Mismatch,Randoop Only SEF,False,writes to static field unknown
java.util.Arrays.toString(char[]),java.util.Arrays,toString,Arrays.java,SideEffectFree,SIDE_EFFECTING,True,Annotated Mismatch,Randoop Only SEF,False,writes to static field unknown
java.util.Arrays.toString(double[]),java.util.Arrays,toString,Arrays.java,SideEffectFree,SIDE_EFFECTING,True,Annotated Mismatch,Randoop Only SEF,False,writes to static field unknown
java.util.Arrays.toString(float[]),java.util.Arrays,toString,Arrays.java,SideEffectFree,SIDE_EFFECTING,True,Annotated Mismatch,Randoop Only SEF,False,writes to static field unknown
java.util.Arrays.toString(int[]),java.util.Arrays,toString,Arrays.java,SideEffectFree,SIDE_EFFECTING,True,Annotated Mismatch,Randoop Only SEF,False,writes to static field unknown
java.util.Arrays.toString(java.lang.Object[]),java.util.Arrays,toString,Arrays.java,,SIDE_EFFECTING,True,Both Side-Effecting,Randoop Only SEF,False,writes to static field unknown
java.util.Arrays.toString(long[]),java.util.Arrays,toString,Arrays.java,SideEffectFree,SIDE_EFFECTING,True,Annotated Mismatch,Randoop Only SEF,False,writes to static field unknown
java.util.Arrays.toString(short[]),java.util.Arrays,toString,Arrays.java,SideEffectFree,SIDE_EFFECTING,True,Annotated Mismatch,Randoop Only SEF,False,writes to static field unknown
"java.util.CollSer.<init>(int,java.lang.Object[])",java.util.CollSer,<init>,ImmutableCollections.java,,SIDE_EFFECT_FREE,False,Unannotated Mismatch,Ours Only SEF,True,
java.util.Collection.parallelStream(),java.util.Collection,parallelStream,Collection.java,,SIDE_EFFECTING,False,Both Side-Effecting,Both Side-Effecting,False,this escapes to global scope
java.util.Collection.removeIf(java.util.function.Predicate),java.util.Collection,removeIf,Collection.java,,SIDE_EFFECTING,False,Both Side-Effecting,Both Side-Effecting,False,this escapes to global scope; Predicate parameter escapes to global scope
java.util.Collection.spliterator(),java.util.Collection,spliterator,Collection.java,SideEffectFree,SIDE_EFFECT_FREE,False,Match,Ours Only SEF,False,
java.util.Collection.stream(),java.util.Collection,stream,Collection.java,,SIDE_EFFECTING,False,Both Side-Effecting,Both Side-Effecting,False,this escapes to global scope
java.util.Collection.toArray(java.util.function.IntFunction),java.util.Collection,toArray,Collection.java,,SIDE_EFFECTING,False,Both Side-Effecting,Both Side-Effecting,False,this escapes to global scope; IntFunction parameter escapes to global scope
"java.util.Collections.addAll(java.util.Collection,java.lang.Object[])",java.util.Collections,addAll,Collections.java,,SIDE_EFFECTING,False,Both Side-Effecting,Both Side-Effecting,False,Collection parameter escapes to global scope
java.util.Collections.asLifoQueue(java.util.Deque),java.util.Collections,asLifoQueue,Collections.java,,SIDE_EFFECTING,False,Both Side-Effecting,Both Side-Effecting,False,Deque parameter escapes to global scope
"java.util.Collections.binarySearch(java.util.List,java.lang.Object)",java.util.Collections,binarySearch,Collections.java,,SIDE_EFFECTING,False,Both Side-Effecting,Both Side-Effecting,False,List parameter escapes to global scope
"java.util.Collections.binarySearch(java.util.List,java.lang.Object,java.util.Comparator)",java.util.Collections,binarySearch,Collections.java,,SIDE_EFFECTING,False,Both Side-Effecting,Both Side-Effecting,False,List parameter escapes to global scope
"java.util.Collections.checkedCollection(java.util.Collection,java.lang.Class)",java.util.Collections,checkedCollection,Collections.java,,SIDE_EFFECTING,False,Both Side-Effecting,Both Side-Effecting,False,Collection parameter escapes to global scope; Class parameter escapes to global scope
"java.util.Collections.checkedList(java.util.List,java.lang.Class)",java.util.Collections,checkedList,Collections.java,,SIDE_EFFECTING,False,Both Side-Effecting,Both Side-Effecting,False,List parameter escapes to global scope; Class parameter escapes to global scope
"java.util.Collections.checkedMap(java.util.Map,java.lang.Class,java.lang.Class)",java.util.Collections,checkedMap,Collections.java,,SIDE_EFFECTING,False,Both Side-Effecting,Both Side-Effecting,False,Map parameter escapes to global scope; Class parameter escapes to global scope; Class parameter escapes to global scope
"java.util.Collections.checkedNavigableMap(java.util.NavigableMap,java.lang.Class,java.lang.Class)",java.util.Collections,checkedNavigableMap,Collections.java,,SIDE_EFFECTING,False,Both Side-Effecting,Both Side-Effecting,False,NavigableMap parameter escapes to global scope; Class parameter escapes to global scope; Class parameter escapes to global scope
"java.util.Collections.checkedNavigableSet(java.util.NavigableSet,java.lang.Class)",java.util.Collections,checkedNavigableSet,Collections.java,,SIDE_EFFECTING,False,Both Side-Effecting,Both Side-Effecting,False,NavigableSet parameter escapes to global scope; Class parameter escapes to global scope
"java.util.Collections.checkedQueue(java.util.Queue,java.lang.Class)",java.util.Collections,checkedQueue,Collections.java,,SIDE_EFFECTING,False,Both Side-Effecting,Both Side-Effecting,False,Queue parameter escapes to global scope; Class parameter escapes to global scope
"java.util.Collections.checkedSet(java.util.Set,java.lang.Class)",java.util.Collections,checkedSet,Collections.java,,SIDE_EFFECTING,False,Both Side-Effecting,Both Side-Effecting,False,Set parameter escapes to global scope; Class parameter escapes to global scope
"java.util.Collections.checkedSortedMap(java.util.SortedMap,java.lang.Class,java.lang.Class)",java.util.Collections,checkedSortedMap,Collections.java,,SIDE_EFFECTING,False,Both Side-Effecting,Both Side-Effecting,False,SortedMap parameter escapes to global scope; Class parameter escapes to global scope; Class parameter escapes to global scope
"java.util.Collections.checkedSortedSet(java.util.SortedSet,java.lang.Class)",java.util.Collections,checkedSortedSet,Collections.java,,SIDE_EFFECTING,False,Both Side-Effecting,Both Side-Effecting,False,SortedSet parameter escapes to global scope; Class parameter escapes to global scope
"java.util.Collections.copy(java.util.List,java.util.List)",java.util.Collections,copy,Collections.java,,SIDE_EFFECTING,False,Both Side-Effecting,Both Side-Effecting,False,List parameter escapes to global scope; List parameter escapes to global scope
"java.util.Collections.disjoint(java.util.Collection,java.util.Collection)",java.util.Collections,disjoint,Collections.java,,SIDE_EFFECTING,False,Both Side-Effecting,Both Side-Effecting,False,loaded object 'callee: load map from parameter this' escapes to global scope; mutates loaded object 'callee: load map from parameter this' via field keySet; loaded object 'callee: callee: load keySet from parameter this' escapes to global scope
java.util.Collections.emptyEnumeration(),java.util.Collections,emptyEnumeration,Collections.java,SideEffectFree,SIDE_EFFECT_FREE,False,Match,Ours Only SEF,False,
java.util.Collections.emptyIterator(),java.util.Collections,emptyIterator,Collections.java,SideEffectFree,SIDE_EFFECT_FREE,False,Match,Ours Only SEF,False,
java.util.Collections.emptyList(),java.util.Collections,emptyList,Collections.java,SideEffectFree,SIDE_EFFECT_FREE,False,Match,Ours Only SEF,False,
java.util.Collections.emptyListIterator(),java.util.Collections,emptyListIterator,Collections.java,SideEffectFree,SIDE_EFFECT_FREE,False,Match,Ours Only SEF,False,
java.util.Collections.emptyMap(),java.util.Collections,emptyMap,Collections.java,SideEffectFree,SIDE_EFFECT_FREE,False,Match,Ours Only SEF,False,
java.util.Collections.emptyNavigableMap(),java.util.Collections,emptyNavigableMap,Collections.java,SideEffectFree,SIDE_EFFECT_FREE,False,Match,Ours Only SEF,False,
java.util.Collections.emptyNavigableSet(),java.util.Collections,emptyNavigableSet,Collections.java,SideEffectFree,SIDE_EFFECT_FREE,False,Match,Ours Only SEF,False,
java.util.Collections.emptySet(),java.util.Collections,emptySet,Collections.java,SideEffectFree,SIDE_EFFECT_FREE,False,Match,Ours Only SEF,False,
java.util.Collections.emptySortedMap(),java.util.Collections,emptySortedMap,Collections.java,SideEffectFree,SIDE_EFFECT_FREE,False,Match,Ours Only SEF,False,
java.util.Collections.emptySortedSet(),java.util.Collections,emptySortedSet,Collections.java,SideEffectFree,SIDE_EFFECT_FREE,False,Match,Ours Only SEF,False,
"java.util.Collections.eq(java.lang.Object,java.lang.Object)",java.util.Collections,eq,Collections.java,,SIDE_EFFECT_FREE,False,Unannotated Mismatch,Ours Only SEF,True,
"java.util.Collections.fill(java.util.List,java.lang.Object)",java.util.Collections,fill,Collections.java,,SIDE_EFFECTING,False,Both Side-Effecting,Both Side-Effecting,False,List parameter escapes to global scope; Object parameter escapes to global scope
"java.util.Collections.frequency(java.util.Collection,java.lang.Object)",java.util.Collections,frequency,Collections.java,,SIDE_EFFECTING,False,Both Side-Effecting,Both Side-Effecting,False,loaded object 'callee: load map from parameter this' escapes to global scope; mutates loaded object 'callee: load map from parameter this' via field keySet; loaded object 'callee: callee: load keySet from parameter this' escapes to global scope
"java.util.Collections.get(java.util.ListIterator,int)",java.util.Collections,get,Collections.java,,SIDE_EFFECTING,False,Both Side-Effecting,Both Side-Effecting,False,ListIterator parameter escapes to global scope
"java.util.Collections.indexOfSubList(java.util.List,java.util.List)",java.util.Collections,indexOfSubList,Collections.java,Pure,SIDE_EFFECTING,False,Annotated Mismatch,Both Side-Effecting,False,List parameter escapes to global scope; List parameter escapes to global scope
"java.util.Collections.indexedBinarySearch(java.util.List,java.lang.Object)",java.util.Collections,indexedBinarySearch,Collections.java,,SIDE_EFFECTING,False,Both Side-Effecting,Both Side-Effecting,False,List parameter escapes to global scope
"java.util.Collections.indexedBinarySearch(java.util.List,java.lang.Object,java.util.Comparator)",java.util.Collections,indexedBinarySearch,Collections.java,,SIDE_EFFECTING,False,Both Side-Effecting,Both Side-Effecting,False,List parameter escapes to global scope
"java.util.Collections.iteratorBinarySearch(java.util.List,java.lang.Object)",java.util.Collections,iteratorBinarySearch,Collections.java,,SIDE_EFFECTING,False,Both Side-Effecting,Both Side-Effecting,False,List parameter escapes to global scope
"java.util.Collections.iteratorBinarySearch(java.util.List,java.lang.Object,java.util.Comparator)",java.util.Collections,iteratorBinarySearch,Collections.java,,SIDE_EFFECTING,False,Both Side-Effecting,Both Side-Effecting,False,List parameter escapes to global scope
"java.util.Collections.lastIndexOfSubList(java.util.List,java.util.List)",java.util.Collections,lastIndexOfSubList,Collections.java,Pure,SIDE_EFFECTING,False,Annotated Mismatch,Both Side-Effecting,False,List parameter escapes to global scope; List parameter escapes to global scope
java.util.Collections.list(java.util.Enumeration),java.util.Collections,list,Collections.java,,SIDE_EFFECTING,False,Both Side-Effecting,Both Side-Effecting,False,mutates Enumeration parameter via field newPosition; mutates Enumeration parameter via field index; loaded object 'callee: callee: callee: load str from parameter this' escapes to global scope ... (+1 more)
java.util.Collections.max(java.util.Collection),java.util.Collections,max,Collections.java,Pure,SIDE_EFFECTING,False,Annotated Mismatch,Both Side-Effecting,False,loaded object 'callee: load map from parameter this' escapes to global scope; mutates loaded object 'callee: load map from parameter this' via field keySet; loaded object 'callee: callee: load keySet from parameter this' escapes to global scope
"java.util.Collections.max(java.util.Collection,java.util.Comparator)",java.util.Collections,max,Collections.java,Pure,SIDE_EFFECTING,False,Annotated Mismatch,Both Side-Effecting,False,loaded object 'callee: load map from parameter this' escapes to global scope; mutates loaded object 'callee: load map from parameter this' via field keySet; loaded object 'callee: callee: load keySet from parameter this' escapes to global scope
java.util.Collections.min(java.util.Collection),java.util.Collections,min,Collections.java,Pure,SIDE_EFFECTING,False,Annotated Mismatch,Both Side-Effecting,False,loaded object 'callee: load map from parameter this' escapes to global scope; mutates loaded object 'callee: load map from parameter this' via field keySet; loaded object 'callee: callee: load keySet from parameter this' escapes to global scope
"java.util.Collections.min(java.util.Collection,java.util.Comparator)",java.util.Collections,min,Collections.java,Pure,SIDE_EFFECTING,False,Annotated Mismatch,Both Side-Effecting,False,loaded object 'callee: load map from parameter this' escapes to global scope; mutates loaded object 'callee: load map from parameter this' via field keySet; loaded object 'callee: callee: load keySet from parameter this' escapes to global scope
java.util.Collections.newSequencedSetFromMap(java.util.SequencedMap),java.util.Collections,newSequencedSetFromMap,Collections.java,,SIDE_EFFECTING,False,Both Side-Effecting,Both Side-Effecting,False,SequencedMap parameter escapes to global scope
java.util.Collections.newSetFromMap(java.util.Map),java.util.Collections,newSetFromMap,Collections.java,SideEffectFree,SIDE_EFFECTING,False,Annotated Mismatch,Both Side-Effecting,False,Map parameter escapes to global scope
"java.util.Collections.replaceAll(java.util.List,java.lang.Object,java.lang.Object)",java.util.Collections,replaceAll,Collections.java,,SIDE_EFFECTING,False,Both Side-Effecting,Both Side-Effecting,False,List parameter escapes to global scope; Object parameter escapes to global scope
java.util.Collections.reverse(java.util.List),java.util.Collections,reverse,Collections.java,,SIDE_EFFECTING,False,Both Side-Effecting,Both Side-Effecting,False,List parameter escapes to global scope; loaded object 'callee: callee: callee: load elementData from parameter this' escapes to global scope; mutates loaded object 'callee: callee: callee: load elementData from parameter this' via field array element ... (+6 more)
java.util.Collections.reverseOrder(),java.util.Collections,reverseOrder,Collections.java,,SIDE_EFFECT_FREE,False,Unannotated Mismatch,Ours Only SEF,True,
java.util.Collections.reverseOrder(java.util.Comparator),java.util.Collections,reverseOrder,Collections.java,,SIDE_EFFECTING,False,Both Side-Effecting,Both Side-Effecting,False,Comparator parameter escapes to global scope; loaded object 'load cmp from Comparator parameter' escapes to global scope
"java.util.Collections.rotate(java.util.List,int)",java.util.Collections,rotate,Collections.java,,SIDE_EFFECTING,False,Both Side-Effecting,Both Side-Effecting,False,List parameter escapes to global scope
"java.util.Collections.rotate1(java.util.List,int)",java.util.Collections,rotate1,Collections.java,,SIDE_EFFECTING,False,Both Side-Effecting,Both Side-Effecting,False,List parameter escapes to global scope
java.util.Collections.shuffle(java.util.List),java.util.Collections,shuffle,Collections.java,,SIDE_EFFECTING,False,Both Side-Effecting,Both Side-Effecting,False,writes to static field r; List parameter escapes to global scope; loaded object 'callee: callee: callee: callee: callee: load root from parameter this' escapes to global scope ... (+8 more)
"java.util.Collections.shuffle(java.util.List,java.util.Random)",java.util.Collections,shuffle,Collections.java,,SIDE_EFFECTING,False,Both Side-Effecting,Both Side-Effecting,False,List parameter escapes to global scope; Random parameter escapes to global scope; loaded object 'callee: callee: callee: callee: load root from parameter this' escapes to global scope ... (+8 more)
"java.util.Collections.shuffle(java.util.List,java.util.random.RandomGenerator)",java.util.Collections,shuffle,Collections.java,,SIDE_EFFECTING,False,Both Side-Effecting,Both Side-Effecting,False,List parameter escapes to global scope; RandomGenerator parameter escapes to global scope; loaded object 'callee: callee: callee: load root from parameter this' escapes to global scope ... (+8 more)
java.util.Collections.singleton(java.lang.Object),java.util.Collections,singleton,Collections.java,,SIDE_EFFECTING,False,Both Side-Effecting,Both Side-Effecting,False,Object parameter escapes to global scope
java.util.Collections.singletonList(java.lang.Object),java.util.Collections,singletonList,Collections.java,,SIDE_EFFECTING,False,Both Side-Effecting,Both Side-Effecting,False,Object parameter escapes to global scope
"java.util.Collections.singletonMap(java.lang.Object,java.lang.Object)",java.util.Collections,singletonMap,Collections.java,,SIDE_EFFECT_FREE,False,Unannotated Mismatch,Ours Only SEF,True,
"java.util.Collections.swap(java.lang.Object[],int,int)",java.util.Collections,swap,Collections.java,,SIDE_EFFECTING,False,Both Side-Effecting,Both Side-Effecting,False,mutates Object[] parameter via field array element
"java.util.Collections.swap(java.util.List,int,int)",java.util.Collections,swap,Collections.java,,SIDE_EFFECTING,False,Both Side-Effecting,Both Side-Effecting,False,mutates loaded object 'callee: callee: load elementData from parameter this' via field array element; mutates loaded object 'callee: callee: load elementData from parameter this' via field array element
java.util.Collections.synchronizedCollection(java.util.Collection),java.util.Collections,synchronizedCollection,Collections.java,,SIDE_EFFECTING,False,Both Side-Effecting,Both Side-Effecting,False,Collection parameter escapes to global scope
"java.util.Collections.synchronizedCollection(java.util.Collection,java.lang.Object)",java.util.Collections,synchronizedCollection,Collections.java,,SIDE_EFFECTING,False,Both Side-Effecting,Both Side-Effecting,False,Collection parameter escapes to global scope; Object parameter escapes to global scope
java.util.Collections.synchronizedList(java.util.List),java.util.Collections,synchronizedList,Collections.java,,SIDE_EFFECTING,False,Both Side-Effecting,Both Side-Effecting,False,List parameter escapes to global scope
"java.util.Collections.synchronizedList(java.util.List,java.lang.Object)",java.util.Collections,synchronizedList,Collections.java,,SIDE_EFFECTING,False,Both Side-Effecting,Both Side-Effecting,False,List parameter escapes to global scope; Object parameter escapes to global scope
java.util.Collections.synchronizedNavigableMap(java.util.NavigableMap),java.util.Collections,synchronizedNavigableMap,Collections.java,,SIDE_EFFECTING,False,Both Side-Effecting,Both Side-Effecting,False,NavigableMap parameter escapes to global scope
java.util.Collections.synchronizedNavigableSet(java.util.NavigableSet),java.util.Collections,synchronizedNavigableSet,Collections.java,,SIDE_EFFECTING,False,Both Side-Effecting,Both Side-Effecting,False,NavigableSet parameter escapes to global scope
java.util.Collections.synchronizedSet(java.util.Set),java.util.Collections,synchronizedSet,Collections.java,,SIDE_EFFECT_FREE,False,Unannotated Mismatch,Ours Only SEF,True,
"java.util.Collections.synchronizedSet(java.util.Set,java.lang.Object)",java.util.Collections,synchronizedSet,Collections.java,,SIDE_EFFECTING,False,Both Side-Effecting,Both Side-Effecting,False,Set parameter escapes to global scope; Object parameter escapes to global scope
java.util.Collections.synchronizedSortedMap(java.util.SortedMap),java.util.Collections,synchronizedSortedMap,Collections.java,,SIDE_EFFECTING,False,Both Side-Effecting,Both Side-Effecting,False,SortedMap parameter escapes to global scope
java.util.Collections.synchronizedSortedSet(java.util.SortedSet),java.util.Collections,synchronizedSortedSet,Collections.java,,SIDE_EFFECTING,False,Both Side-Effecting,Both Side-Effecting,False,SortedSet parameter escapes to global scope
java.util.Collections.unmodifiableCollection(java.util.Collection),java.util.Collections,unmodifiableCollection,Collections.java,SideEffectFree,SIDE_EFFECTING,False,Annotated Mismatch,Both Side-Effecting,False,Collection parameter escapes to global scope
java.util.Collections.unmodifiableList(java.util.List),java.util.Collections,unmodifiableList,Collections.java,,SIDE_EFFECTING,False,Both Side-Effecting,Both Side-Effecting,False,List parameter escapes to global scope
java.util.Collections.unmodifiableNavigableMap(java.util.NavigableMap),java.util.Collections,unmodifiableNavigableMap,Collections.java,,SIDE_EFFECTING,False,Both Side-Effecting,Both Side-Effecting,False,NavigableMap parameter escapes to global scope
java.util.Collections.unmodifiableNavigableSet(java.util.NavigableSet),java.util.Collections,unmodifiableNavigableSet,Collections.java,,SIDE_EFFECTING,False,Both Side-Effecting,Both Side-Effecting,False,NavigableSet parameter escapes to global scope
java.util.Collections.unmodifiableSequencedCollection(java.util.SequencedCollection),java.util.Collections,unmodifiableSequencedCollection,Collections.java,,SIDE_EFFECTING,False,Both Side-Effecting,Both Side-Effecting,False,SequencedCollection parameter escapes to global scope
java.util.Collections.unmodifiableSequencedSet(java.util.SequencedSet),java.util.Collections,unmodifiableSequencedSet,Collections.java,,SIDE_EFFECTING,False,Both Side-Effecting,Both Side-Effecting,False,SequencedSet parameter escapes to global scope
java.util.Collections.unmodifiableSet(java.util.Set),java.util.Collections,unmodifiableSet,Collections.java,SideEffectFree,SIDE_EFFECTING,False,Annotated Mismatch,Both Side-Effecting,False,Set parameter escapes to global scope
java.util.Collections.unmodifiableSortedMap(java.util.SortedMap),java.util.Collections,unmodifiableSortedMap,Collections.java,,SIDE_EFFECTING,False,Both Side-Effecting,Both Side-Effecting,False,SortedMap parameter escapes to global scope
java.util.Collections.unmodifiableSortedSet(java.util.SortedSet),java.util.Collections,unmodifiableSortedSet,Collections.java,,SIDE_EFFECTING,False,Both Side-Effecting,Both Side-Effecting,False,SortedSet parameter escapes to global scope
java.util.Collections.zeroLengthArray(java.lang.Class),java.util.Collections,zeroLengthArray,Collections.java,,SIDE_EFFECTING,False,Both Side-Effecting,Both Side-Effecting,False,Class parameter escapes to global scope
"java.util.Date.<init>(int,int,int)",java.util.Date,<init>,Date.java,,SIDE_EFFECTING,False,Both Side-Effecting,Both Side-Effecting,False,this escapes to global scope
"java.util.Date.UTC(int,int,int,int,int,int)",java.util.Date,UTC,Date.java,,SIDE_EFFECTING,False,Both Side-Effecting,Both Side-Effecting,False,writes to static field jcal
java.util.Date.before(java.util.Date),java.util.Date,before,Date.java,,SIDE_EFFECTING,False,Both Side-Effecting,Both Side-Effecting,False,this escapes to global scope; Date parameter escapes to global scope
java.util.Date.compareTo(java.util.Date),java.util.Date,compareTo,Date.java,Pure,SIDE_EFFECTING,True,Annotated Mismatch,Randoop Only SEF,False,this escapes to global scope; Date parameter escapes to global scope
java.util.Date.getCalendarSystem(int),java.util.Date,getCalendarSystem,Date.java,,SIDE_EFFECTING,False,Both Side-Effecting,Both Side-Effecting,False,writes to static field jcal
java.util.Date.getCalendarSystem(long),java.util.Date,getCalendarSystem,Date.java,,SIDE_EFFECTING,False,Both Side-Effecting,Both Side-Effecting,False,writes to static field jcal
java.util.Date.getCalendarSystem(sun.util.calendar.BaseCalendar$Date),java.util.Date,getCalendarSystem,Date.java,,SIDE_EFFECTING,False,Both Side-Effecting,Both Side-Effecting,False,BaseCalendar$Date parameter escapes to global scope
java.util.Date.getJulianCalendar(),java.util.Date,getJulianCalendar,Date.java,,SIDE_EFFECTING,False,Both Side-Effecting,Both Side-Effecting,False,writes to static field jcal
java.util.Date.getMinutes(),java.util.Date,getMinutes,Date.java,,SIDE_EFFECTING,False,Both Side-Effecting,Both Side-Effecting,False,writes to static field jcal; this escapes to global scope; mutates this via field cdate ... (+1 more)
java.util.Date.getMonth(),java.util.Date,getMonth,Date.java,,SIDE_EFFECTING,False,Both Side-Effecting,Both Side-Effecting,False,writes to static field jcal; this escapes to global scope; mutates this via field cdate ... (+1 more)
java.util.Date.getSeconds(),java.util.Date,getSeconds,Date.java,,SIDE_EFFECTING,False,Both Side-Effecting,Both Side-Effecting,False,writes to static field jcal; this escapes to global scope; mutates this via field cdate ... (+1 more)
java.util.Date.getTime(),java.util.Date,getTime,Date.java,,SIDE_EFFECTING,False,Both Side-Effecting,Both Side-Effecting,False,writes to static field jcal; this escapes to global scope; mutates this via field cdate ... (+2 more)
java.util.Date.getTimeImpl(),java.util.Date,getTimeImpl,Date.java,,SIDE_EFFECTING,False,Both Side-Effecting,Both Side-Effecting,False,writes to static field jcal; this escapes to global scope; mutates this via field cdate ... (+2 more)
java.util.Date.normalize(),java.util.Date,normalize,Date.java,,SIDE_EFFECTING,False,Both Side-Effecting,Both Side-Effecting,False,writes to static field jcal; this escapes to global scope; mutates this via field cdate ... (+1 more)
java.util.Date.setDate(int),java.util.Date,setDate,Date.java,,SIDE_EFFECTING,False,Both Side-Effecting,Both Side-Effecting,False,this escapes to global scope
java.util.Date.setHours(int),java.util.Date,setHours,Date.java,,SIDE_EFFECTING,False,Both Side-Effecting,Both Side-Effecting,False,this escapes to global scope
java.util.Date.setMinutes(int),java.util.Date,setMinutes,Date.java,,SIDE_EFFECTING,False,Both Side-Effecting,Both Side-Effecting,False,this escapes to global scope
java.util.Date.setMonth(int),java.util.Date,setMonth,Date.java,,SIDE_EFFECTING,False,Both Side-Effecting,Both Side-Effecting,False,this escapes to global scope
java.util.Date.setSeconds(int),java.util.Date,setSeconds,Date.java,,SIDE_EFFECTING,False,Both Side-Effecting,Both Side-Effecting,False,this escapes to global scope
java.util.Date.setTime(long),java.util.Date,setTime,Date.java,,SIDE_EFFECTING,False,Both Side-Effecting,Both Side-Effecting,False,mutates this via field fastTime; mutates this via field cdate
java.util.Date.setYear(int),java.util.Date,setYear,Date.java,,SIDE_EFFECTING,False,Both Side-Effecting,Both Side-Effecting,False,this escapes to global scope
java.util.Date.toLocaleString(),java.util.Date,toLocaleString,Date.java,,SIDE_EFFECTING,False,Both Side-Effecting,Both Side-Effecting,False,this escapes to global scope
java.util.EnumMap.<init>(java.lang.Class),java.util.EnumMap,<init>,EnumMap.java,,SIDE_EFFECTING,False,Both Side-Effecting,Both Side-Effecting,False,Class parameter escapes to global scope
java.util.EnumMap.getKeyUniverse(java.lang.Class),java.util.EnumMap,getKeyUniverse,EnumMap.java,,SIDE_EFFECTING,False,Both Side-Effecting,Both Side-Effecting,False,Class parameter escapes to global scope
java.util.Enumeration.asIterator(),java.util.Enumeration,asIterator,Enumeration.java,,SIDE_EFFECTING,False,Both Side-Effecting,Both Side-Effecting,False,this escapes to global scope
java.util.Formatter.locale(),java.util.Formatter,locale,Formatter.java,,SIDE_EFFECT_FREE,False,Unannotated Mismatch,Ours Only SEF,True,
java.util.Formatter.parse(java.lang.String),java.util.Formatter,parse,Formatter.java,,SIDE_EFFECTING,False,Both Side-Effecting,Both Side-Effecting,False,String parameter escapes to global scope
java.util.HashMap$EntrySpliterator.characteristics(),java.util.HashMap$EntrySpliterator,characteristics,HashMap.java,,SIDE_EFFECT_FREE,False,Unannotated Mismatch,Ours Only SEF,True,
java.util.HashMap$EntrySpliterator.forEachRemaining(java.util.function.Consumer),java.util.HashMap$EntrySpliterator,forEachRemaining,HashMap.java,,SIDE_EFFECTING,False,Both Side-Effecting,Both Side-Effecting,False,mutates this via field index; mutates this via field current; mutates this via field fence ... (+6 more)
java.util.HashMap$EntrySpliterator.tryAdvance(java.util.function.Consumer),java.util.HashMap$EntrySpliterator,tryAdvance,HashMap.java,,SIDE_EFFECTING,False,Both Side-Effecting,Both Side-Effecting,False,this escapes to global scope; mutates this via field index; mutates this via field current ... (+6 more)
java.util.HashMap$EntrySpliterator.trySplit(),java.util.HashMap$EntrySpliterator,trySplit,HashMap.java,,SIDE_EFFECTING,False,Both Side-Effecting,Both Side-Effecting,False,this escapes to global scope; mutates this via field index; mutates this via field est ... (+2 more)
java.util.HashMap$HashIterator.nextNode(),java.util.HashMap$HashIterator,nextNode,HashMap.java,,SIDE_EFFECTING,False,Both Side-Effecting,Both Side-Effecting,False,mutates this via field next; mutates this via field current; mutates this via field index ... (+2 more)
"java.util.HashMap$HashMapSpliterator.<init>(java.util.HashMap,int,int,int,int)",java.util.HashMap$HashMapSpliterator,<init>,HashMap.java,,SIDE_EFFECT_FREE,False,Unannotated Mismatch,Ours Only SEF,True,
java.util.HashMap$HashMapSpliterator.estimateSize(),java.util.HashMap$HashMapSpliterator,estimateSize,HashMap.java,,SIDE_EFFECTING,False,Both Side-Effecting,Both Side-Effecting,False,mutates this via field est; mutates this via field fence; mutates this via field expectedModCount
java.util.HashMap$HashMapSpliterator.getFence(),java.util.HashMap$HashMapSpliterator,getFence,HashMap.java,,SIDE_EFFECTING,False,Both Side-Effecting,Both Side-Effecting,False,mutates this via field est; mutates this via field fence; mutates this via field expectedModCount
"java.util.HashMap$KeySpliterator.<init>(java.util.HashMap,int,int,int,int)",java.util.HashMap$KeySpliterator,<init>,HashMap.java,,SIDE_EFFECTING,False,Both Side-Effecting,Both Side-Effecting,False,this escapes to global scope; HashMap parameter escapes to global scope
java.util.HashMap$KeySpliterator.characteristics(),java.util.HashMap$KeySpliterator,characteristics,HashMap.java,,SIDE_EFFECT_FREE,False,Unannotated Mismatch,Ours Only SEF,True,
java.util.HashMap$KeySpliterator.tryAdvance(java.util.function.Consumer),java.util.HashMap$KeySpliterator,tryAdvance,HashMap.java,,SIDE_EFFECTING,False,Both Side-Effecting,Both Side-Effecting,False,this escapes to global scope; mutates this via field index; mutates this via field current ... (+8 more)
java.util.HashMap$KeySpliterator.trySplit(),java.util.HashMap$KeySpliterator,trySplit,HashMap.java,,SIDE_EFFECTING,False,Both Side-Effecting,Both Side-Effecting,False,this escapes to global scope; mutates this via field index; mutates this via field est ... (+2 more)
java.util.HashMap$Node.getKey(),java.util.HashMap$Node,getKey,HashMap.java,,SIDE_EFFECT_FREE,False,Unannotated Mismatch,Ours Only SEF,True,
java.util.HashMap$Node.getValue(),java.util.HashMap$Node,getValue,HashMap.java,,SIDE_EFFECT_FREE,False,Unannotated Mismatch,Ours Only SEF,True,
java.util.HashMap$Node.setValue(java.lang.Object),java.util.HashMap$Node,setValue,HashMap.java,,SIDE_EFFECTING,False,Both Side-Effecting,Both Side-Effecting,False,mutates this via field value
"java.util.HashMap$TreeNode.find(int,java.lang.Object,java.lang.Class)",java.util.HashMap$TreeNode,find,HashMap.java,,SIDE_EFFECTING,False,Both Side-Effecting,Both Side-Effecting,False,writes to static field unknown; Object parameter escapes to global scope; Class parameter escapes to global scope ... (+4 more)
"java.util.HashMap$TreeNode.getTreeNode(int,java.lang.Object)",java.util.HashMap$TreeNode,getTreeNode,HashMap.java,,SIDE_EFFECTING,False,Both Side-Effecting,Both Side-Effecting,False,writes to static field unknown; Object parameter escapes to global scope; loaded object 'callee: load left from parameter this' escapes to global scope ... (+3 more)
java.util.HashMap$TreeNode.root(),java.util.HashMap$TreeNode,root,HashMap.java,,SIDE_EFFECT_FREE,False,Unannotated Mismatch,Ours Only SEF,True,
"java.util.HashMap$TreeNode.tieBreakOrder(java.lang.Object,java.lang.Object)",java.util.HashMap$TreeNode,tieBreakOrder,HashMap.java,,SIDE_EFFECT_FREE,False,Unannotated Mismatch,Ours Only SEF,True,
java.util.HashMap$TreeNode.untreeify(java.util.HashMap),java.util.HashMap$TreeNode,untreeify,HashMap.java,,SIDE_EFFECT_FREE,False,Unannotated Mismatch,Ours Only SEF,True,
"java.util.HashMap$UnsafeHolder.putLoadFactor(java.util.HashMap,float)",java.util.HashMap$UnsafeHolder,putLoadFactor,HashMap.java,,SIDE_EFFECTING,False,Both Side-Effecting,Both Side-Effecting,False,HashMap parameter escapes to global scope
java.util.HashMap$ValueSpliterator.trySplit(),java.util.HashMap$ValueSpliterator,trySplit,HashMap.java,,SIDE_EFFECTING,False,Both Side-Effecting,Both Side-Effecting,False,this escapes to global scope; mutates this via field index; mutates this via field est ... (+2 more)
java.util.HashMap.<init>(),java.util.HashMap,<init>,HashMap.java,,SIDE_EFFECT_FREE,False,Unannotated Mismatch,Ours Only SEF,True,
java.util.HashMap.<init>(int),java.util.HashMap,<init>,HashMap.java,,SIDE_EFFECT_FREE,False,Unannotated Mismatch,Ours Only SEF,True,
"java.util.HashMap.<init>(int,float)",java.util.HashMap,<init>,HashMap.java,,SIDE_EFFECTING,False,Both Side-Effecting,Both Side-Effecting,False,writes to static field unknown
java.util.HashMap.<init>(java.util.Map),java.util.HashMap,<init>,HashMap.java,,SIDE_EFFECTING,False,Both Side-Effecting,Both Side-Effecting,False,writes to static field unknown; this escapes to global scope; Map parameter escapes to global scope ... (+27 more)
java.util.HashMap.afterNodeInsertion(boolean),java.util.HashMap,afterNodeInsertion,HashMap.java,,SIDE_EFFECT_FREE,False,Unannotated Mismatch,Ours Only SEF,True,
java.util.HashMap.calculateHashMapCapacity(int),java.util.HashMap,calculateHashMapCapacity,HashMap.java,,SIDE_EFFECT_FREE,False,Unannotated Mismatch,Ours Only SEF,True,
java.util.HashMap.capacity(),java.util.HashMap,capacity,HashMap.java,,SIDE_EFFECT_FREE,False,Unannotated Mismatch,Ours Only SEF,True,
java.util.HashMap.clear(),java.util.HashMap,clear,HashMap.java,,SIDE_EFFECTING,False,Both Side-Effecting,Both Side-Effecting,False,mutates this via field modCount; mutates this via field size; mutates loaded object 'load table from parameter this' via field array element
java.util.HashMap.comparableClassFor(java.lang.Object),java.util.HashMap,comparableClassFor,HashMap.java,,SIDE_EFFECTING,False,Both Side-Effecting,Both Side-Effecting,False,writes to static field unknown
"java.util.HashMap.compareComparables(java.lang.Class,java.lang.Object,java.lang.Object)",java.util.HashMap,compareComparables,HashMap.java,,SIDE_EFFECTING,False,Both Side-Effecting,Both Side-Effecting,False,Object parameter escapes to global scope; Object parameter escapes to global scope
"java.util.HashMap.computeIfPresent(java.lang.Object,java.util.function.BiFunction)",java.util.HashMap,computeIfPresent,HashMap.java,,SIDE_EFFECTING,False,Both Side-Effecting,Both Side-Effecting,False,writes to static field value; writes to static field unknown; this escapes to global scope ... (+6 more)
java.util.HashMap.containsKey(java.lang.Object),java.util.HashMap,containsKey,HashMap.java,Pure,SIDE_EFFECTING,True,Annotated Mismatch,Randoop Only SEF,False,Object parameter escapes to global scope
java.util.HashMap.entrySet(),java.util.HashMap,entrySet,HashMap.java,SideEffectFree,SIDE_EFFECTING,True,Annotated Mismatch,Randoop Only SEF,False,this escapes to global scope; mutates this via field entrySet; loaded object 'load entrySet from parameter this' escapes to global scope
java.util.HashMap.getNode(java.lang.Object),java.util.HashMap,getNode,HashMap.java,,SIDE_EFFECTING,False,Both Side-Effecting,Both Side-Effecting,False,Object parameter escapes to global scope
java.util.HashMap.hash(java.lang.Object),java.util.HashMap,hash,HashMap.java,,SIDE_EFFECT_FREE,False,Unannotated Mismatch,Ours Only SEF,True,
java.util.HashMap.isEmpty(),java.util.HashMap,isEmpty,HashMap.java,Pure,SIDE_EFFECT_FREE,True,Match,Both SEF,False,
java.util.HashMap.keySet(),java.util.HashMap,keySet,HashMap.java,SideEffectFree,SIDE_EFFECTING,True,Annotated Mismatch,Randoop Only SEF,False,this escapes to global scope; mutates this via field keySet; loaded object 'load keySet from parameter this' escapes to global scope
java.util.HashMap.keysToArray(java.lang.Object[]),java.util.HashMap,keysToArray,HashMap.java,,SIDE_EFFECTING,False,Both Side-Effecting,Both Side-Effecting,False,mutates Object[] parameter via field array element
java.util.HashMap.loadFactor(),java.util.HashMap,loadFactor,HashMap.java,,SIDE_EFFECT_FREE,False,Unannotated Mismatch,Ours Only SEF,True,
java.util.HashMap.newHashMap(int),java.util.HashMap,newHashMap,HashMap.java,,SIDE_EFFECTING,False,Both Side-Effecting,Both Side-Effecting,False,writes to static field unknown
java.util.HashMap.prepareArray(java.lang.Object[]),java.util.HashMap,prepareArray,HashMap.java,,SIDE_EFFECTING,False,Both Side-Effecting,Both Side-Effecting,False,mutates Object[] parameter via field array element
"java.util.HashMap.put(java.lang.Object,java.lang.Object)",java.util.HashMap,put,HashMap.java,,SIDE_EFFECTING,False,Both Side-Effecting,Both Side-Effecting,False,writes to static field value; this escapes to global scope; mutates this via field threshold ... (+24 more)
java.util.HashMap.putAll(java.util.Map),java.util.HashMap,putAll,HashMap.java,,SIDE_EFFECTING,False,Both Side-Effecting,Both Side-Effecting,False,writes to static field unknown; this escapes to global scope; mutates this via field array element ... (+27 more)
"java.util.HashMap.putIfAbsent(java.lang.Object,java.lang.Object)",java.util.HashMap,putIfAbsent,HashMap.java,,SIDE_EFFECTING,False,Both Side-Effecting,Both Side-Effecting,False,writes to static field unknown; this escapes to global scope; mutates this via field array element ... (+26 more)
"java.util.HashMap.putMapEntries(java.util.Map,boolean)",java.util.HashMap,putMapEntries,HashMap.java,,SIDE_EFFECTING,False,Both Side-Effecting,Both Side-Effecting,False,writes to static field unknown; this escapes to global scope; mutates this via field array element ... (+29 more)
"java.util.HashMap.putVal(int,java.lang.Object,java.lang.Object,boolean,boolean)",java.util.HashMap,putVal,HashMap.java,,SIDE_EFFECTING,False,Both Side-Effecting,Both Side-Effecting,False,writes to static field value; this escapes to global scope; mutates this via field threshold ... (+19 more)
java.util.HashMap.reinitialize(),java.util.HashMap,reinitialize,HashMap.java,,SIDE_EFFECTING,False,Both Side-Effecting,Both Side-Effecting,False,mutates this via field table; mutates this via field modCount; mutates this via field keySet ... (+4 more)
java.util.HashMap.remove(java.lang.Object),java.util.HashMap,remove,HashMap.java,,SIDE_EFFECTING,False,Both Side-Effecting,Both Side-Effecting,False,writes to static field unknown; this escapes to global scope; mutates this via field array element ... (+3 more)
"java.util.HashMap.remove(java.lang.Object,java.lang.Object)",java.util.HashMap,remove,HashMap.java,,SIDE_EFFECTING,False,Both Side-Effecting,Both Side-Effecting,False,writes to static field unknown; this escapes to global scope; mutates this via field array element ... (+3 more)
"java.util.HashMap.removeNode(int,java.lang.Object,java.lang.Object,boolean,boolean)",java.util.HashMap,removeNode,HashMap.java,,SIDE_EFFECTING,False,Both Side-Effecting,Both Side-Effecting,False,writes to static field unknown; this escapes to global scope; mutates this via field modCount ... (+4 more)
"java.util.HashMap.replace(java.lang.Object,java.lang.Object)",java.util.HashMap,replace,HashMap.java,,SIDE_EFFECTING,False,Both Side-Effecting,Both Side-Effecting,False,writes to static field value; Object parameter escapes to global scope; Object parameter escapes to global scope
"java.util.HashMap.replace(java.lang.Object,java.lang.Object,java.lang.Object)",java.util.HashMap,replace,HashMap.java,,SIDE_EFFECTING,False,Both Side-Effecting,Both Side-Effecting,False,writes to static field value; Object parameter escapes to global scope; Object parameter escapes to global scope
java.util.HashMap.resize(),java.util.HashMap,resize,HashMap.java,,SIDE_EFFECTING,False,Both Side-Effecting,Both Side-Effecting,False,this escapes to global scope; mutates this via field threshold; mutates this via field table ... (+2 more)
java.util.HashMap.size(),java.util.HashMap,size,HashMap.java,Pure,SIDE_EFFECT_FREE,True,Match,Both SEF,False,
java.util.HashMap.tableSizeFor(int),java.util.HashMap,tableSizeFor,HashMap.java,,SIDE_EFFECT_FREE,False,Unannotated Mismatch,Ours Only SEF,True,
java.util.HashMap.valuesToArray(java.lang.Object[]),java.util.HashMap,valuesToArray,HashMap.java,,SIDE_EFFECTING,False,Both Side-Effecting,Both Side-Effecting,False,mutates Object[] parameter via field array element
java.util.HashSet.<init>(),java.util.HashSet,<init>,HashSet.java,,SIDE_EFFECT_FREE,False,Unannotated Mismatch,Ours Only SEF,True,
java.util.HashSet.<init>(int),java.util.HashSet,<init>,HashSet.java,,SIDE_EFFECT_FREE,False,Unannotated Mismatch,Ours Only SEF,True,
"java.util.HashSet.<init>(int,float)",java.util.HashSet,<init>,HashSet.java,,SIDE_EFFECT_FREE,False,Unannotated Mismatch,Ours Only SEF,True,
"java.util.HashSet.<init>(int,float,boolean)",java.util.HashSet,<init>,HashSet.java,,SIDE_EFFECT_FREE,False,Unannotated Mismatch,Ours Only SEF,True,
java.util.HashSet.add(java.lang.Object),java.util.HashSet,add,HashSet.java,,SIDE_EFFECTING,False,Both Side-Effecting,Both Side-Effecting,False,writes to static field value; loaded object 'callee: callee: callee: load next from array element from HashMap$Node[] parameter' escapes to global scope; mutates loaded object 'callee: callee: callee: load next from array element from HashMap$Node[] parameter' via field next ... (+18 more)
java.util.HashSet.clear(),java.util.HashSet,clear,HashSet.java,,SIDE_EFFECTING,False,Both Side-Effecting,Both Side-Effecting,False,mutates loaded object 'load map from parameter this' via field array element; mutates loaded object 'callee: load table from parameter this' via field array element
java.util.HashSet.contains(java.lang.Object),java.util.HashSet,contains,HashSet.java,Pure,SIDE_EFFECTING,True,Annotated Mismatch,Randoop Only SEF,False,Object parameter escapes to global scope
java.util.HashSet.isEmpty(),java.util.HashSet,isEmpty,HashSet.java,Pure,SIDE_EFFECT_FREE,True,Match,Both SEF,False,
java.util.HashSet.iterator(),java.util.HashSet,iterator,HashSet.java,SideEffectFree,SIDE_EFFECTING,False,Annotated Mismatch,Both Side-Effecting,False,loaded object 'load map from parameter this' escapes to global scope; mutates loaded object 'load map from parameter this' via field keySet; loaded object 'callee: load keySet from parameter this' escapes to global scope
java.util.HashSet.remove(java.lang.Object),java.util.HashSet,remove,HashSet.java,,SIDE_EFFECTING,False,Both Side-Effecting,Both Side-Effecting,False,Object parameter escapes to global scope; loaded object 'callee: load map from parameter this' escapes to global scope
java.util.HashSet.spliterator(),java.util.HashSet,spliterator,HashSet.java,,SIDE_EFFECTING,False,Both Side-Effecting,Both Side-Effecting,False,loaded object 'load map from parameter this' escapes to global scope
java.util.HashSet.toArray(),java.util.HashSet,toArray,HashSet.java,,SIDE_EFFECT_FREE,False,Unannotated Mismatch,Ours Only SEF,True,
java.util.HashSet.toArray(java.lang.Object[]),java.util.HashSet,toArray,HashSet.java,,SIDE_EFFECTING,False,Both Side-Effecting,Both Side-Effecting,False,writes to static field unknown; mutates Object[] parameter via field array element
java.util.Hashtable.<init>(java.lang.Void),java.util.Hashtable,<init>,Hashtable.java,,SIDE_EFFECT_FREE,False,Unannotated Mismatch,Ours Only SEF,True,
"java.util.Hashtable.addEntry(int,java.lang.Object,java.lang.Object,int)",java.util.Hashtable,addEntry,Hashtable.java,,SIDE_EFFECTING,False,Both Side-Effecting,Both Side-Effecting,False,mutates this via field count; mutates this via field modCount; Object parameter escapes to global scope ... (+2 more)
java.util.Hashtable.getEnumeration(int),java.util.Hashtable,getEnumeration,Hashtable.java,,SIDE_EFFECTING,False,Both Side-Effecting,Both Side-Effecting,False,this escapes to global scope
java.util.Hashtable.getIterator(int),java.util.Hashtable,getIterator,Hashtable.java,,SIDE_EFFECTING,False,Both Side-Effecting,Both Side-Effecting,False,this escapes to global scope
java.util.Hashtable.keys(),java.util.Hashtable,keys,Hashtable.java,,SIDE_EFFECTING,False,Both Side-Effecting,Both Side-Effecting,False,this escapes to global scope
java.util.IdentityHashMap.closeDeletion(int),java.util.IdentityHashMap,closeDeletion,IdentityHashMap.java,,SIDE_EFFECTING,False,Both Side-Effecting,Both Side-Effecting,False,mutates loaded object 'load table from parameter this' via field array element
"java.util.IdentityHashMap.hash(java.lang.Object,int)",java.util.IdentityHashMap,hash,IdentityHashMap.java,,SIDE_EFFECT_FREE,False,Unannotated Mismatch,Ours Only SEF,True,
java.util.IdentityHashMap.init(int),java.util.IdentityHashMap,init,IdentityHashMap.java,,SIDE_EFFECTING,False,Both Side-Effecting,Both Side-Effecting,False,mutates this via field table
java.util.IdentityHashMap.maskNull(java.lang.Object),java.util.IdentityHashMap,maskNull,IdentityHashMap.java,,SIDE_EFFECT_FREE,False,Unannotated Mismatch,Ours Only SEF,True,
"java.util.IdentityHashMap.nextKeyIndex(int,int)",java.util.IdentityHashMap,nextKeyIndex,IdentityHashMap.java,,SIDE_EFFECT_FREE,False,Unannotated Mismatch,Ours Only SEF,True,
java.util.IdentityHashMap.resize(int),java.util.IdentityHashMap,resize,IdentityHashMap.java,,SIDE_EFFECTING,False,Both Side-Effecting,Both Side-Effecting,False,mutates this via field table; mutates loaded object 'load table from parameter this' via field array element
java.util.ImmutableCollections$List12.<init>(java.lang.Object),java.util.ImmutableCollections$List12,<init>,ImmutableCollections.java,,SIDE_EFFECT_FREE,False,Unannotated Mismatch,Ours Only SEF,True,
"java.util.ImmutableCollections$List12.<init>(java.lang.Object,java.lang.Object)",java.util.ImmutableCollections$List12,<init>,ImmutableCollections.java,,SIDE_EFFECT_FREE,False,Unannotated Mismatch,Ours Only SEF,True,
"java.util.ImmutableCollections$ListN.<init>(java.lang.Object[],boolean)",java.util.ImmutableCollections$ListN,<init>,ImmutableCollections.java,,SIDE_EFFECT_FREE,False,Unannotated Mismatch,Ours Only SEF,True,
"java.util.ImmutableCollections$Map1.<init>(java.lang.Object,java.lang.Object)",java.util.ImmutableCollections$Map1,<init>,ImmutableCollections.java,,SIDE_EFFECT_FREE,False,Unannotated Mismatch,Ours Only SEF,True,
java.util.ImmutableCollections$Map1.containsKey(java.lang.Object),java.util.ImmutableCollections$Map1,containsKey,ImmutableCollections.java,Pure,SIDE_EFFECT_FREE,False,Match,Ours Only SEF,False,
java.util.ImmutableCollections$Map1.containsValue(java.lang.Object),java.util.ImmutableCollections$Map1,containsValue,ImmutableCollections.java,Pure,SIDE_EFFECT_FREE,False,Match,Ours Only SEF,False,
java.util.ImmutableCollections$Map1.entrySet(),java.util.ImmutableCollections$Map1,entrySet,ImmutableCollections.java,SideEffectFree,SIDE_EFFECT_FREE,False,Match,Ours Only SEF,False,
java.util.ImmutableCollections$Map1.get(java.lang.Object),java.util.ImmutableCollections$Map1,get,ImmutableCollections.java,,SIDE_EFFECT_FREE,False,Unannotated Mismatch,Ours Only SEF,True,
java.util.ImmutableCollections$Map1.hashCode(),java.util.ImmutableCollections$Map1,hashCode,ImmutableCollections.java,,SIDE_EFFECT_FREE,False,Unannotated Mismatch,Ours Only SEF,True,
java.util.ImmutableCollections$Map1.isEmpty(),java.util.ImmutableCollections$Map1,isEmpty,ImmutableCollections.java,,SIDE_EFFECT_FREE,False,Unannotated Mismatch,Ours Only SEF,True,
java.util.ImmutableCollections$Map1.readObject(java.io.ObjectInputStream),java.util.ImmutableCollections$Map1,readObject,ImmutableCollections.java,,SIDE_EFFECT_FREE,False,Unannotated Mismatch,Ours Only SEF,True,
java.util.ImmutableCollections$Map1.size(),java.util.ImmutableCollections$Map1,size,ImmutableCollections.java,,SIDE_EFFECT_FREE,False,Unannotated Mismatch,Ours Only SEF,True,
java.util.ImmutableCollections$Map1.writeReplace(),java.util.ImmutableCollections$Map1,writeReplace,ImmutableCollections.java,,SIDE_EFFECT_FREE,False,Unannotated Mismatch,Ours Only SEF,True,
java.util.ImmutableCollections$MapN.<init>(java.lang.Object[]),java.util.ImmutableCollections$MapN,<init>,ImmutableCollections.java,,SIDE_EFFECTING,False,Both Side-Effecting,Both Side-Effecting,False,writes to static field unknown; mutates loaded object 'callee: load table from parameter this' via field array element
java.util.ImmutableCollections$MapN.probe(java.lang.Object),java.util.ImmutableCollections$MapN,probe,ImmutableCollections.java,,SIDE_EFFECT_FREE,False,Unannotated Mismatch,Ours Only SEF,True,
java.util.ImmutableCollections$Set12.<init>(java.lang.Object),java.util.ImmutableCollections$Set12,<init>,ImmutableCollections.java,,SIDE_EFFECT_FREE,False,Unannotated Mismatch,Ours Only SEF,True,
"java.util.ImmutableCollections$Set12.<init>(java.lang.Object,java.lang.Object)",java.util.ImmutableCollections$Set12,<init>,ImmutableCollections.java,,SIDE_EFFECTING,False,Both Side-Effecting,Both Side-Effecting,False,writes to static field unknown
java.util.ImmutableCollections$SetN.<init>(java.lang.Object[]),java.util.ImmutableCollections$SetN,<init>,ImmutableCollections.java,,SIDE_EFFECTING,False,Both Side-Effecting,Both Side-Effecting,False,writes to static field unknown; mutates loaded object 'callee: load elements from parameter this' via field array element
java.util.ImmutableCollections$SetN.probe(java.lang.Object),java.util.ImmutableCollections$SetN,probe,ImmutableCollections.java,,SIDE_EFFECT_FREE,False,Unannotated Mismatch,Ours Only SEF,True,
java.util.ImmutableCollections.<init>(),java.util.ImmutableCollections,<init>,ImmutableCollections.java,,SIDE_EFFECT_FREE,False,Unannotated Mismatch,Ours Only SEF,True,
java.util.ImmutableCollections.listCopy(java.util.Collection),java.util.ImmutableCollections,listCopy,ImmutableCollections.java,,SIDE_EFFECTING,False,Both Side-Effecting,Both Side-Effecting,False,Collection parameter escapes to global scope
java.util.ImmutableCollections.listFromArray(java.lang.Object[]),java.util.ImmutableCollections,listFromArray,ImmutableCollections.java,,SIDE_EFFECT_FREE,False,Unannotated Mismatch,Ours Only SEF,True,
java.util.ImmutableCollections.listFromTrustedArray(java.lang.Object[]),java.util.ImmutableCollections,listFromTrustedArray,ImmutableCollections.java,,SIDE_EFFECTING,False,Both Side-Effecting,Both Side-Effecting,False,Object[] parameter escapes to global scope
java.util.ImmutableCollections.listFromTrustedArrayNullsAllowed(java.lang.Object[]),java.util.ImmutableCollections,listFromTrustedArrayNullsAllowed,ImmutableCollections.java,,SIDE_EFFECTING,False,Both Side-Effecting,Both Side-Effecting,False,Object[] parameter escapes to global scope
java.util.ImmutableCollections.uoe(),java.util.ImmutableCollections,uoe,ImmutableCollections.java,,SIDE_EFFECT_FREE,False,Unannotated Mismatch,Ours Only SEF,True,
java.util.Iterator.forEachRemaining(java.util.function.Consumer),java.util.Iterator,forEachRemaining,Iterator.java,,SIDE_EFFECTING,False,Both Side-Effecting,Both Side-Effecting,False,this escapes to global scope; Consumer parameter escapes to global scope
java.util.Iterator.remove(),java.util.Iterator,remove,Iterator.java,,SIDE_EFFECT_FREE,False,Unannotated Mismatch,Ours Only SEF,True,
"java.util.KeyValueHolder.<init>(java.lang.Object,java.lang.Object)",java.util.KeyValueHolder,<init>,KeyValueHolder.java,,SIDE_EFFECT_FREE,False,Unannotated Mismatch,Ours Only SEF,True,
java.util.KeyValueHolder.equals(java.lang.Object),java.util.KeyValueHolder,equals,KeyValueHolder.java,Pure,SIDE_EFFECTING,False,Annotated Mismatch,Both Side-Effecting,False,Object parameter escapes to global scope
java.util.KeyValueHolder.getKey(),java.util.KeyValueHolder,getKey,KeyValueHolder.java,,SIDE_EFFECT_FREE,False,Unannotated Mismatch,Ours Only SEF,True,
java.util.KeyValueHolder.getValue(),java.util.KeyValueHolder,getValue,KeyValueHolder.java,,SIDE_EFFECT_FREE,False,Unannotated Mismatch,Ours Only SEF,True,
java.util.KeyValueHolder.hashCode(),java.util.KeyValueHolder,hashCode,KeyValueHolder.java,,SIDE_EFFECT_FREE,False,Unannotated Mismatch,Ours Only SEF,True,
java.util.KeyValueHolder.setValue(java.lang.Object),java.util.KeyValueHolder,setValue,KeyValueHolder.java,,SIDE_EFFECT_FREE,False,Unannotated Mismatch,Ours Only SEF,True,
java.util.KeyValueHolder.toString(),java.util.KeyValueHolder,toString,KeyValueHolder.java,,SIDE_EFFECTING,False,Both Side-Effecting,Both Side-Effecting,False,writes to static field unknown
java.util.LinkedHashMap$LinkedEntryIterator.next(),java.util.LinkedHashMap$LinkedEntryIterator,next,LinkedHashMap.java,,SIDE_EFFECTING,False,Both Side-Effecting,Both Side-Effecting,False,this escapes to global scope
java.util.LinkedHashMap$LinkedEntrySet.addFirst(java.util.Map$Entry),java.util.LinkedHashMap$LinkedEntrySet,addFirst,LinkedHashMap.java,,SIDE_EFFECT_FREE,False,Unannotated Mismatch,Ours Only SEF,True,
java.util.LinkedHashMap$LinkedEntrySet.addLast(java.util.Map$Entry),java.util.LinkedHashMap$LinkedEntrySet,addLast,LinkedHashMap.java,,SIDE_EFFECT_FREE,False,Unannotated Mismatch,Ours Only SEF,True,
java.util.LinkedHashMap$LinkedEntrySet.contains(java.lang.Object),java.util.LinkedHashMap$LinkedEntrySet,contains,LinkedHashMap.java,Pure,SIDE_EFFECTING,False,Annotated Mismatch,Both Side-Effecting,False,Object parameter escapes to global scope; loaded object 'load this$0 from parameter this' escapes to global scope; loaded object 'callee: load name from Object parameter' escapes to global scope ... (+1 more)
java.util.LinkedHashMap$LinkedEntrySet.forEach(java.util.function.Consumer),java.util.LinkedHashMap$LinkedEntrySet,forEach,LinkedHashMap.java,,SIDE_EFFECTING,False,Both Side-Effecting,Both Side-Effecting,False,Consumer parameter escapes to global scope; loaded object 'load this$0 from parameter this' escapes to global scope; loaded object 'load tail from load this$0 from parameter this' escapes to global scope ... (+1 more)
java.util.LinkedHashMap$LinkedEntrySet.getFirst(),java.util.LinkedHashMap$LinkedEntrySet,getFirst,LinkedHashMap.java,,SIDE_EFFECT_FREE,False,Unannotated Mismatch,Ours Only SEF,True,
java.util.LinkedHashMap$LinkedEntrySet.getLast(),java.util.LinkedHashMap$LinkedEntrySet,getLast,LinkedHashMap.java,,SIDE_EFFECT_FREE,False,Unannotated Mismatch,Ours Only SEF,True,
java.util.LinkedHashMap$LinkedEntrySet.iterator(),java.util.LinkedHashMap$LinkedEntrySet,iterator,LinkedHashMap.java,SideEffectFree,SIDE_EFFECT_FREE,False,Match,Ours Only SEF,False,
java.util.LinkedHashMap$LinkedEntrySet.remove(java.lang.Object),java.util.LinkedHashMap$LinkedEntrySet,remove,LinkedHashMap.java,,SIDE_EFFECTING,False,Both Side-Effecting,Both Side-Effecting,False,Object parameter escapes to global scope; loaded object 'load this$0 from parameter this' escapes to global scope
java.util.LinkedHashMap$LinkedEntrySet.removeFirst(),java.util.LinkedHashMap$LinkedEntrySet,removeFirst,LinkedHashMap.java,,SIDE_EFFECTING,False,Both Side-Effecting,Both Side-Effecting,False,loaded object 'callee: load this$0 from parameter this' escapes to global scope; loaded object 'callee: load tail from load this$0 from parameter this' escapes to global scope; loaded object 'callee: load key from load tail from load this$0 from parameter this' escapes to global scope
java.util.LinkedHashMap$LinkedEntrySet.removeLast(),java.util.LinkedHashMap$LinkedEntrySet,removeLast,LinkedHashMap.java,,SIDE_EFFECTING,False,Both Side-Effecting,Both Side-Effecting,False,loaded object 'callee: load this$0 from parameter this' escapes to global scope; loaded object 'callee: load head from load this$0 from parameter this' escapes to global scope; loaded object 'callee: load key from load head from load this$0 from parameter this' escapes to global scope
java.util.LinkedHashMap$LinkedEntrySet.reversed(),java.util.LinkedHashMap$LinkedEntrySet,reversed,LinkedHashMap.java,,SIDE_EFFECTING,False,Both Side-Effecting,Both Side-Effecting,False,loaded object 'load this$0 from parameter this' escapes to global scope; mutates loaded object 'load this$0 from parameter this' via field array element; loaded object 'callee: load entrySet from parameter this' escapes to global scope
java.util.LinkedHashMap$LinkedEntrySet.spliterator(),java.util.LinkedHashMap$LinkedEntrySet,spliterator,LinkedHashMap.java,SideEffectFree,SIDE_EFFECT_FREE,False,Match,Ours Only SEF,False,
java.util.LinkedHashMap$LinkedHashIterator.hasNext(),java.util.LinkedHashMap$LinkedHashIterator,hasNext,LinkedHashMap.java,Pure,SIDE_EFFECT_FREE,False,Match,Ours Only SEF,False,
java.util.LinkedHashMap$LinkedHashIterator.nextNode(),java.util.LinkedHashMap$LinkedHashIterator,nextNode,LinkedHashMap.java,,SIDE_EFFECTING,False,Both Side-Effecting,Both Side-Effecting,False,mutates this via field next; mutates this via field current; loaded object 'load before from load next from parameter this' escapes to global scope
java.util.LinkedHashMap$LinkedHashIterator.remove(),java.util.LinkedHashMap$LinkedHashIterator,remove,LinkedHashMap.java,,SIDE_EFFECTING,False,Both Side-Effecting,Both Side-Effecting,False,mutates this via field expectedModCount; mutates this via field current; loaded object 'load this$0 from parameter this' escapes to global scope ... (+1 more)
java.util.LinkedHashMap$LinkedKeySet.toArray(),java.util.LinkedHashMap$LinkedKeySet,toArray,LinkedHashMap.java,,SIDE_EFFECT_FREE,False,Unannotated Mismatch,Ours Only SEF,True,
java.util.LinkedHashMap$LinkedKeySet.toArray(java.lang.Object[]),java.util.LinkedHashMap$LinkedKeySet,toArray,LinkedHashMap.java,,SIDE_EFFECTING,False,Both Side-Effecting,Both Side-Effecting,False,writes to static field unknown; Object[] parameter escapes to global scope; loaded object 'load this$0 from parameter this' escapes to global scope ... (+3 more)
java.util.LinkedHashMap$ReversedLinkedHashMapView.<init>(java.util.LinkedHashMap),java.util.LinkedHashMap$ReversedLinkedHashMapView,<init>,LinkedHashMap.java,,SIDE_EFFECT_FREE,False,Unannotated Mismatch,Ours Only SEF,True,
"java.util.LinkedHashMap$ReversedLinkedHashMapView.compute(java.lang.Object,java.util.function.BiFunction)",java.util.LinkedHashMap$ReversedLinkedHashMapView,compute,LinkedHashMap.java,,SIDE_EFFECTING,False,Both Side-Effecting,Both Side-Effecting,False,Object parameter escapes to global scope; BiFunction parameter escapes to global scope; loaded object 'load base from parameter this' escapes to global scope
"java.util.LinkedHashMap$ReversedLinkedHashMapView.computeIfAbsent(java.lang.Object,java.util.function.Function)",java.util.LinkedHashMap$ReversedLinkedHashMapView,computeIfAbsent,LinkedHashMap.java,,SIDE_EFFECTING,False,Both Side-Effecting,Both Side-Effecting,False,Object parameter escapes to global scope; Function parameter escapes to global scope; loaded object 'load base from parameter this' escapes to global scope
java.util.LinkedHashMap$ReversedLinkedHashMapView.containsKey(java.lang.Object),java.util.LinkedHashMap$ReversedLinkedHashMapView,containsKey,LinkedHashMap.java,,SIDE_EFFECTING,False,Both Side-Effecting,Both Side-Effecting,False,Object parameter escapes to global scope; loaded object 'load base from parameter this' escapes to global scope
java.util.LinkedHashMap$ReversedLinkedHashMapView.firstEntry(),java.util.LinkedHashMap$ReversedLinkedHashMapView,firstEntry,LinkedHashMap.java,,SIDE_EFFECTING,False,Both Side-Effecting,Both Side-Effecting,False,loaded object 'load base from parameter this' escapes to global scope
java.util.LinkedHashMap$ReversedLinkedHashMapView.lastEntry(),java.util.LinkedHashMap$ReversedLinkedHashMapView,lastEntry,LinkedHashMap.java,,SIDE_EFFECTING,False,Both Side-Effecting,Both Side-Effecting,False,loaded object 'callee: load base from parameter this' escapes to global scope
"java.util.LinkedHashMap$ReversedLinkedHashMapView.merge(java.lang.Object,java.lang.Object,java.util.function.BiFunction)",java.util.LinkedHashMap$ReversedLinkedHashMapView,merge,LinkedHashMap.java,,SIDE_EFFECTING,False,Both Side-Effecting,Both Side-Effecting,False,Object parameter escapes to global scope; Object parameter escapes to global scope; BiFunction parameter escapes to global scope ... (+1 more)
java.util.LinkedHashMap$ReversedLinkedHashMapView.pollFirstEntry(),java.util.LinkedHashMap$ReversedLinkedHashMapView,pollFirstEntry,LinkedHashMap.java,,SIDE_EFFECTING,False,Both Side-Effecting,Both Side-Effecting,False,loaded object 'callee: load base from parameter this' escapes to global scope
java.util.LinkedHashMap$ReversedLinkedHashMapView.pollLastEntry(),java.util.LinkedHashMap$ReversedLinkedHashMapView,pollLastEntry,LinkedHashMap.java,,SIDE_EFFECTING,False,Both Side-Effecting,Both Side-Effecting,False,loaded object 'load base from parameter this' escapes to global scope
"java.util.LinkedHashMap$ReversedLinkedHashMapView.put(java.lang.Object,java.lang.Object)",java.util.LinkedHashMap$ReversedLinkedHashMapView,put,LinkedHashMap.java,,SIDE_EFFECTING,False,Both Side-Effecting,Both Side-Effecting,False,Object parameter escapes to global scope; Object parameter escapes to global scope; loaded object 'load base from parameter this' escapes to global scope
"java.util.LinkedHashMap$ReversedLinkedHashMapView.putFirst(java.lang.Object,java.lang.Object)",java.util.LinkedHashMap$ReversedLinkedHashMapView,putFirst,LinkedHashMap.java,,SIDE_EFFECTING,False,Both Side-Effecting,Both Side-Effecting,False,Object parameter escapes to global scope; Object parameter escapes to global scope; mutates loaded object 'load base from parameter this' via field array element ... (+1 more)
"java.util.LinkedHashMap$ReversedLinkedHashMapView.putLast(java.lang.Object,java.lang.Object)",java.util.LinkedHashMap$ReversedLinkedHashMapView,putLast,LinkedHashMap.java,,SIDE_EFFECTING,False,Both Side-Effecting,Both Side-Effecting,False,Object parameter escapes to global scope; Object parameter escapes to global scope; mutates loaded object 'load base from parameter this' via field array element ... (+1 more)
java.util.LinkedHashMap$ReversedLinkedHashMapView.reversed(),java.util.LinkedHashMap$ReversedLinkedHashMapView,reversed,LinkedHashMap.java,,SIDE_EFFECT_FREE,False,Unannotated Mismatch,Ours Only SEF,True,
java.util.LinkedHashMap.<init>(int),java.util.LinkedHashMap,<init>,LinkedHashMap.java,,SIDE_EFFECT_FREE,False,Unannotated Mismatch,Ours Only SEF,True,
"java.util.LinkedHashMap.<init>(int,float)",java.util.LinkedHashMap,<init>,LinkedHashMap.java,,SIDE_EFFECT_FREE,False,Unannotated Mismatch,Ours Only SEF,True,
"java.util.LinkedHashMap.<init>(int,float,boolean)",java.util.LinkedHashMap,<init>,LinkedHashMap.java,,SIDE_EFFECT_FREE,False,Unannotated Mismatch,Ours Only SEF,True,
java.util.LinkedHashMap.<init>(java.util.Map),java.util.LinkedHashMap,<init>,LinkedHashMap.java,,SIDE_EFFECTING,False,Both Side-Effecting,Both Side-Effecting,False,this escapes to global scope; Map parameter escapes to global scope
java.util.LinkedHashMap.afterNodeInsertion(boolean),java.util.LinkedHashMap,afterNodeInsertion,LinkedHashMap.java,,SIDE_EFFECTING,False,Both Side-Effecting,Both Side-Effecting,False,writes to static field unknown; this escapes to global scope; mutates this via field size ... (+5 more)
java.util.LinkedHashMap.containsValue(java.lang.Object),java.util.LinkedHashMap,containsValue,LinkedHashMap.java,Pure,SIDE_EFFECT_FREE,True,Match,Both SEF,False,
java.util.LinkedHashMap.entrySet(),java.util.LinkedHashMap,entrySet,LinkedHashMap.java,SideEffectFree,SIDE_EFFECTING,True,Annotated Mismatch,Randoop Only SEF,False,this escapes to global scope; mutates this via field array element; loaded object 'callee: load entrySet from parameter this' escapes to global scope
java.util.LinkedHashMap.forEach(java.util.function.BiConsumer),java.util.LinkedHashMap,forEach,LinkedHashMap.java,,SIDE_EFFECTING,False,Both Side-Effecting,Both Side-Effecting,False,BiConsumer parameter escapes to global scope; loaded object 'load head from parameter this' escapes to global scope; loaded object 'load key from load head from parameter this' escapes to global scope ... (+2 more)
java.util.LinkedHashMap.get(java.lang.Object),java.util.LinkedHashMap,get,LinkedHashMap.java,Pure,SIDE_EFFECTING,True,Annotated Mismatch,Randoop Only SEF,False,writes to static field unknown; this escapes to global scope; mutates this via field array element ... (+5 more)
"java.util.LinkedHashMap.getOrDefault(java.lang.Object,java.lang.Object)",java.util.LinkedHashMap,getOrDefault,LinkedHashMap.java,Pure,SIDE_EFFECTING,False,Annotated Mismatch,Both Side-Effecting,False,writes to static field unknown; this escapes to global scope; mutates this via field array element ... (+5 more)
java.util.LinkedHashMap.keySet(),java.util.LinkedHashMap,keySet,LinkedHashMap.java,SideEffectFree,SIDE_EFFECTING,True,Annotated Mismatch,Randoop Only SEF,False,this escapes to global scope; mutates this via field array element; loaded object 'callee: load keySet from parameter this' escapes to global scope
java.util.LinkedHashMap.keysToArray(java.lang.Object[]),java.util.LinkedHashMap,keysToArray,LinkedHashMap.java,,SIDE_EFFECTING,False,Both Side-Effecting,Both Side-Effecting,False,mutates Object[] parameter via field array element
"java.util.LinkedHashMap.keysToArray(java.lang.Object[],boolean)",java.util.LinkedHashMap,keysToArray,LinkedHashMap.java,,SIDE_EFFECTING,False,Both Side-Effecting,Both Side-Effecting,False,mutates Object[] parameter via field array element
java.util.LinkedHashMap.linkNodeAtEnd(java.util.LinkedHashMap$Entry),java.util.LinkedHashMap,linkNodeAtEnd,LinkedHashMap.java,,SIDE_EFFECTING,False,Both Side-Effecting,Both Side-Effecting,False,mutates this via field tail; mutates this via field head; mutates LinkedHashMap$Entry parameter via field before ... (+3 more)
"java.util.LinkedHashMap.putFirst(java.lang.Object,java.lang.Object)",java.util.LinkedHashMap,putFirst,LinkedHashMap.java,,SIDE_EFFECTING,False,Both Side-Effecting,Both Side-Effecting,False,mutates this via field putMode; Object parameter escapes to global scope; Object parameter escapes to global scope ... (+1 more)
"java.util.LinkedHashMap.putLast(java.lang.Object,java.lang.Object)",java.util.LinkedHashMap,putLast,LinkedHashMap.java,,SIDE_EFFECTING,False,Both Side-Effecting,Both Side-Effecting,False,mutates this via field putMode; Object parameter escapes to global scope; Object parameter escapes to global scope ... (+1 more)
java.util.LinkedHashMap.reinitialize(),java.util.LinkedHashMap,reinitialize,LinkedHashMap.java,,SIDE_EFFECTING,False,Both Side-Effecting,Both Side-Effecting,False,mutates this via field array element; mutates this via field tail; mutates this via field head
java.util.LinkedHashMap.removeEldestEntry(java.util.Map$Entry),java.util.LinkedHashMap,removeEldestEntry,LinkedHashMap.java,,SIDE_EFFECT_FREE,False,Unannotated Mismatch,Ours Only SEF,True,
java.util.LinkedHashMap.replaceAll(java.util.function.BiFunction),java.util.LinkedHashMap,replaceAll,LinkedHashMap.java,,SIDE_EFFECTING,False,Both Side-Effecting,Both Side-Effecting,False,BiFunction parameter escapes to global scope; loaded object 'load head from parameter this' escapes to global scope; mutates loaded object 'load head from parameter this' via field value ... (+4 more)
java.util.LinkedHashMap.reversed(),java.util.LinkedHashMap,reversed,LinkedHashMap.java,,SIDE_EFFECTING,False,Both Side-Effecting,Both Side-Effecting,False,this escapes to global scope
java.util.LinkedHashMap.sequencedEntrySet(),java.util.LinkedHashMap,sequencedEntrySet,LinkedHashMap.java,,SIDE_EFFECTING,False,Both Side-Effecting,Both Side-Effecting,False,this escapes to global scope; mutates this via field entrySet; loaded object 'load entrySet from parameter this' escapes to global scope
java.util.LinkedHashMap.sequencedKeySet(),java.util.LinkedHashMap,sequencedKeySet,LinkedHashMap.java,,SIDE_EFFECTING,False,Both Side-Effecting,Both Side-Effecting,False,this escapes to global scope; mutates this via field keySet; loaded object 'load keySet from parameter this' escapes to global scope
java.util.LinkedHashMap.sequencedValues(),java.util.LinkedHashMap,sequencedValues,LinkedHashMap.java,,SIDE_EFFECTING,False,Both Side-Effecting,Both Side-Effecting,False,this escapes to global scope; mutates this via field values; loaded object 'load values from parameter this' escapes to global scope
"java.util.LinkedHashMap.transferLinks(java.util.LinkedHashMap$Entry,java.util.LinkedHashMap$Entry)",java.util.LinkedHashMap,transferLinks,LinkedHashMap.java,,SIDE_EFFECTING,False,Both Side-Effecting,Both Side-Effecting,False,mutates this via field tail; mutates this via field head; mutates LinkedHashMap$Entry parameter via field before ... (+3 more)
java.util.LinkedHashMap.values(),java.util.LinkedHashMap,values,LinkedHashMap.java,,SIDE_EFFECTING,False,Both Side-Effecting,Both Side-Effecting,False,this escapes to global scope; mutates this via field array element; loaded object 'callee: load values from parameter this' escapes to global scope
"java.util.LinkedHashMap.valuesToArray(java.lang.Object[],boolean)",java.util.LinkedHashMap,valuesToArray,LinkedHashMap.java,,SIDE_EFFECTING,False,Both Side-Effecting,Both Side-Effecting,False,mutates Object[] parameter via field array element
java.util.List.addFirst(java.lang.Object),java.util.List,addFirst,List.java,,SIDE_EFFECTING,False,Both Side-Effecting,Both Side-Effecting,False,this escapes to global scope; Object parameter escapes to global scope
java.util.List.addLast(java.lang.Object),java.util.List,addLast,List.java,,SIDE_EFFECTING,False,Both Side-Effecting,Both Side-Effecting,False,this escapes to global scope; Object parameter escapes to global scope
java.util.List.copyOf(java.util.Collection),java.util.List,copyOf,List.java,,SIDE_EFFECTING,False,Both Side-Effecting,Both Side-Effecting,False,Collection parameter escapes to global scope
java.util.List.getFirst(),java.util.List,getFirst,List.java,,SIDE_EFFECTING,False,Both Side-Effecting,Both Side-Effecting,False,this escapes to global scope
java.util.List.getLast(),java.util.List,getLast,List.java,,SIDE_EFFECTING,False,Both Side-Effecting,Both Side-Effecting,False,this escapes to global scope
java.util.List.of(),java.util.List,of,List.java,,SIDE_EFFECT_FREE,False,Unannotated Mismatch,Ours Only SEF,True,
java.util.List.of(java.lang.Object),java.util.List,of,List.java,,SIDE_EFFECT_FREE,False,Unannotated Mismatch,Ours Only SEF,True,
"java.util.List.of(java.lang.Object,java.lang.Object)",java.util.List,of,List.java,,SIDE_EFFECT_FREE,False,Unannotated Mismatch,Ours Only SEF,True,
"java.util.List.of(java.lang.Object,java.lang.Object,java.lang.Object)",java.util.List,of,List.java,,SIDE_EFFECT_FREE,False,Unannotated Mismatch,Ours Only SEF,True,
"java.util.List.of(java.lang.Object,java.lang.Object,java.lang.Object,java.lang.Object)",java.util.List,of,List.java,,SIDE_EFFECT_FREE,False,Unannotated Mismatch,Ours Only SEF,True,
"java.util.List.of(java.lang.Object,java.lang.Object,java.lang.Object,java.lang.Object,java.lang.Object)",java.util.List,of,List.java,,SIDE_EFFECT_FREE,False,Unannotated Mismatch,Ours Only SEF,True,
"java.util.List.of(java.lang.Object,java.lang.Object,java.lang.Object,java.lang.Object,java.lang.Object,java.lang.Object)",java.util.List,of,List.java,,SIDE_EFFECT_FREE,False,Unannotated Mismatch,Ours Only SEF,True,
"java.util.List.of(java.lang.Object,java.lang.Object,java.lang.Object,java.lang.Object,java.lang.Object,java.lang.Object,java.lang.Object)",java.util.List,of,List.java,,SIDE_EFFECT_FREE,False,Unannotated Mismatch,Ours Only SEF,True,
"java.util.List.of(java.lang.Object,java.lang.Object,java.lang.Object,java.lang.Object,java.lang.Object,java.lang.Object,java.lang.Object,java.lang.Object)",java.util.List,of,List.java,,SIDE_EFFECT_FREE,False,Unannotated Mismatch,Ours Only SEF,True,
"java.util.List.of(java.lang.Object,java.lang.Object,java.lang.Object,java.lang.Object,java.lang.Object,java.lang.Object,java.lang.Object,java.lang.Object,java.lang.Object)",java.util.List,of,List.java,,SIDE_EFFECT_FREE,False,Unannotated Mismatch,Ours Only SEF,True,
"java.util.List.of(java.lang.Object,java.lang.Object,java.lang.Object,java.lang.Object,java.lang.Object,java.lang.Object,java.lang.Object,java.lang.Object,java.lang.Object,java.lang.Object)",java.util.List,of,List.java,,SIDE_EFFECT_FREE,False,Unannotated Mismatch,Ours Only SEF,True,
java.util.List.of(java.lang.Object[]),java.util.List,of,List.java,,SIDE_EFFECT_FREE,False,Unannotated Mismatch,Ours Only SEF,True,
java.util.List.removeFirst(),java.util.List,removeFirst,List.java,,SIDE_EFFECTING,False,Both Side-Effecting,Both Side-Effecting,False,this escapes to global scope
java.util.List.removeLast(),java.util.List,removeLast,List.java,,SIDE_EFFECTING,False,Both Side-Effecting,Both Side-Effecting,False,this escapes to global scope
java.util.List.replaceAll(java.util.function.UnaryOperator),java.util.List,replaceAll,List.java,,SIDE_EFFECTING,False,Both Side-Effecting,Both Side-Effecting,False,this escapes to global scope; UnaryOperator parameter escapes to global scope
java.util.List.reversed(),java.util.List,reversed,List.java,,SIDE_EFFECT_FREE,False,Unannotated Mismatch,Ours Only SEF,True,
java.util.List.sort(java.util.Comparator),java.util.List,sort,List.java,,SIDE_EFFECTING,False,Both Side-Effecting,Both Side-Effecting,False,writes to static field unknown; this escapes to global scope; Comparator parameter escapes to global scope
java.util.List.spliterator(),java.util.List,spliterator,List.java,SideEffectFree,SIDE_EFFECT_FREE,False,Match,Ours Only SEF,False,
java.util.Locale.clone(),java.util.Locale,clone,Locale.java,SideEffectFree,SIDE_EFFECTING,True,Annotated Mismatch,Randoop Only SEF,False,writes to static field unknown; this escapes to global scope
java.util.Locale.convertOldISOCodes(java.lang.String),java.util.Locale,convertOldISOCodes,Locale.java,,SIDE_EFFECTING,False,Both Side-Effecting,Both Side-Effecting,False,String parameter escapes to global scope
java.util.Locale.equals(java.lang.Object),java.util.Locale,equals,Locale.java,Pure,SIDE_EFFECTING,True,Annotated Mismatch,Randoop Only SEF,False,loaded object 'load baseLocale from Object parameter' escapes to global scope; loaded object 'load baseLocale from parameter this' escapes to global scope; loaded object 'load localeExtensions from parameter this' escapes to global scope ... (+1 more)
"java.util.Locale.getCompatibilityExtensions(java.lang.String,java.lang.String,java.lang.String,java.lang.String)",java.util.Locale,getCompatibilityExtensions,Locale.java,,SIDE_EFFECTING,False,Both Side-Effecting,Both Side-Effecting,False,String parameter escapes to global scope; String parameter escapes to global scope
java.util.Locale.getDefault(),java.util.Locale,getDefault,Locale.java,,SIDE_EFFECT_FREE,False,Unannotated Mismatch,Ours Only SEF,True,
java.util.Locale.getDefault(java.util.Locale$Category),java.util.Locale,getDefault,Locale.java,,SIDE_EFFECTING,False,Both Side-Effecting,Both Side-Effecting,False,writes to static field defaultFormatLocale; writes to static field defaultDisplayLocale; writes to static field unknown
java.util.Locale.getDefaultExtensions(java.lang.String),java.util.Locale,getDefaultExtensions,Locale.java,,SIDE_EFFECTING,False,Both Side-Effecting,Both Side-Effecting,False,String parameter escapes to global scope
java.util.Locale.getDisplayLocale(),java.util.Locale,getDisplayLocale,Locale.java,,SIDE_EFFECTING,False,Both Side-Effecting,Both Side-Effecting,False,writes to static field defaultDisplayLocale
java.util.Locale.getFormatLocale(),java.util.Locale,getFormatLocale,Locale.java,,SIDE_EFFECTING,False,Both Side-Effecting,Both Side-Effecting,False,writes to static field defaultFormatLocale
"java.util.Locale.getInstance(java.lang.String,java.lang.String,java.lang.String,java.lang.String,sun.util.locale.LocaleExtensions)",java.util.Locale,getInstance,Locale.java,,SIDE_EFFECTING,False,Both Side-Effecting,Both Side-Effecting,False,String parameter escapes to global scope; String parameter escapes to global scope; String parameter escapes to global scope ... (+2 more)
"java.util.Locale.getInstance(sun.util.locale.BaseLocale,sun.util.locale.LocaleExtensions)",java.util.Locale,getInstance,Locale.java,,SIDE_EFFECTING,False,Both Side-Effecting,Both Side-Effecting,False,BaseLocale parameter escapes to global scope; LocaleExtensions parameter escapes to global scope
java.util.Locale.getLanguage(),java.util.Locale,getLanguage,Locale.java,,SIDE_EFFECTING,False,Both Side-Effecting,Both Side-Effecting,False,loaded object 'load baseLocale from parameter this' escapes to global scope
java.util.Locale.getScript(),java.util.Locale,getScript,Locale.java,,SIDE_EFFECTING,False,Both Side-Effecting,Both Side-Effecting,False,loaded object 'load baseLocale from parameter this' escapes to global scope
java.util.Locale.getVariant(),java.util.Locale,getVariant,Locale.java,,SIDE_EFFECTING,False,Both Side-Effecting,Both Side-Effecting,False,loaded object 'load baseLocale from parameter this' escapes to global scope
java.util.Locale.initDefault(java.util.Locale$Category),java.util.Locale,initDefault,Locale.java,,SIDE_EFFECT_FREE,False,Unannotated Mismatch,Ours Only SEF,True,
java.util.Locale.toString(),java.util.Locale,toString,Locale.java,SideEffectFree,SIDE_EFFECTING,True,Annotated Mismatch,Randoop Only SEF,False,writes to static field unknown; loaded object 'load baseLocale from parameter this' escapes to global scope; loaded object 'callee: load baseLocale from parameter this' escapes to global scope ... (+6 more)
java.util.Map$Entry.comparingByKey(),java.util.Map$Entry,comparingByKey,Map.java,Pure,SIDE_EFFECT_FREE,False,Match,Ours Only SEF,False,
java.util.Map$Entry.comparingByKey(java.util.Comparator),java.util.Map$Entry,comparingByKey,Map.java,Pure,SIDE_EFFECTING,False,Annotated Mismatch,Both Side-Effecting,False,Comparator parameter escapes to global scope
java.util.Map$Entry.comparingByValue(),java.util.Map$Entry,comparingByValue,Map.java,Pure,SIDE_EFFECT_FREE,False,Match,Ours Only SEF,False,
java.util.Map$Entry.comparingByValue(java.util.Comparator),java.util.Map$Entry,comparingByValue,Map.java,Pure,SIDE_EFFECTING,False,Annotated Mismatch,Both Side-Effecting,False,Comparator parameter escapes to global scope
java.util.Map$Entry.copyOf(java.util.Map$Entry),java.util.Map$Entry,copyOf,Map.java,,SIDE_EFFECTING,False,Both Side-Effecting,Both Side-Effecting,False,Map$Entry parameter escapes to global scope
"java.util.Map.compute(java.lang.Object,java.util.function.BiFunction)",java.util.Map,compute,Map.java,,SIDE_EFFECTING,False,Both Side-Effecting,Both Side-Effecting,False,this escapes to global scope; Object parameter escapes to global scope; BiFunction parameter escapes to global scope
"java.util.Map.computeIfAbsent(java.lang.Object,java.util.function.Function)",java.util.Map,computeIfAbsent,Map.java,,SIDE_EFFECTING,False,Both Side-Effecting,Both Side-Effecting,False,this escapes to global scope; Object parameter escapes to global scope; Function parameter escapes to global scope
"java.util.Map.computeIfPresent(java.lang.Object,java.util.function.BiFunction)",java.util.Map,computeIfPresent,Map.java,,SIDE_EFFECTING,False,Both Side-Effecting,Both Side-Effecting,False,this escapes to global scope; Object parameter escapes to global scope; BiFunction parameter escapes to global scope
java.util.Map.copyOf(java.util.Map),java.util.Map,copyOf,Map.java,,SIDE_EFFECTING,False,Both Side-Effecting,Both Side-Effecting,False,writes to static field unknown; Map parameter escapes to global scope
"java.util.Map.entry(java.lang.Object,java.lang.Object)",java.util.Map,entry,Map.java,,SIDE_EFFECT_FREE,False,Unannotated Mismatch,Ours Only SEF,True,
java.util.Map.forEach(java.util.function.BiConsumer),java.util.Map,forEach,Map.java,,SIDE_EFFECTING,False,Both Side-Effecting,Both Side-Effecting,False,writes to static field unknown; this escapes to global scope; BiConsumer parameter escapes to global scope
"java.util.Map.getOrDefault(java.lang.Object,java.lang.Object)",java.util.Map,getOrDefault,Map.java,Pure,SIDE_EFFECTING,False,Annotated Mismatch,Both Side-Effecting,False,this escapes to global scope; Object parameter escapes to global scope
"java.util.Map.merge(java.lang.Object,java.lang.Object,java.util.function.BiFunction)",java.util.Map,merge,Map.java,,SIDE_EFFECTING,False,Both Side-Effecting,Both Side-Effecting,False,this escapes to global scope; Object parameter escapes to global scope; Object parameter escapes to global scope ... (+1 more)
java.util.Map.of(),java.util.Map,of,Map.java,,SIDE_EFFECT_FREE,False,Unannotated Mismatch,Ours Only SEF,True,
"java.util.Map.of(java.lang.Object,java.lang.Object)",java.util.Map,of,Map.java,,SIDE_EFFECT_FREE,False,Unannotated Mismatch,Ours Only SEF,True,
"java.util.Map.of(java.lang.Object,java.lang.Object,java.lang.Object,java.lang.Object)",java.util.Map,of,Map.java,,SIDE_EFFECTING,False,Both Side-Effecting,Both Side-Effecting,False,writes to static field unknown
"java.util.Map.of(java.lang.Object,java.lang.Object,java.lang.Object,java.lang.Object,java.lang.Object,java.lang.Object)",java.util.Map,of,Map.java,,SIDE_EFFECTING,False,Both Side-Effecting,Both Side-Effecting,False,writes to static field unknown
"java.util.Map.of(java.lang.Object,java.lang.Object,java.lang.Object,java.lang.Object,java.lang.Object,java.lang.Object,java.lang.Object,java.lang.Object)",java.util.Map,of,Map.java,,SIDE_EFFECTING,False,Both Side-Effecting,Both Side-Effecting,False,writes to static field unknown
"java.util.Map.of(java.lang.Object,java.lang.Object,java.lang.Object,java.lang.Object,java.lang.Object,java.lang.Object,java.lang.Object,java.lang.Object,java.lang.Object,java.lang.Object)",java.util.Map,of,Map.java,,SIDE_EFFECTING,False,Both Side-Effecting,Both Side-Effecting,False,writes to static field unknown
"java.util.Map.of(java.lang.Object,java.lang.Object,java.lang.Object,java.lang.Object,java.lang.Object,java.lang.Object,java.lang.Object,java.lang.Object,java.lang.Object,java.lang.Object,java.lang.Object,java.lang.Object)",java.util.Map,of,Map.java,,SIDE_EFFECTING,False,Both Side-Effecting,Both Side-Effecting,False,writes to static field unknown
"java.util.Map.putIfAbsent(java.lang.Object,java.lang.Object)",java.util.Map,putIfAbsent,Map.java,,SIDE_EFFECTING,False,Both Side-Effecting,Both Side-Effecting,False,this escapes to global scope; Object parameter escapes to global scope; Object parameter escapes to global scope
"java.util.Map.remove(java.lang.Object,java.lang.Object)",java.util.Map,remove,Map.java,,SIDE_EFFECTING,False,Both Side-Effecting,Both Side-Effecting,False,this escapes to global scope; Object parameter escapes to global scope
"java.util.Map.replace(java.lang.Object,java.lang.Object)",java.util.Map,replace,Map.java,,SIDE_EFFECTING,False,Both Side-Effecting,Both Side-Effecting,False,this escapes to global scope; Object parameter escapes to global scope; Object parameter escapes to global scope
"java.util.Map.replace(java.lang.Object,java.lang.Object,java.lang.Object)",java.util.Map,replace,Map.java,,SIDE_EFFECTING,False,Both Side-Effecting,Both Side-Effecting,False,this escapes to global scope; Object parameter escapes to global scope; Object parameter escapes to global scope
java.util.Map.replaceAll(java.util.function.BiFunction),java.util.Map,replaceAll,Map.java,,SIDE_EFFECTING,False,Both Side-Effecting,Both Side-Effecting,False,writes to static field unknown; this escapes to global scope; BiFunction parameter escapes to global scope
java.util.Objects.<init>(),java.util.Objects,<init>,Objects.java,,SIDE_EFFECTING,False,Both Side-Effecting,Both Side-Effecting,False,writes to static field unknown
"java.util.Objects.checkFromIndexSize(int,int,int)",java.util.Objects,checkFromIndexSize,Objects.java,,SIDE_EFFECT_FREE,False,Unannotated Mismatch,Ours Only SEF,True,
"java.util.Objects.checkFromIndexSize(long,long,long)",java.util.Objects,checkFromIndexSize,Objects.java,Pure,SIDE_EFFECT_FREE,False,Match,Ours Only SEF,False,
"java.util.Objects.checkFromToIndex(int,int,int)",java.util.Objects,checkFromToIndex,Objects.java,,SIDE_EFFECT_FREE,False,Unannotated Mismatch,Ours Only SEF,True,
"java.util.Objects.checkFromToIndex(long,long,long)",java.util.Objects,checkFromToIndex,Objects.java,Pure,SIDE_EFFECT_FREE,False,Match,Ours Only SEF,False,
"java.util.Objects.checkIndex(int,int)",java.util.Objects,checkIndex,Objects.java,,SIDE_EFFECT_FREE,False,Unannotated Mismatch,Ours Only SEF,True,
"java.util.Objects.checkIndex(long,long)",java.util.Objects,checkIndex,Objects.java,Pure,SIDE_EFFECT_FREE,False,Match,Ours Only SEF,False,
"java.util.Objects.compare(java.lang.Object,java.lang.Object,java.util.Comparator)",java.util.Objects,compare,Objects.java,Pure,SIDE_EFFECTING,False,Annotated Mismatch,Both Side-Effecting,False,Object parameter escapes to global scope; Object parameter escapes to global scope; Comparator parameter escapes to global scope
"java.util.Objects.deepEquals(java.lang.Object,java.lang.Object)",java.util.Objects,deepEquals,Objects.java,Pure,SIDE_EFFECTING,False,Annotated Mismatch,Both Side-Effecting,False,Object parameter escapes to global scope; Object parameter escapes to global scope
"java.util.Objects.equals(java.lang.Object,java.lang.Object)",java.util.Objects,equals,Objects.java,Pure,SIDE_EFFECT_FREE,False,Match,Ours Only SEF,False,
java.util.Objects.hash(java.lang.Object[]),java.util.Objects,hash,Objects.java,Pure,SIDE_EFFECT_FREE,True,Match,Both SEF,False,
java.util.Objects.hashCode(java.lang.Object),java.util.Objects,hashCode,Objects.java,Pure,SIDE_EFFECT_FREE,True,Match,Both SEF,False,
java.util.Objects.isNull(java.lang.Object),java.util.Objects,isNull,Objects.java,Pure,SIDE_EFFECT_FREE,True,Match,Both SEF,False,
java.util.Objects.nonNull(java.lang.Object),java.util.Objects,nonNull,Objects.java,Pure,SIDE_EFFECT_FREE,True,Match,Both SEF,False,
java.util.Objects.requireNonNull(java.lang.Object),java.util.Objects,requireNonNull,Objects.java,,SIDE_EFFECT_FREE,True,Unannotated Mismatch,Both SEF,False,
"java.util.Objects.requireNonNull(java.lang.Object,java.lang.String)",java.util.Objects,requireNonNull,Objects.java,SideEffectFree,SIDE_EFFECTING,False,Annotated Mismatch,Both Side-Effecting,False,String parameter escapes to global scope
"java.util.Objects.requireNonNull(java.lang.Object,java.util.function.Supplier)",java.util.Objects,requireNonNull,Objects.java,Pure,SIDE_EFFECTING,False,Annotated Mismatch,Both Side-Effecting,False,Supplier parameter escapes to global scope
"java.util.Objects.requireNonNullElse(java.lang.Object,java.lang.Object)",java.util.Objects,requireNonNullElse,Objects.java,,SIDE_EFFECT_FREE,False,Unannotated Mismatch,Ours Only SEF,True,
"java.util.Objects.requireNonNullElseGet(java.lang.Object,java.util.function.Supplier)",java.util.Objects,requireNonNullElseGet,Objects.java,,SIDE_EFFECTING,False,Both Side-Effecting,Both Side-Effecting,False,Supplier parameter escapes to global scope
java.util.Objects.toIdentityString(java.lang.Object),java.util.Objects,toIdentityString,Objects.java,,SIDE_EFFECTING,False,Both Side-Effecting,Both Side-Effecting,False,writes to static field unknown
java.util.Objects.toString(java.lang.Object),java.util.Objects,toString,Objects.java,SideEffectFree,SIDE_EFFECT_FREE,True,Match,Both SEF,False,
"java.util.Objects.toString(java.lang.Object,java.lang.String)",java.util.Objects,toString,Objects.java,SideEffectFree,SIDE_EFFECT_FREE,False,Match,Ours Only SEF,False,
java.util.Optional.<init>(java.lang.Object),java.util.Optional,<init>,Optional.java,,SIDE_EFFECT_FREE,False,Unannotated Mismatch,Ours Only SEF,True,
java.util.Optional.empty(),java.util.Optional,empty,Optional.java,Pure,SIDE_EFFECT_FREE,False,Match,Ours Only SEF,False,
java.util.Optional.equals(java.lang.Object),java.util.Optional,equals,Optional.java,Pure,SIDE_EFFECT_FREE,True,Match,Both SEF,False,
java.util.Optional.filter(java.util.function.Predicate),java.util.Optional,filter,Optional.java,,SIDE_EFFECTING,False,Both Side-Effecting,Both Side-Effecting,False,Predicate parameter escapes to global scope; loaded object 'callee: load value from parameter this' escapes to global scope
java.util.Optional.flatMap(java.util.function.Function),java.util.Optional,flatMap,Optional.java,,SIDE_EFFECTING,False,Both Side-Effecting,Both Side-Effecting,False,Function parameter escapes to global scope; loaded object 'callee: load value from parameter this' escapes to global scope
java.util.Optional.get(),java.util.Optional,get,Optional.java,Pure,SIDE_EFFECT_FREE,False,Match,Ours Only SEF,False,
java.util.Optional.hashCode(),java.util.Optional,hashCode,Optional.java,Pure,SIDE_EFFECT_FREE,True,Match,Both SEF,False,
java.util.Optional.ifPresent(java.util.function.Consumer),java.util.Optional,ifPresent,Optional.java,,SIDE_EFFECTING,False,Both Side-Effecting,Both Side-Effecting,False,Consumer parameter escapes to global scope; loaded object 'load value from parameter this' escapes to global scope
"java.util.Optional.ifPresentOrElse(java.util.function.Consumer,java.lang.Runnable)",java.util.Optional,ifPresentOrElse,Optional.java,,SIDE_EFFECTING,False,Both Side-Effecting,Both Side-Effecting,False,Consumer parameter escapes to global scope; Runnable parameter escapes to global scope; loaded object 'load value from parameter this' escapes to global scope
java.util.Optional.isEmpty(),java.util.Optional,isEmpty,Optional.java,Pure,SIDE_EFFECT_FREE,False,Match,Ours Only SEF,False,
java.util.Optional.isPresent(),java.util.Optional,isPresent,Optional.java,Pure,SIDE_EFFECT_FREE,False,Match,Ours Only SEF,False,
java.util.Optional.map(java.util.function.Function),java.util.Optional,map,Optional.java,SideEffectFree,SIDE_EFFECTING,False,Annotated Mismatch,Both Side-Effecting,False,Function parameter escapes to global scope; loaded object 'callee: load value from parameter this' escapes to global scope
java.util.Optional.of(java.lang.Object),java.util.Optional,of,Optional.java,SideEffectFree,SIDE_EFFECT_FREE,False,Match,Ours Only SEF,False,
java.util.Optional.ofNullable(java.lang.Object),java.util.Optional,ofNullable,Optional.java,SideEffectFree,SIDE_EFFECT_FREE,False,Match,Ours Only SEF,False,
java.util.Optional.or(java.util.function.Supplier),java.util.Optional,or,Optional.java,,SIDE_EFFECTING,False,Both Side-Effecting,Both Side-Effecting,False,Supplier parameter escapes to global scope
java.util.Optional.orElse(java.lang.Object),java.util.Optional,orElse,Optional.java,Pure,SIDE_EFFECT_FREE,False,Match,Ours Only SEF,False,
java.util.Optional.orElseGet(java.util.function.Supplier),java.util.Optional,orElseGet,Optional.java,,SIDE_EFFECTING,False,Both Side-Effecting,Both Side-Effecting,False,Supplier parameter escapes to global scope
java.util.Optional.orElseThrow(),java.util.Optional,orElseThrow,Optional.java,Pure,SIDE_EFFECT_FREE,False,Match,Ours Only SEF,False,
java.util.Optional.orElseThrow(java.util.function.Supplier),java.util.Optional,orElseThrow,Optional.java,,SIDE_EFFECTING,False,Both Side-Effecting,Both Side-Effecting,False,Supplier parameter escapes to global scope
java.util.Optional.stream(),java.util.Optional,stream,Optional.java,SideEffectFree,SIDE_EFFECTING,False,Annotated Mismatch,Both Side-Effecting,False,loaded object 'callee: load value from parameter this' escapes to global scope
java.util.Optional.toString(),java.util.Optional,toString,Optional.java,SideEffectFree,SIDE_EFFECTING,True,Annotated Mismatch,Randoop Only SEF,False,writes to static field unknown
java.util.OptionalInt.<init>(),java.util.OptionalInt,<init>,OptionalInt.java,,SIDE_EFFECT_FREE,False,Unannotated Mismatch,Ours Only SEF,True,
java.util.OptionalInt.<init>(int),java.util.OptionalInt,<init>,OptionalInt.java,,SIDE_EFFECT_FREE,False,Unannotated Mismatch,Ours Only SEF,True,
java.util.OptionalInt.empty(),java.util.OptionalInt,empty,OptionalInt.java,SideEffectFree,SIDE_EFFECT_FREE,False,Match,Ours Only SEF,False,
java.util.OptionalInt.equals(java.lang.Object),java.util.OptionalInt,equals,OptionalInt.java,Pure,SIDE_EFFECT_FREE,False,Match,Ours Only SEF,False,
java.util.OptionalInt.getAsInt(),java.util.OptionalInt,getAsInt,OptionalInt.java,Pure,SIDE_EFFECT_FREE,False,Match,Ours Only SEF,False,
java.util.OptionalInt.hashCode(),java.util.OptionalInt,hashCode,OptionalInt.java,Pure,SIDE_EFFECT_FREE,False,Match,Ours Only SEF,False,
java.util.OptionalInt.ifPresent(java.util.function.IntConsumer),java.util.OptionalInt,ifPresent,OptionalInt.java,,SIDE_EFFECTING,False,Both Side-Effecting,Both Side-Effecting,False,IntConsumer parameter escapes to global scope
"java.util.OptionalInt.ifPresentOrElse(java.util.function.IntConsumer,java.lang.Runnable)",java.util.OptionalInt,ifPresentOrElse,OptionalInt.java,,SIDE_EFFECTING,False,Both Side-Effecting,Both Side-Effecting,False,IntConsumer parameter escapes to global scope; Runnable parameter escapes to global scope
java.util.OptionalInt.isEmpty(),java.util.OptionalInt,isEmpty,OptionalInt.java,Pure,SIDE_EFFECT_FREE,False,Match,Ours Only SEF,False,
java.util.OptionalInt.isPresent(),java.util.OptionalInt,isPresent,OptionalInt.java,Pure,SIDE_EFFECT_FREE,False,Match,Ours Only SEF,False,
java.util.OptionalInt.of(int),java.util.OptionalInt,of,OptionalInt.java,SideEffectFree,SIDE_EFFECT_FREE,False,Match,Ours Only SEF,False,
java.util.OptionalInt.orElse(int),java.util.OptionalInt,orElse,OptionalInt.java,,SIDE_EFFECT_FREE,False,Unannotated Mismatch,Ours Only SEF,True,
java.util.OptionalInt.orElseGet(java.util.function.IntSupplier),java.util.OptionalInt,orElseGet,OptionalInt.java,,SIDE_EFFECTING,False,Both Side-Effecting,Both Side-Effecting,False,IntSupplier parameter escapes to global scope
java.util.OptionalInt.orElseThrow(),java.util.OptionalInt,orElseThrow,OptionalInt.java,Pure,SIDE_EFFECT_FREE,False,Match,Ours Only SEF,False,
java.util.OptionalInt.orElseThrow(java.util.function.Supplier),java.util.OptionalInt,orElseThrow,OptionalInt.java,,SIDE_EFFECTING,False,Both Side-Effecting,Both Side-Effecting,False,Supplier parameter escapes to global scope
java.util.OptionalInt.stream(),java.util.OptionalInt,stream,OptionalInt.java,SideEffectFree,SIDE_EFFECT_FREE,False,Match,Ours Only SEF,False,
java.util.OptionalInt.toString(),java.util.OptionalInt,toString,OptionalInt.java,,SIDE_EFFECTING,False,Both Side-Effecting,Both Side-Effecting,False,writes to static field unknown
java.util.Properties$EntrySet.<init>(java.util.Set),java.util.Properties$EntrySet,<init>,Properties.java,,SIDE_EFFECT_FREE,False,Unannotated Mismatch,Ours Only SEF,True,
java.util.Properties$EntrySet.addAll(java.util.Collection),java.util.Properties$EntrySet,addAll,Properties.java,,SIDE_EFFECT_FREE,False,Unannotated Mismatch,Ours Only SEF,True,
java.util.Properties$EntrySet.retainAll(java.util.Collection),java.util.Properties$EntrySet,retainAll,Properties.java,,SIDE_EFFECTING,False,Both Side-Effecting,Both Side-Effecting,False,Collection parameter escapes to global scope; loaded object 'load entrySet from parameter this' escapes to global scope
java.util.Properties$LineReader.<init>(java.io.Reader),java.util.Properties$LineReader,<init>,Properties.java,,SIDE_EFFECT_FREE,False,Unannotated Mismatch,Ours Only SEF,True,
java.util.Properties$LineReader.readLine(),java.util.Properties$LineReader,readLine,Properties.java,,SIDE_EFFECTING,False,Both Side-Effecting,Both Side-Effecting,False,mutates this via field inOff; mutates this via field inLimit; mutates this via field lineBuf ... (+6 more)
java.util.Properties.<init>(java.util.Properties),java.util.Properties,<init>,Properties.java,,SIDE_EFFECT_FREE,False,Unannotated Mismatch,Ours Only SEF,True,
"java.util.Properties.<init>(java.util.Properties,int)",java.util.Properties,<init>,Properties.java,,SIDE_EFFECT_FREE,False,Unannotated Mismatch,Ours Only SEF,True,
java.util.Properties.clone(),java.util.Properties,clone,Properties.java,,SIDE_EFFECTING,False,Both Side-Effecting,Both Side-Effecting,False,writes to static field map; writes to static field unknown; this escapes to global scope ... (+1 more)
"java.util.Properties.compute(java.lang.Object,java.util.function.BiFunction)",java.util.Properties,compute,Properties.java,,SIDE_EFFECTING,False,Both Side-Effecting,Both Side-Effecting,False,Object parameter escapes to global scope; BiFunction parameter escapes to global scope; loaded object 'load map from parameter this' escapes to global scope
"java.util.Properties.computeIfAbsent(java.lang.Object,java.util.function.Function)",java.util.Properties,computeIfAbsent,Properties.java,,SIDE_EFFECTING,False,Both Side-Effecting,Both Side-Effecting,False,Object parameter escapes to global scope; Function parameter escapes to global scope; loaded object 'load map from parameter this' escapes to global scope
"java.util.Properties.computeIfPresent(java.lang.Object,java.util.function.BiFunction)",java.util.Properties,computeIfPresent,Properties.java,,SIDE_EFFECTING,False,Both Side-Effecting,Both Side-Effecting,False,Object parameter escapes to global scope; BiFunction parameter escapes to global scope; loaded object 'load map from parameter this' escapes to global scope
java.util.Properties.contains(java.lang.Object),java.util.Properties,contains,Properties.java,Pure,SIDE_EFFECTING,False,Annotated Mismatch,Both Side-Effecting,False,Object parameter escapes to global scope; loaded object 'load map from parameter this' escapes to global scope
java.util.Properties.containsKey(java.lang.Object),java.util.Properties,containsKey,Properties.java,Pure,SIDE_EFFECTING,False,Annotated Mismatch,Both Side-Effecting,False,Object parameter escapes to global scope; loaded object 'load map from parameter this' escapes to global scope
java.util.Properties.containsValue(java.lang.Object),java.util.Properties,containsValue,Properties.java,Pure,SIDE_EFFECTING,False,Annotated Mismatch,Both Side-Effecting,False,Object parameter escapes to global scope; loaded object 'load map from parameter this' escapes to global scope
java.util.Properties.elements(),java.util.Properties,elements,Properties.java,,SIDE_EFFECTING,False,Both Side-Effecting,Both Side-Effecting,False,loaded object 'load map from parameter this' escapes to global scope; loaded object 'callee: load map from parameter this' escapes to global scope
java.util.Properties.enumerate(java.util.Map),java.util.Properties,enumerate,Properties.java,,SIDE_EFFECTING,False,Both Side-Effecting,Both Side-Effecting,False,this escapes to global scope; mutates this via field entrySet; Map parameter escapes to global scope ... (+6 more)
java.util.Properties.enumerateStringProperties(java.util.Map),java.util.Properties,enumerateStringProperties,Properties.java,,SIDE_EFFECTING,False,Both Side-Effecting,Both Side-Effecting,False,this escapes to global scope; mutates this via field entrySet; Map parameter escapes to global scope ... (+6 more)
java.util.Properties.forEach(java.util.function.BiConsumer),java.util.Properties,forEach,Properties.java,,SIDE_EFFECTING,False,Both Side-Effecting,Both Side-Effecting,False,BiConsumer parameter escapes to global scope; loaded object 'load map from parameter this' escapes to global scope
java.util.Properties.get(java.lang.Object),java.util.Properties,get,Properties.java,,SIDE_EFFECTING,False,Both Side-Effecting,Both Side-Effecting,False,Object parameter escapes to global scope; loaded object 'load map from parameter this' escapes to global scope
"java.util.Properties.getOrDefault(java.lang.Object,java.lang.Object)",java.util.Properties,getOrDefault,Properties.java,Pure,SIDE_EFFECTING,False,Annotated Mismatch,Both Side-Effecting,False,Object parameter escapes to global scope; Object parameter escapes to global scope; loaded object 'load map from parameter this' escapes to global scope
java.util.Properties.getProperty(java.lang.String),java.util.Properties,getProperty,Properties.java,Pure,SIDE_EFFECTING,True,Annotated Mismatch,Randoop Only SEF,False,String parameter escapes to global scope; loaded object 'load map from parameter this' escapes to global scope; loaded object 'load defaults from parameter this' escapes to global scope
"java.util.Properties.getProperty(java.lang.String,java.lang.String)",java.util.Properties,getProperty,Properties.java,Pure,SIDE_EFFECTING,False,Annotated Mismatch,Both Side-Effecting,False,String parameter escapes to global scope; loaded object 'callee: load map from parameter this' escapes to global scope; loaded object 'callee: load defaults from parameter this' escapes to global scope
java.util.Properties.load(java.io.InputStream),java.util.Properties,load,Properties.java,,SIDE_EFFECTING,False,Both Side-Effecting,Both Side-Effecting,False,this escapes to global scope; loaded object 'callee: callee: load map from parameter this' escapes to global scope
java.util.Properties.load(java.io.Reader),java.util.Properties,load,Properties.java,,SIDE_EFFECTING,False,Both Side-Effecting,Both Side-Effecting,False,this escapes to global scope; Reader parameter escapes to global scope; loaded object 'callee: callee: load map from parameter this' escapes to global scope
java.util.Properties.loadFromXML(java.io.InputStream),java.util.Properties,loadFromXML,Properties.java,,SIDE_EFFECTING,False,Both Side-Effecting,Both Side-Effecting,False,this escapes to global scope; InputStream parameter escapes to global scope
"java.util.Properties.merge(java.lang.Object,java.lang.Object,java.util.function.BiFunction)",java.util.Properties,merge,Properties.java,,SIDE_EFFECTING,False,Both Side-Effecting,Both Side-Effecting,False,Object parameter escapes to global scope; Object parameter escapes to global scope; BiFunction parameter escapes to global scope ... (+1 more)
java.util.Properties.propertyNames(),java.util.Properties,propertyNames,Properties.java,,SIDE_EFFECTING,False,Both Side-Effecting,Both Side-Effecting,False,this escapes to global scope; mutates this via field entrySet; loaded object 'callee: load defaults from parameter this' escapes to global scope ... (+4 more)
"java.util.Properties.put(java.lang.Object,java.lang.Object)",java.util.Properties,put,Properties.java,,SIDE_EFFECTING,False,Both Side-Effecting,Both Side-Effecting,False,Object parameter escapes to global scope; Object parameter escapes to global scope; loaded object 'load map from parameter this' escapes to global scope
java.util.Properties.putAll(java.util.Map),java.util.Properties,putAll,Properties.java,,SIDE_EFFECTING,False,Both Side-Effecting,Both Side-Effecting,False,Map parameter escapes to global scope; loaded object 'load map from parameter this' escapes to global scope
"java.util.Properties.putIfAbsent(java.lang.Object,java.lang.Object)",java.util.Properties,putIfAbsent,Properties.java,,SIDE_EFFECTING,False,Both Side-Effecting,Both Side-Effecting,False,Object parameter escapes to global scope; Object parameter escapes to global scope; loaded object 'load map from parameter this' escapes to global scope
java.util.Properties.rehash(),java.util.Properties,rehash,Properties.java,,SIDE_EFFECT_FREE,False,Unannotated Mismatch,Ours Only SEF,True,
java.util.Properties.remove(java.lang.Object),java.util.Properties,remove,Properties.java,,SIDE_EFFECTING,False,Both Side-Effecting,Both Side-Effecting,False,Object parameter escapes to global scope; loaded object 'load map from parameter this' escapes to global scope
"java.util.Properties.remove(java.lang.Object,java.lang.Object)",java.util.Properties,remove,Properties.java,,SIDE_EFFECTING,False,Both Side-Effecting,Both Side-Effecting,False,Object parameter escapes to global scope; Object parameter escapes to global scope; loaded object 'load map from parameter this' escapes to global scope
"java.util.Properties.replace(java.lang.Object,java.lang.Object)",java.util.Properties,replace,Properties.java,,SIDE_EFFECTING,False,Both Side-Effecting,Both Side-Effecting,False,Object parameter escapes to global scope; Object parameter escapes to global scope; loaded object 'load map from parameter this' escapes to global scope
"java.util.Properties.replace(java.lang.Object,java.lang.Object,java.lang.Object)",java.util.Properties,replace,Properties.java,,SIDE_EFFECTING,False,Both Side-Effecting,Both Side-Effecting,False,Object parameter escapes to global scope; Object parameter escapes to global scope; Object parameter escapes to global scope ... (+1 more)
java.util.Properties.replaceAll(java.util.function.BiFunction),java.util.Properties,replaceAll,Properties.java,,SIDE_EFFECTING,False,Both Side-Effecting,Both Side-Effecting,False,BiFunction parameter escapes to global scope; loaded object 'load map from parameter this' escapes to global scope
"java.util.Properties.save(java.io.OutputStream,java.lang.String)",java.util.Properties,save,Properties.java,,SIDE_EFFECTING,False,Both Side-Effecting,Both Side-Effecting,False,this escapes to global scope; OutputStream parameter escapes to global scope; String parameter escapes to global scope
"java.util.Properties.setProperty(java.lang.String,java.lang.String)",java.util.Properties,setProperty,Properties.java,,SIDE_EFFECTING,False,Both Side-Effecting,Both Side-Effecting,False,String parameter escapes to global scope; String parameter escapes to global scope; loaded object 'callee: load map from parameter this' escapes to global scope
"java.util.Properties.store(java.io.OutputStream,java.lang.String)",java.util.Properties,store,Properties.java,,SIDE_EFFECTING,False,Both Side-Effecting,Both Side-Effecting,False,this escapes to global scope; OutputStream parameter escapes to global scope; String parameter escapes to global scope
"java.util.Properties.store(java.io.Writer,java.lang.String)",java.util.Properties,store,Properties.java,,SIDE_EFFECTING,False,Both Side-Effecting,Both Side-Effecting,False,this escapes to global scope; Writer parameter escapes to global scope; String parameter escapes to global scope
"java.util.Properties.storeToXML(java.io.OutputStream,java.lang.String)",java.util.Properties,storeToXML,Properties.java,,SIDE_EFFECTING,False,Both Side-Effecting,Both Side-Effecting,False,this escapes to global scope; OutputStream parameter escapes to global scope; String parameter escapes to global scope
"java.util.Properties.storeToXML(java.io.OutputStream,java.lang.String,java.lang.String)",java.util.Properties,storeToXML,Properties.java,,SIDE_EFFECTING,False,Both Side-Effecting,Both Side-Effecting,False,this escapes to global scope; OutputStream parameter escapes to global scope; String parameter escapes to global scope ... (+1 more)
"java.util.Properties.storeToXML(java.io.OutputStream,java.lang.String,java.nio.charset.Charset)",java.util.Properties,storeToXML,Properties.java,,SIDE_EFFECTING,False,Both Side-Effecting,Both Side-Effecting,False,this escapes to global scope; OutputStream parameter escapes to global scope; String parameter escapes to global scope ... (+1 more)
java.util.Properties.stringPropertyNames(),java.util.Properties,stringPropertyNames,Properties.java,,SIDE_EFFECTING,False,Both Side-Effecting,Both Side-Effecting,False,this escapes to global scope; mutates this via field entrySet; loaded object 'callee: load defaults from parameter this' escapes to global scope ... (+4 more)
java.util.Properties.values(),java.util.Properties,values,Properties.java,,SIDE_EFFECTING,False,Both Side-Effecting,Both Side-Effecting,False,this escapes to global scope; loaded object 'load map from parameter this' escapes to global scope
"java.util.Properties.writeComments(java.io.BufferedWriter,java.lang.String)",java.util.Properties,writeComments,Properties.java,,SIDE_EFFECTING,False,Both Side-Effecting,Both Side-Effecting,False,writes to static field unknown; BufferedWriter parameter escapes to global scope
java.util.Properties.writeHashtable(java.io.ObjectOutputStream),java.util.Properties,writeHashtable,Properties.java,,SIDE_EFFECTING,False,Both Side-Effecting,Both Side-Effecting,False,this escapes to global scope; ObjectOutputStream parameter escapes to global scope; loaded object 'load map from parameter this' escapes to global scope ... (+17 more)
"java.util.PropertyPermission.<init>(java.lang.String,java.lang.String)",java.util.PropertyPermission,<init>,PropertyPermission.java,,SIDE_EFFECTING,False,Both Side-Effecting,Both Side-Effecting,False,this escapes to global scope; String parameter escapes to global scope; String parameter escapes to global scope
java.util.PropertyPermission.init(int),java.util.PropertyPermission,init,PropertyPermission.java,,SIDE_EFFECTING,False,Both Side-Effecting,Both Side-Effecting,False,this escapes to global scope; mutates this via field mask
java.util.Set.copyOf(java.util.Collection),java.util.Set,copyOf,Set.java,,SIDE_EFFECT_FREE,False,Unannotated Mismatch,Ours Only SEF,True,
java.util.Set.of(),java.util.Set,of,Set.java,,SIDE_EFFECT_FREE,False,Unannotated Mismatch,Ours Only SEF,True,
java.util.Set.of(java.lang.Object),java.util.Set,of,Set.java,,SIDE_EFFECT_FREE,False,Unannotated Mismatch,Ours Only SEF,True,
"java.util.Set.of(java.lang.Object,java.lang.Object,java.lang.Object,java.lang.Object,java.lang.Object,java.lang.Object)",java.util.Set,of,Set.java,,SIDE_EFFECTING,False,Both Side-Effecting,Both Side-Effecting,False,writes to static field unknown
"java.util.Set.of(java.lang.Object,java.lang.Object,java.lang.Object,java.lang.Object,java.lang.Object,java.lang.Object,java.lang.Object,java.lang.Object)",java.util.Set,of,Set.java,,SIDE_EFFECTING,False,Both Side-Effecting,Both Side-Effecting,False,writes to static field unknown
java.util.Spliterator$OfDouble.forEachRemaining(java.util.function.Consumer),java.util.Spliterator$OfDouble,forEachRemaining,Spliterator.java,,SIDE_EFFECTING,False,Both Side-Effecting,Both Side-Effecting,False,this escapes to global scope; Consumer parameter escapes to global scope
java.util.Spliterator$OfDouble.forEachRemaining(java.util.function.DoubleConsumer),java.util.Spliterator$OfDouble,forEachRemaining,Spliterator.java,,SIDE_EFFECT_FREE,False,Unannotated Mismatch,Ours Only SEF,True,
java.util.Spliterator$OfDouble.tryAdvance(java.util.function.Consumer),java.util.Spliterator$OfDouble,tryAdvance,Spliterator.java,,SIDE_EFFECTING,False,Both Side-Effecting,Both Side-Effecting,False,writes to static field valueReady; writes to static field nextElement; this escapes to global scope ... (+6 more)
java.util.Spliterator$OfInt.forEachRemaining(java.util.function.Consumer),java.util.Spliterator$OfInt,forEachRemaining,Spliterator.java,,SIDE_EFFECTING,False,Both Side-Effecting,Both Side-Effecting,False,this escapes to global scope; Consumer parameter escapes to global scope
java.util.Spliterator$OfInt.forEachRemaining(java.util.function.IntConsumer),java.util.Spliterator$OfInt,forEachRemaining,Spliterator.java,,SIDE_EFFECT_FREE,False,Unannotated Mismatch,Ours Only SEF,True,
java.util.Spliterator$OfInt.tryAdvance(java.util.function.Consumer),java.util.Spliterator$OfInt,tryAdvance,Spliterator.java,,SIDE_EFFECTING,False,Both Side-Effecting,Both Side-Effecting,False,writes to static field nextElement; writes to static field valueReady; this escapes to global scope ... (+6 more)
java.util.Spliterator$OfLong.forEachRemaining(java.util.function.Consumer),java.util.Spliterator$OfLong,forEachRemaining,Spliterator.java,,SIDE_EFFECTING,False,Both Side-Effecting,Both Side-Effecting,False,this escapes to global scope; Consumer parameter escapes to global scope
java.util.Spliterator$OfLong.forEachRemaining(java.util.function.LongConsumer),java.util.Spliterator$OfLong,forEachRemaining,Spliterator.java,,SIDE_EFFECT_FREE,False,Unannotated Mismatch,Ours Only SEF,True,
java.util.Spliterator$OfLong.tryAdvance(java.util.function.Consumer),java.util.Spliterator$OfLong,tryAdvance,Spliterator.java,,SIDE_EFFECTING,False,Both Side-Effecting,Both Side-Effecting,False,this escapes to global scope; Consumer parameter escapes to global scope
java.util.Spliterator.forEachRemaining(java.util.function.Consumer),java.util.Spliterator,forEachRemaining,Spliterator.java,,SIDE_EFFECT_FREE,False,Unannotated Mismatch,Ours Only SEF,True,
java.util.Spliterator.getComparator(),java.util.Spliterator,getComparator,Spliterator.java,Pure,SIDE_EFFECT_FREE,False,Match,Ours Only SEF,False,
java.util.Spliterator.getExactSizeIfKnown(),java.util.Spliterator,getExactSizeIfKnown,Spliterator.java,,SIDE_EFFECT_FREE,False,Unannotated Mismatch,Ours Only SEF,True,
java.util.Spliterator.hasCharacteristics(int),java.util.Spliterator,hasCharacteristics,Spliterator.java,,SIDE_EFFECT_FREE,False,Unannotated Mismatch,Ours Only SEF,True,
"java.util.Spliterators$AbstractSpliterator.<init>(long,int)",java.util.Spliterators$AbstractSpliterator,<init>,Spliterators.java,,SIDE_EFFECT_FREE,False,Unannotated Mismatch,Ours Only SEF,True,
"java.util.Spliterators$ArraySpliterator.<init>(java.lang.Object[],int)",java.util.Spliterators$ArraySpliterator,<init>,Spliterators.java,,SIDE_EFFECT_FREE,False,Unannotated Mismatch,Ours Only SEF,True,
"java.util.Spliterators$ArraySpliterator.<init>(java.lang.Object[],int,int,int)",java.util.Spliterators$ArraySpliterator,<init>,Spliterators.java,,SIDE_EFFECT_FREE,False,Unannotated Mismatch,Ours Only SEF,True,
"java.util.Spliterators$ArraySpliterator.<init>(java.lang.Object[],int,int,int,long)",java.util.Spliterators$ArraySpliterator,<init>,Spliterators.java,,SIDE_EFFECT_FREE,False,Unannotated Mismatch,Ours Only SEF,True,
java.util.Spliterators$ArraySpliterator.characteristics(),java.util.Spliterators$ArraySpliterator,characteristics,Spliterators.java,,SIDE_EFFECT_FREE,False,Unannotated Mismatch,Ours Only SEF,True,
java.util.Spliterators$ArraySpliterator.estimateSize(),java.util.Spliterators$ArraySpliterator,estimateSize,Spliterators.java,,SIDE_EFFECT_FREE,False,Unannotated Mismatch,Ours Only SEF,True,
java.util.Spliterators$ArraySpliterator.forEachRemaining(java.util.function.Consumer),java.util.Spliterators$ArraySpliterator,forEachRemaining,Spliterators.java,,SIDE_EFFECTING,False,Both Side-Effecting,Both Side-Effecting,False,mutates this via field index; Consumer parameter escapes to global scope; loaded object 'load array from parameter this' escapes to global scope
java.util.Spliterators$ArraySpliterator.getComparator(),java.util.Spliterators$ArraySpliterator,getComparator,Spliterators.java,,SIDE_EFFECTING,False,Both Side-Effecting,Both Side-Effecting,False,this escapes to global scope
java.util.Spliterators$ArraySpliterator.tryAdvance(java.util.function.Consumer),java.util.Spliterators$ArraySpliterator,tryAdvance,Spliterators.java,,SIDE_EFFECTING,False,Both Side-Effecting,Both Side-Effecting,False,mutates this via field index; Consumer parameter escapes to global scope; loaded object 'load array from parameter this' escapes to global scope
java.util.Spliterators$ArraySpliterator.trySplit(),java.util.Spliterators$ArraySpliterator,trySplit,Spliterators.java,,SIDE_EFFECTING,False,Both Side-Effecting,Both Side-Effecting,False,mutates this via field index; mutates this via field estimatedSize
"java.util.Spliterators$DoubleArraySpliterator.<init>(double[],int)",java.util.Spliterators$DoubleArraySpliterator,<init>,Spliterators.java,,SIDE_EFFECT_FREE,False,Unannotated Mismatch,Ours Only SEF,True,
"java.util.Spliterators$DoubleArraySpliterator.<init>(double[],int,int,int)",java.util.Spliterators$DoubleArraySpliterator,<init>,Spliterators.java,,SIDE_EFFECT_FREE,False,Unannotated Mismatch,Ours Only SEF,True,
"java.util.Spliterators$DoubleArraySpliterator.<init>(double[],int,int,int,long)",java.util.Spliterators$DoubleArraySpliterator,<init>,Spliterators.java,,SIDE_EFFECT_FREE,False,Unannotated Mismatch,Ours Only SEF,True,
java.util.Spliterators$DoubleArraySpliterator.characteristics(),java.util.Spliterators$DoubleArraySpliterator,characteristics,Spliterators.java,,SIDE_EFFECT_FREE,False,Unannotated Mismatch,Ours Only SEF,True,
java.util.Spliterators$DoubleArraySpliterator.estimateSize(),java.util.Spliterators$DoubleArraySpliterator,estimateSize,Spliterators.java,,SIDE_EFFECT_FREE,False,Unannotated Mismatch,Ours Only SEF,True,
java.util.Spliterators$DoubleArraySpliterator.forEachRemaining(java.util.function.DoubleConsumer),java.util.Spliterators$DoubleArraySpliterator,forEachRemaining,Spliterators.java,,SIDE_EFFECTING,False,Both Side-Effecting,Both Side-Effecting,False,mutates this via field index; mutates DoubleConsumer parameter via field valueReady; mutates DoubleConsumer parameter via field nextElement ... (+1 more)
java.util.Spliterators$DoubleArraySpliterator.getComparator(),java.util.Spliterators$DoubleArraySpliterator,getComparator,Spliterators.java,,SIDE_EFFECTING,False,Both Side-Effecting,Both Side-Effecting,False,this escapes to global scope
java.util.Spliterators$DoubleArraySpliterator.tryAdvance(java.util.function.DoubleConsumer),java.util.Spliterators$DoubleArraySpliterator,tryAdvance,Spliterators.java,,SIDE_EFFECTING,False,Both Side-Effecting,Both Side-Effecting,False,mutates this via field index; mutates DoubleConsumer parameter via field valueReady; mutates DoubleConsumer parameter via field nextElement ... (+1 more)
java.util.Spliterators$DoubleArraySpliterator.trySplit(),java.util.Spliterators$DoubleArraySpliterator,trySplit,Spliterators.java,,SIDE_EFFECTING,False,Both Side-Effecting,Both Side-Effecting,False,mutates this via field estimatedSize; mutates this via field index
"java.util.Spliterators$DoubleIteratorSpliterator.<init>(java.util.PrimitiveIterator$OfDouble,int)",java.util.Spliterators$DoubleIteratorSpliterator,<init>,Spliterators.java,,SIDE_EFFECT_FREE,False,Unannotated Mismatch,Ours Only SEF,True,
"java.util.Spliterators$DoubleIteratorSpliterator.<init>(java.util.PrimitiveIterator$OfDouble,long,int)",java.util.Spliterators$DoubleIteratorSpliterator,<init>,Spliterators.java,,SIDE_EFFECT_FREE,False,Unannotated Mismatch,Ours Only SEF,True,
java.util.Spliterators$DoubleIteratorSpliterator.characteristics(),java.util.Spliterators$DoubleIteratorSpliterator,characteristics,Spliterators.java,,SIDE_EFFECT_FREE,False,Unannotated Mismatch,Ours Only SEF,True,
java.util.Spliterators$DoubleIteratorSpliterator.estimateSize(),java.util.Spliterators$DoubleIteratorSpliterator,estimateSize,Spliterators.java,,SIDE_EFFECT_FREE,False,Unannotated Mismatch,Ours Only SEF,True,
java.util.Spliterators$DoubleIteratorSpliterator.forEachRemaining(java.util.function.DoubleConsumer),java.util.Spliterators$DoubleIteratorSpliterator,forEachRemaining,Spliterators.java,,SIDE_EFFECTING,False,Both Side-Effecting,Both Side-Effecting,False,mutates DoubleConsumer parameter via field valueReady; mutates DoubleConsumer parameter via field nextElement; loaded object 'load it from parameter this' escapes to global scope ... (+3 more)
java.util.Spliterators$DoubleIteratorSpliterator.getComparator(),java.util.Spliterators$DoubleIteratorSpliterator,getComparator,Spliterators.java,,SIDE_EFFECTING,False,Both Side-Effecting,Both Side-Effecting,False,this escapes to global scope
java.util.Spliterators$DoubleIteratorSpliterator.tryAdvance(java.util.function.DoubleConsumer),java.util.Spliterators$DoubleIteratorSpliterator,tryAdvance,Spliterators.java,,SIDE_EFFECTING,False,Both Side-Effecting,Both Side-Effecting,False,mutates DoubleConsumer parameter via field valueReady; mutates DoubleConsumer parameter via field nextElement; loaded object 'load it from parameter this' escapes to global scope ... (+3 more)
java.util.Spliterators$DoubleIteratorSpliterator.trySplit(),java.util.Spliterators$DoubleIteratorSpliterator,trySplit,Spliterators.java,,SIDE_EFFECTING,False,Both Side-Effecting,Both Side-Effecting,False,mutates this via field batch; mutates this via field est; mutates loaded object 'callee: load it from parameter this' via field valueReady
java.util.Spliterators$EmptySpliterator$OfDouble.<init>(),java.util.Spliterators$EmptySpliterator$OfDouble,<init>,Spliterators.java,,SIDE_EFFECT_FREE,False,Unannotated Mismatch,Ours Only SEF,True,
java.util.Spliterators$EmptySpliterator$OfInt.<init>(),java.util.Spliterators$EmptySpliterator$OfInt,<init>,Spliterators.java,,SIDE_EFFECT_FREE,False,Unannotated Mismatch,Ours Only SEF,True,
java.util.Spliterators$EmptySpliterator$OfLong.<init>(),java.util.Spliterators$EmptySpliterator$OfLong,<init>,Spliterators.java,,SIDE_EFFECT_FREE,False,Unannotated Mismatch,Ours Only SEF,True,
java.util.Spliterators$EmptySpliterator$OfRef.<init>(),java.util.Spliterators$EmptySpliterator$OfRef,<init>,Spliterators.java,,SIDE_EFFECT_FREE,False,Unannotated Mismatch,Ours Only SEF,True,
java.util.Spliterators$EmptySpliterator.<init>(),java.util.Spliterators$EmptySpliterator,<init>,Spliterators.java,,SIDE_EFFECT_FREE,False,Unannotated Mismatch,Ours Only SEF,True,
java.util.Spliterators$EmptySpliterator.characteristics(),java.util.Spliterators$EmptySpliterator,characteristics,Spliterators.java,,SIDE_EFFECT_FREE,False,Unannotated Mismatch,Ours Only SEF,True,
java.util.Spliterators$EmptySpliterator.estimateSize(),java.util.Spliterators$EmptySpliterator,estimateSize,Spliterators.java,,SIDE_EFFECT_FREE,False,Unannotated Mismatch,Ours Only SEF,True,
java.util.Spliterators$EmptySpliterator.forEachRemaining(java.lang.Object),java.util.Spliterators$EmptySpliterator,forEachRemaining,Spliterators.java,,SIDE_EFFECT_FREE,False,Unannotated Mismatch,Ours Only SEF,True,
java.util.Spliterators$EmptySpliterator.tryAdvance(java.lang.Object),java.util.Spliterators$EmptySpliterator,tryAdvance,Spliterators.java,,SIDE_EFFECT_FREE,False,Unannotated Mismatch,Ours Only SEF,True,
java.util.Spliterators$EmptySpliterator.trySplit(),java.util.Spliterators$EmptySpliterator,trySplit,Spliterators.java,,SIDE_EFFECT_FREE,False,Unannotated Mismatch,Ours Only SEF,True,
"java.util.Spliterators$IntArraySpliterator.<init>(int[],int)",java.util.Spliterators$IntArraySpliterator,<init>,Spliterators.java,,SIDE_EFFECT_FREE,False,Unannotated Mismatch,Ours Only SEF,True,
"java.util.Spliterators$IntArraySpliterator.<init>(int[],int,int,int)",java.util.Spliterators$IntArraySpliterator,<init>,Spliterators.java,,SIDE_EFFECT_FREE,False,Unannotated Mismatch,Ours Only SEF,True,
"java.util.Spliterators$IntArraySpliterator.<init>(int[],int,int,int,long)",java.util.Spliterators$IntArraySpliterator,<init>,Spliterators.java,,SIDE_EFFECT_FREE,False,Unannotated Mismatch,Ours Only SEF,True,
java.util.Spliterators$IntArraySpliterator.characteristics(),java.util.Spliterators$IntArraySpliterator,characteristics,Spliterators.java,,SIDE_EFFECT_FREE,False,Unannotated Mismatch,Ours Only SEF,True,
java.util.Spliterators$IntArraySpliterator.estimateSize(),java.util.Spliterators$IntArraySpliterator,estimateSize,Spliterators.java,,SIDE_EFFECT_FREE,False,Unannotated Mismatch,Ours Only SEF,True,
java.util.Spliterators$IntArraySpliterator.forEachRemaining(java.util.function.IntConsumer),java.util.Spliterators$IntArraySpliterator,forEachRemaining,Spliterators.java,,SIDE_EFFECTING,False,Both Side-Effecting,Both Side-Effecting,False,mutates this via field index; mutates IntConsumer parameter via field nextElement; mutates IntConsumer parameter via field valueReady ... (+1 more)
java.util.Spliterators$IntArraySpliterator.getComparator(),java.util.Spliterators$IntArraySpliterator,getComparator,Spliterators.java,,SIDE_EFFECTING,False,Both Side-Effecting,Both Side-Effecting,False,this escapes to global scope
java.util.Spliterators$IntArraySpliterator.tryAdvance(java.util.function.IntConsumer),java.util.Spliterators$IntArraySpliterator,tryAdvance,Spliterators.java,,SIDE_EFFECTING,False,Both Side-Effecting,Both Side-Effecting,False,mutates this via field index; mutates IntConsumer parameter via field nextElement; mutates IntConsumer parameter via field valueReady ... (+1 more)
java.util.Spliterators$IntArraySpliterator.trySplit(),java.util.Spliterators$IntArraySpliterator,trySplit,Spliterators.java,,SIDE_EFFECTING,False,Both Side-Effecting,Both Side-Effecting,False,mutates this via field index; mutates this via field estimatedSize
"java.util.Spliterators$IntIteratorSpliterator.<init>(java.util.PrimitiveIterator$OfInt,int)",java.util.Spliterators$IntIteratorSpliterator,<init>,Spliterators.java,,SIDE_EFFECT_FREE,False,Unannotated Mismatch,Ours Only SEF,True,
"java.util.Spliterators$IntIteratorSpliterator.<init>(java.util.PrimitiveIterator$OfInt,long,int)",java.util.Spliterators$IntIteratorSpliterator,<init>,Spliterators.java,,SIDE_EFFECT_FREE,False,Unannotated Mismatch,Ours Only SEF,True,
java.util.Spliterators$IntIteratorSpliterator.characteristics(),java.util.Spliterators$IntIteratorSpliterator,characteristics,Spliterators.java,,SIDE_EFFECT_FREE,False,Unannotated Mismatch,Ours Only SEF,True,
java.util.Spliterators$IntIteratorSpliterator.estimateSize(),java.util.Spliterators$IntIteratorSpliterator,estimateSize,Spliterators.java,,SIDE_EFFECT_FREE,False,Unannotated Mismatch,Ours Only SEF,True,
java.util.Spliterators$IntIteratorSpliterator.forEachRemaining(java.util.function.IntConsumer),java.util.Spliterators$IntIteratorSpliterator,forEachRemaining,Spliterators.java,,SIDE_EFFECTING,False,Both Side-Effecting,Both Side-Effecting,False,IntConsumer parameter escapes to global scope; loaded object 'load it from parameter this' escapes to global scope
java.util.Spliterators$IntIteratorSpliterator.getComparator(),java.util.Spliterators$IntIteratorSpliterator,getComparator,Spliterators.java,,SIDE_EFFECTING,False,Both Side-Effecting,Both Side-Effecting,False,this escapes to global scope
java.util.Spliterators$IntIteratorSpliterator.tryAdvance(java.util.function.IntConsumer),java.util.Spliterators$IntIteratorSpliterator,tryAdvance,Spliterators.java,,SIDE_EFFECTING,False,Both Side-Effecting,Both Side-Effecting,False,IntConsumer parameter escapes to global scope; loaded object 'load it from parameter this' escapes to global scope
java.util.Spliterators$IntIteratorSpliterator.trySplit(),java.util.Spliterators$IntIteratorSpliterator,trySplit,Spliterators.java,,SIDE_EFFECTING,False,Both Side-Effecting,Both Side-Effecting,False,mutates this via field est; mutates this via field batch; loaded object 'callee: load it from parameter this' escapes to global scope
"java.util.Spliterators$IteratorSpliterator.<init>(java.util.Collection,int)",java.util.Spliterators$IteratorSpliterator,<init>,Spliterators.java,,SIDE_EFFECT_FREE,False,Unannotated Mismatch,Ours Only SEF,True,
"java.util.Spliterators$IteratorSpliterator.<init>(java.util.Iterator,int)",java.util.Spliterators$IteratorSpliterator,<init>,Spliterators.java,,SIDE_EFFECT_FREE,False,Unannotated Mismatch,Ours Only SEF,True,
"java.util.Spliterators$IteratorSpliterator.<init>(java.util.Iterator,long,int)",java.util.Spliterators$IteratorSpliterator,<init>,Spliterators.java,,SIDE_EFFECT_FREE,False,Unannotated Mismatch,Ours Only SEF,True,
java.util.Spliterators$IteratorSpliterator.characteristics(),java.util.Spliterators$IteratorSpliterator,characteristics,Spliterators.java,,SIDE_EFFECT_FREE,False,Unannotated Mismatch,Ours Only SEF,True,
java.util.Spliterators$IteratorSpliterator.estimateSize(),java.util.Spliterators$IteratorSpliterator,estimateSize,Spliterators.java,,SIDE_EFFECTING,False,Both Side-Effecting,Both Side-Effecting,False,mutates this via field it; mutates this via field est; loaded object 'load collection from parameter this' escapes to global scope
java.util.Spliterators$IteratorSpliterator.forEachRemaining(java.util.function.Consumer),java.util.Spliterators$IteratorSpliterator,forEachRemaining,Spliterators.java,,SIDE_EFFECTING,False,Both Side-Effecting,Both Side-Effecting,False,mutates this via field it; mutates this via field est; Consumer parameter escapes to global scope ... (+2 more)
java.util.Spliterators$IteratorSpliterator.getComparator(),java.util.Spliterators$IteratorSpliterator,getComparator,Spliterators.java,,SIDE_EFFECTING,False,Both Side-Effecting,Both Side-Effecting,False,this escapes to global scope
java.util.Spliterators$IteratorSpliterator.tryAdvance(java.util.function.Consumer),java.util.Spliterators$IteratorSpliterator,tryAdvance,Spliterators.java,,SIDE_EFFECTING,False,Both Side-Effecting,Both Side-Effecting,False,mutates this via field it; mutates this via field est; Consumer parameter escapes to global scope ... (+2 more)
java.util.Spliterators$IteratorSpliterator.trySplit(),java.util.Spliterators$IteratorSpliterator,trySplit,Spliterators.java,,SIDE_EFFECTING,False,Both Side-Effecting,Both Side-Effecting,False,mutates this via field it; mutates this via field batch; mutates this via field est ... (+2 more)
"java.util.Spliterators$LongArraySpliterator.<init>(long[],int)",java.util.Spliterators$LongArraySpliterator,<init>,Spliterators.java,,SIDE_EFFECT_FREE,False,Unannotated Mismatch,Ours Only SEF,True,
"java.util.Spliterators$LongArraySpliterator.<init>(long[],int,int,int)",java.util.Spliterators$LongArraySpliterator,<init>,Spliterators.java,,SIDE_EFFECT_FREE,False,Unannotated Mismatch,Ours Only SEF,True,
"java.util.Spliterators$LongArraySpliterator.<init>(long[],int,int,int,long)",java.util.Spliterators$LongArraySpliterator,<init>,Spliterators.java,,SIDE_EFFECT_FREE,False,Unannotated Mismatch,Ours Only SEF,True,
java.util.Spliterators$LongArraySpliterator.characteristics(),java.util.Spliterators$LongArraySpliterator,characteristics,Spliterators.java,,SIDE_EFFECT_FREE,False,Unannotated Mismatch,Ours Only SEF,True,
java.util.Spliterators$LongArraySpliterator.estimateSize(),java.util.Spliterators$LongArraySpliterator,estimateSize,Spliterators.java,,SIDE_EFFECT_FREE,False,Unannotated Mismatch,Ours Only SEF,True,
java.util.Spliterators$LongArraySpliterator.forEachRemaining(java.util.function.LongConsumer),java.util.Spliterators$LongArraySpliterator,forEachRemaining,Spliterators.java,,SIDE_EFFECTING,False,Both Side-Effecting,Both Side-Effecting,False,mutates this via field index; LongConsumer parameter escapes to global scope; loaded object 'load array from parameter this' escapes to global scope
java.util.Spliterators$LongArraySpliterator.getComparator(),java.util.Spliterators$LongArraySpliterator,getComparator,Spliterators.java,,SIDE_EFFECTING,False,Both Side-Effecting,Both Side-Effecting,False,this escapes to global scope
java.util.Spliterators$LongArraySpliterator.tryAdvance(java.util.function.LongConsumer),java.util.Spliterators$LongArraySpliterator,tryAdvance,Spliterators.java,,SIDE_EFFECTING,False,Both Side-Effecting,Both Side-Effecting,False,mutates this via field index; LongConsumer parameter escapes to global scope; loaded object 'load array from parameter this' escapes to global scope
java.util.Spliterators$LongArraySpliterator.trySplit(),java.util.Spliterators$LongArraySpliterator,trySplit,Spliterators.java,,SIDE_EFFECTING,False,Both Side-Effecting,Both Side-Effecting,False,mutates this via field index; mutates this via field estimatedSize
"java.util.Spliterators$LongIteratorSpliterator.<init>(java.util.PrimitiveIterator$OfLong,int)",java.util.Spliterators$LongIteratorSpliterator,<init>,Spliterators.java,,SIDE_EFFECT_FREE,False,Unannotated Mismatch,Ours Only SEF,True,
"java.util.Spliterators$LongIteratorSpliterator.<init>(java.util.PrimitiveIterator$OfLong,long,int)",java.util.Spliterators$LongIteratorSpliterator,<init>,Spliterators.java,,SIDE_EFFECT_FREE,False,Unannotated Mismatch,Ours Only SEF,True,
java.util.Spliterators$LongIteratorSpliterator.characteristics(),java.util.Spliterators$LongIteratorSpliterator,characteristics,Spliterators.java,,SIDE_EFFECT_FREE,False,Unannotated Mismatch,Ours Only SEF,True,
java.util.Spliterators$LongIteratorSpliterator.estimateSize(),java.util.Spliterators$LongIteratorSpliterator,estimateSize,Spliterators.java,,SIDE_EFFECT_FREE,False,Unannotated Mismatch,Ours Only SEF,True,
java.util.Spliterators$LongIteratorSpliterator.forEachRemaining(java.util.function.LongConsumer),java.util.Spliterators$LongIteratorSpliterator,forEachRemaining,Spliterators.java,,SIDE_EFFECTING,False,Both Side-Effecting,Both Side-Effecting,False,LongConsumer parameter escapes to global scope; loaded object 'load it from parameter this' escapes to global scope
java.util.Spliterators$LongIteratorSpliterator.getComparator(),java.util.Spliterators$LongIteratorSpliterator,getComparator,Spliterators.java,,SIDE_EFFECTING,False,Both Side-Effecting,Both Side-Effecting,False,this escapes to global scope
java.util.Spliterators$LongIteratorSpliterator.tryAdvance(java.util.function.LongConsumer),java.util.Spliterators$LongIteratorSpliterator,tryAdvance,Spliterators.java,,SIDE_EFFECTING,False,Both Side-Effecting,Both Side-Effecting,False,LongConsumer parameter escapes to global scope; loaded object 'load it from parameter this' escapes to global scope
java.util.Spliterators$LongIteratorSpliterator.trySplit(),java.util.Spliterators$LongIteratorSpliterator,trySplit,Spliterators.java,,SIDE_EFFECTING,False,Both Side-Effecting,Both Side-Effecting,False,mutates this via field batch; mutates this via field est; loaded object 'load it from parameter this' escapes to global scope
java.util.Spliterators.<init>(),java.util.Spliterators,<init>,Spliterators.java,,SIDE_EFFECT_FREE,False,Unannotated Mismatch,Ours Only SEF,True,
"java.util.Spliterators.checkFromToBounds(int,int,int)",java.util.Spliterators,checkFromToBounds,Spliterators.java,,SIDE_EFFECTING,False,Both Side-Effecting,Both Side-Effecting,False,writes to static field unknown
java.util.Spliterators.emptyDoubleSpliterator(),java.util.Spliterators,emptyDoubleSpliterator,Spliterators.java,SideEffectFree,SIDE_EFFECT_FREE,False,Match,Ours Only SEF,False,
java.util.Spliterators.emptyIntSpliterator(),java.util.Spliterators,emptyIntSpliterator,Spliterators.java,SideEffectFree,SIDE_EFFECT_FREE,False,Match,Ours Only SEF,False,
java.util.Spliterators.emptyLongSpliterator(),java.util.Spliterators,emptyLongSpliterator,Spliterators.java,SideEffectFree,SIDE_EFFECT_FREE,False,Match,Ours Only SEF,False,
java.util.Spliterators.emptySpliterator(),java.util.Spliterators,emptySpliterator,Spliterators.java,SideEffectFree,SIDE_EFFECT_FREE,False,Match,Ours Only SEF,False,
java.util.Spliterators.iterator(java.util.Spliterator$OfDouble),java.util.Spliterators,iterator,Spliterators.java,,SIDE_EFFECT_FREE,False,Unannotated Mismatch,Ours Only SEF,True,
java.util.Spliterators.iterator(java.util.Spliterator$OfInt),java.util.Spliterators,iterator,Spliterators.java,,SIDE_EFFECT_FREE,False,Unannotated Mismatch,Ours Only SEF,True,
java.util.Spliterators.iterator(java.util.Spliterator$OfLong),java.util.Spliterators,iterator,Spliterators.java,,SIDE_EFFECT_FREE,False,Unannotated Mismatch,Ours Only SEF,True,
java.util.Spliterators.iterator(java.util.Spliterator),java.util.Spliterators,iterator,Spliterators.java,,SIDE_EFFECT_FREE,False,Unannotated Mismatch,Ours Only SEF,True,
"java.util.Spliterators.spliterator(double[],int)",java.util.Spliterators,spliterator,Spliterators.java,,SIDE_EFFECT_FREE,False,Unannotated Mismatch,Ours Only SEF,True,
"java.util.Spliterators.spliterator(double[],int,int,int)",java.util.Spliterators,spliterator,Spliterators.java,,SIDE_EFFECTING,False,Both Side-Effecting,Both Side-Effecting,False,writes to static field unknown
"java.util.Spliterators.spliterator(int[],int)",java.util.Spliterators,spliterator,Spliterators.java,,SIDE_EFFECT_FREE,False,Unannotated Mismatch,Ours Only SEF,True,
"java.util.Spliterators.spliterator(int[],int,int,int)",java.util.Spliterators,spliterator,Spliterators.java,,SIDE_EFFECTING,False,Both Side-Effecting,Both Side-Effecting,False,writes to static field unknown
"java.util.Spliterators.spliterator(java.lang.Object[],int)",java.util.Spliterators,spliterator,Spliterators.java,,SIDE_EFFECT_FREE,False,Unannotated Mismatch,Ours Only SEF,True,
"java.util.Spliterators.spliterator(java.lang.Object[],int,int,int)",java.util.Spliterators,spliterator,Spliterators.java,,SIDE_EFFECTING,False,Both Side-Effecting,Both Side-Effecting,False,writes to static field unknown
"java.util.Spliterators.spliterator(java.util.Collection,int)",java.util.Spliterators,spliterator,Spliterators.java,,SIDE_EFFECT_FREE,False,Unannotated Mismatch,Ours Only SEF,True,
"java.util.Spliterators.spliterator(java.util.Iterator,long,int)",java.util.Spliterators,spliterator,Spliterators.java,,SIDE_EFFECT_FREE,False,Unannotated Mismatch,Ours Only SEF,True,
"java.util.Spliterators.spliterator(java.util.PrimitiveIterator$OfDouble,long,int)",java.util.Spliterators,spliterator,Spliterators.java,,SIDE_EFFECT_FREE,False,Unannotated Mismatch,Ours Only SEF,True,
"java.util.Spliterators.spliterator(java.util.PrimitiveIterator$OfInt,long,int)",java.util.Spliterators,spliterator,Spliterators.java,,SIDE_EFFECT_FREE,False,Unannotated Mismatch,Ours Only SEF,True,
"java.util.Spliterators.spliterator(java.util.PrimitiveIterator$OfLong,long,int)",java.util.Spliterators,spliterator,Spliterators.java,,SIDE_EFFECT_FREE,False,Unannotated Mismatch,Ours Only SEF,True,
"java.util.Spliterators.spliterator(long[],int)",java.util.Spliterators,spliterator,Spliterators.java,,SIDE_EFFECT_FREE,False,Unannotated Mismatch,Ours Only SEF,True,
"java.util.Spliterators.spliterator(long[],int,int,int)",java.util.Spliterators,spliterator,Spliterators.java,,SIDE_EFFECTING,False,Both Side-Effecting,Both Side-Effecting,False,writes to static field unknown
"java.util.Spliterators.spliteratorUnknownSize(java.util.Iterator,int)",java.util.Spliterators,spliteratorUnknownSize,Spliterators.java,,SIDE_EFFECT_FREE,False,Unannotated Mismatch,Ours Only SEF,True,
"java.util.Spliterators.spliteratorUnknownSize(java.util.PrimitiveIterator$OfDouble,int)",java.util.Spliterators,spliteratorUnknownSize,Spliterators.java,,SIDE_EFFECT_FREE,False,Unannotated Mismatch,Ours Only SEF,True,
"java.util.Spliterators.spliteratorUnknownSize(java.util.PrimitiveIterator$OfInt,int)",java.util.Spliterators,spliteratorUnknownSize,Spliterators.java,,SIDE_EFFECT_FREE,False,Unannotated Mismatch,Ours Only SEF,True,
"java.util.Spliterators.spliteratorUnknownSize(java.util.PrimitiveIterator$OfLong,int)",java.util.Spliterators,spliteratorUnknownSize,Spliterators.java,,SIDE_EFFECT_FREE,False,Unannotated Mismatch,Ours Only SEF,True,
java.util.StringJoiner.<init>(java.lang.CharSequence),java.util.StringJoiner,<init>,StringJoiner.java,SideEffectFree,SIDE_EFFECTING,False,Annotated Mismatch,Both Side-Effecting,False,CharSequence parameter escapes to global scope
"java.util.StringJoiner.<init>(java.lang.CharSequence,java.lang.CharSequence,java.lang.CharSequence)",java.util.StringJoiner,<init>,StringJoiner.java,SideEffectFree,SIDE_EFFECTING,False,Annotated Mismatch,Both Side-Effecting,False,CharSequence parameter escapes to global scope; CharSequence parameter escapes to global scope; CharSequence parameter escapes to global scope
java.util.StringJoiner.add(java.lang.CharSequence),java.util.StringJoiner,add,StringJoiner.java,,SIDE_EFFECTING,False,Both Side-Effecting,Both Side-Effecting,False,mutates this via field size; mutates this via field elts; mutates this via field len ... (+1 more)
"java.util.StringJoiner.checkAddLength(int,int)",java.util.StringJoiner,checkAddLength,StringJoiner.java,,SIDE_EFFECT_FREE,False,Unannotated Mismatch,Ours Only SEF,True,
java.util.StringJoiner.toString(),java.util.StringJoiner,toString,StringJoiner.java,SideEffectFree,SIDE_EFFECTING,True,Annotated Mismatch,Randoop Only SEF,False,loaded object 'load elts from parameter this' escapes to global scope; loaded object 'load prefix from parameter this' escapes to global scope; loaded object 'load suffix from parameter this' escapes to global scope ... (+1 more)
java.util.WeakHashMap.<init>(),java.util.WeakHashMap,<init>,WeakHashMap.java,,SIDE_EFFECTING,False,Both Side-Effecting,Both Side-Effecting,False,this escapes to global scope
java.util.WeakHashMap.newTable(int),java.util.WeakHashMap,newTable,WeakHashMap.java,,SIDE_EFFECT_FREE,False,Unannotated Mismatch,Ours Only SEF,True,
java.util.AbstractCollection.add(java.lang.Object),java.util.AbstractCollection,add,AbstractCollection.java,,NOT_IN_CACHE,False,Not In Cache,N/A,False,
java.util.AbstractCollection.addAll(java.util.Collection),java.util.AbstractCollection,addAll,AbstractCollection.java,,NOT_IN_CACHE,False,Not In Cache,N/A,False,
java.util.AbstractCollection.clear(),java.util.AbstractCollection,clear,AbstractCollection.java,,NOT_IN_CACHE,False,Not In Cache,N/A,False,
java.util.AbstractCollection.contains(java.lang.Object),java.util.AbstractCollection,contains,AbstractCollection.java,Pure,NOT_IN_CACHE,True,Not In Cache,N/A,False,
java.util.AbstractCollection.containsAll(java.util.Collection),java.util.AbstractCollection,containsAll,AbstractCollection.java,Pure,NOT_IN_CACHE,True,Not In Cache,N/A,False,
"java.util.AbstractCollection.finishToArray(java.lang.Object[],java.util.Iterator)",java.util.AbstractCollection,finishToArray,AbstractCollection.java,,NOT_IN_CACHE,False,Not In Cache,N/A,False,
java.util.AbstractCollection.isEmpty(),java.util.AbstractCollection,isEmpty,AbstractCollection.java,Pure,NOT_IN_CACHE,True,Not In Cache,N/A,False,
java.util.AbstractCollection.iterator(),java.util.AbstractCollection,iterator,AbstractCollection.java,SideEffectFree,NOT_IN_CACHE,False,Not In Cache,N/A,False,
java.util.AbstractCollection.remove(java.lang.Object),java.util.AbstractCollection,remove,AbstractCollection.java,,NOT_IN_CACHE,False,Not In Cache,N/A,False,
java.util.AbstractCollection.removeAll(java.util.Collection),java.util.AbstractCollection,removeAll,AbstractCollection.java,,NOT_IN_CACHE,False,Not In Cache,N/A,False,
java.util.AbstractCollection.retainAll(java.util.Collection),java.util.AbstractCollection,retainAll,AbstractCollection.java,,NOT_IN_CACHE,False,Not In Cache,N/A,False,
java.util.AbstractCollection.size(),java.util.AbstractCollection,size,AbstractCollection.java,Pure,NOT_IN_CACHE,True,Not In Cache,N/A,False,
java.util.AbstractCollection.toArray(),java.util.AbstractCollection,toArray,AbstractCollection.java,SideEffectFree,NOT_IN_CACHE,False,Not In Cache,N/A,False,
java.util.AbstractCollection.toArray(java.lang.Object[]),java.util.AbstractCollection,toArray,AbstractCollection.java,SideEffectFree,NOT_IN_CACHE,False,Not In Cache,N/A,False,
java.util.AbstractCollection.toString(),java.util.AbstractCollection,toString,AbstractCollection.java,SideEffectFree,NOT_IN_CACHE,True,Not In Cache,N/A,False,
java.util.AbstractList$Itr.checkForComodification(),java.util.AbstractList$Itr,checkForComodification,AbstractList.java,,NOT_IN_CACHE,False,Not In Cache,N/A,False,
java.util.AbstractList$Itr.hasNext(),java.util.AbstractList$Itr,hasNext,AbstractList.java,Pure,NOT_IN_CACHE,False,Not In Cache,N/A,False,
java.util.AbstractList$Itr.next(),java.util.AbstractList$Itr,next,AbstractList.java,,NOT_IN_CACHE,False,Not In Cache,N/A,False,
java.util.AbstractList$Itr.remove(),java.util.AbstractList$Itr,remove,AbstractList.java,,NOT_IN_CACHE,False,Not In Cache,N/A,False,
java.util.AbstractList$ListItr.<init>(int),java.util.AbstractList$ListItr,<init>,AbstractList.java,,NOT_IN_CACHE,False,Not In Cache,N/A,False,
java.util.AbstractList$ListItr.add(java.lang.Object),java.util.AbstractList$ListItr,add,AbstractList.java,,NOT_IN_CACHE,False,Not In Cache,N/A,False,
java.util.AbstractList$ListItr.hasPrevious(),java.util.AbstractList$ListItr,hasPrevious,AbstractList.java,,NOT_IN_CACHE,False,Not In Cache,N/A,False,
java.util.AbstractList$ListItr.nextIndex(),java.util.AbstractList$ListItr,nextIndex,AbstractList.java,,NOT_IN_CACHE,False,Not In Cache,N/A,False,
java.util.AbstractList$ListItr.previous(),java.util.AbstractList$ListItr,previous,AbstractList.java,,NOT_IN_CACHE,False,Not In Cache,N/A,False,
java.util.AbstractList$ListItr.previousIndex(),java.util.AbstractList$ListItr,previousIndex,AbstractList.java,,NOT_IN_CACHE,False,Not In Cache,N/A,False,
java.util.AbstractList$ListItr.set(java.lang.Object),java.util.AbstractList$ListItr,set,AbstractList.java,,NOT_IN_CACHE,False,Not In Cache,N/A,False,
"java.util.AbstractList$RandomAccessSpliterator.<init>(java.util.RandomAccessSpliterator,int,int)",java.util.AbstractList$RandomAccessSpliterator,<init>,AbstractList.java,,NOT_IN_CACHE,False,Not In Cache,N/A,False,
java.util.AbstractList$RandomAccessSpliterator.characteristics(),java.util.AbstractList$RandomAccessSpliterator,characteristics,AbstractList.java,,NOT_IN_CACHE,False,Not In Cache,N/A,False,
"java.util.AbstractList$RandomAccessSpliterator.checkAbstractListModCount(java.util.AbstractList,int)",java.util.AbstractList$RandomAccessSpliterator,checkAbstractListModCount,AbstractList.java,,NOT_IN_CACHE,False,Not In Cache,N/A,False,
java.util.AbstractList$RandomAccessSpliterator.estimateSize(),java.util.AbstractList$RandomAccessSpliterator,estimateSize,AbstractList.java,,NOT_IN_CACHE,False,Not In Cache,N/A,False,
java.util.AbstractList$RandomAccessSpliterator.forEachRemaining(java.util.function.Consumer),java.util.AbstractList$RandomAccessSpliterator,forEachRemaining,AbstractList.java,,NOT_IN_CACHE,False,Not In Cache,N/A,False,
"java.util.AbstractList$RandomAccessSpliterator.get(java.util.List,int)",java.util.AbstractList$RandomAccessSpliterator,get,AbstractList.java,,NOT_IN_CACHE,False,Not In Cache,N/A,False,
java.util.AbstractList$RandomAccessSpliterator.getFence(),java.util.AbstractList$RandomAccessSpliterator,getFence,AbstractList.java,,NOT_IN_CACHE,False,Not In Cache,N/A,False,
java.util.AbstractList$RandomAccessSpliterator.tryAdvance(java.util.function.Consumer),java.util.AbstractList$RandomAccessSpliterator,tryAdvance,AbstractList.java,,NOT_IN_CACHE,False,Not In Cache,N/A,False,
java.util.AbstractList$RandomAccessSpliterator.trySplit(),java.util.AbstractList$RandomAccessSpliterator,trySplit,AbstractList.java,,NOT_IN_CACHE,False,Not In Cache,N/A,False,
"java.util.AbstractList$RandomAccessSubList.<init>(java.util.AbstractList,int,int)",java.util.AbstractList$RandomAccessSubList,<init>,AbstractList.java,,NOT_IN_CACHE,False,Not In Cache,N/A,False,
"java.util.AbstractList$RandomAccessSubList.<init>(java.util.RandomAccessSubList,int,int)",java.util.AbstractList$RandomAccessSubList,<init>,AbstractList.java,,NOT_IN_CACHE,False,Not In Cache,N/A,False,
"java.util.AbstractList$RandomAccessSubList.subList(int,int)",java.util.AbstractList$RandomAccessSubList,subList,AbstractList.java,,NOT_IN_CACHE,False,Not In Cache,N/A,False,
"java.util.AbstractList$SubList.<init>(java.util.AbstractList,int,int)",java.util.AbstractList$SubList,<init>,AbstractList.java,,NOT_IN_CACHE,False,Not In Cache,N/A,False,
"java.util.AbstractList$SubList.<init>(java.util.SubList,int,int)",java.util.AbstractList$SubList,<init>,AbstractList.java,,NOT_IN_CACHE,False,Not In Cache,N/A,False,
"java.util.AbstractList$SubList.add(int,java.lang.Object)",java.util.AbstractList$SubList,add,AbstractList.java,,NOT_IN_CACHE,False,Not In Cache,N/A,False,
java.util.AbstractList$SubList.add(java.lang.Object),java.util.AbstractList$SubList,add,AbstractList.java,,NOT_IN_CACHE,False,Not In Cache,N/A,False,
"java.util.AbstractList$SubList.addAll(int,java.util.Collection)",java.util.AbstractList$SubList,addAll,AbstractList.java,,NOT_IN_CACHE,False,Not In Cache,N/A,False,
java.util.AbstractList$SubList.addAll(java.util.Collection),java.util.AbstractList$SubList,addAll,AbstractList.java,,NOT_IN_CACHE,False,Not In Cache,N/A,False,
java.util.AbstractList$SubList.checkForComodification(),java.util.AbstractList$SubList,checkForComodification,AbstractList.java,,NOT_IN_CACHE,False,Not In Cache,N/A,False,
java.util.AbstractList$SubList.get(int),java.util.AbstractList$SubList,get,AbstractList.java,,NOT_IN_CACHE,False,Not In Cache,N/A,False,
java.util.AbstractList$SubList.hasNext(),java.util.AbstractList$SubList,hasNext,AbstractList.java,Pure,NOT_IN_CACHE,False,Not In Cache,N/A,False,
java.util.AbstractList$SubList.hasPrevious(),java.util.AbstractList$SubList,hasPrevious,AbstractList.java,Pure,NOT_IN_CACHE,False,Not In Cache,N/A,False,
java.util.AbstractList$SubList.iterator(),java.util.AbstractList$SubList,iterator,AbstractList.java,,NOT_IN_CACHE,False,Not In Cache,N/A,False,
java.util.AbstractList$SubList.listIterator(int),java.util.AbstractList$SubList,listIterator,AbstractList.java,,NOT_IN_CACHE,False,Not In Cache,N/A,False,
java.util.AbstractList$SubList.next(java.util./*ListIterator),java.util.AbstractList$SubList,next,AbstractList.java,,NOT_IN_CACHE,False,Not In Cache,N/A,False,
java.util.AbstractList$SubList.nextIndex(),java.util.AbstractList$SubList,nextIndex,AbstractList.java,Pure,NOT_IN_CACHE,False,Not In Cache,N/A,False,
java.util.AbstractList$SubList.outOfBoundsMsg(int),java.util.AbstractList$SubList,outOfBoundsMsg,AbstractList.java,,NOT_IN_CACHE,False,Not In Cache,N/A,False,
java.util.AbstractList$SubList.previous(),java.util.AbstractList$SubList,previous,AbstractList.java,,NOT_IN_CACHE,False,Not In Cache,N/A,False,
java.util.AbstractList$SubList.previousIndex(),java.util.AbstractList$SubList,previousIndex,AbstractList.java,Pure,NOT_IN_CACHE,False,Not In Cache,N/A,False,
java.util.AbstractList$SubList.rangeCheckForAdd(int),java.util.AbstractList$SubList,rangeCheckForAdd,AbstractList.java,,NOT_IN_CACHE,False,Not In Cache,N/A,False,
java.util.AbstractList$SubList.remove(),java.util.AbstractList$SubList,remove,AbstractList.java,,NOT_IN_CACHE,False,Not In Cache,N/A,False,
java.util.AbstractList$SubList.remove(int),java.util.AbstractList$SubList,remove,AbstractList.java,,NOT_IN_CACHE,False,Not In Cache,N/A,False,
"java.util.AbstractList$SubList.removeRange(int,int)",java.util.AbstractList$SubList,removeRange,AbstractList.java,,NOT_IN_CACHE,False,Not In Cache,N/A,False,
"java.util.AbstractList$SubList.set(int,java.lang.Object)",java.util.AbstractList$SubList,set,AbstractList.java,,NOT_IN_CACHE,False,Not In Cache,N/A,False,
java.util.AbstractList$SubList.set(java.lang.Object),java.util.AbstractList$SubList,set,AbstractList.java,,NOT_IN_CACHE,False,Not In Cache,N/A,False,
java.util.AbstractList$SubList.size(),java.util.AbstractList$SubList,size,AbstractList.java,Pure,NOT_IN_CACHE,False,Not In Cache,N/A,False,
"java.util.AbstractList$SubList.subList(int,int)",java.util.AbstractList$SubList,subList,AbstractList.java,,NOT_IN_CACHE,False,Not In Cache,N/A,False,
java.util.AbstractList$SubList.updateSizeAndModCount(int),java.util.AbstractList$SubList,updateSizeAndModCount,AbstractList.java,,NOT_IN_CACHE,False,Not In Cache,N/A,False,
"java.util.AbstractList.add(int,java.lang.Object)",java.util.AbstractList,add,AbstractList.java,,NOT_IN_CACHE,False,Not In Cache,N/A,False,
java.util.AbstractList.add(java.lang.Object),java.util.AbstractList,add,AbstractList.java,,NOT_IN_CACHE,False,Not In Cache,N/A,False,
"java.util.AbstractList.addAll(int,java.util.Collection)",java.util.AbstractList,addAll,AbstractList.java,,NOT_IN_CACHE,False,Not In Cache,N/A,False,
java.util.AbstractList.clear(),java.util.AbstractList,clear,AbstractList.java,,NOT_IN_CACHE,False,Not In Cache,N/A,False,
java.util.AbstractList.equals(java.lang.Object),java.util.AbstractList,equals,AbstractList.java,Pure,NOT_IN_CACHE,True,Not In Cache,N/A,False,
java.util.AbstractList.get(int),java.util.AbstractList,get,AbstractList.java,Pure,NOT_IN_CACHE,True,Not In Cache,N/A,False,
java.util.AbstractList.hashCode(),java.util.AbstractList,hashCode,AbstractList.java,Pure,NOT_IN_CACHE,True,Not In Cache,N/A,False,
java.util.AbstractList.indexOf(java.lang.Object),java.util.AbstractList,indexOf,AbstractList.java,Pure,NOT_IN_CACHE,True,Not In Cache,N/A,False,
java.util.AbstractList.iterator(),java.util.AbstractList,iterator,AbstractList.java,SideEffectFree,NOT_IN_CACHE,False,Not In Cache,N/A,False,
java.util.AbstractList.lastIndexOf(java.lang.Object),java.util.AbstractList,lastIndexOf,AbstractList.java,Pure,NOT_IN_CACHE,True,Not In Cache,N/A,False,
java.util.AbstractList.listIterator(),java.util.AbstractList,listIterator,AbstractList.java,,NOT_IN_CACHE,False,Not In Cache,N/A,False,
java.util.AbstractList.listIterator(java.util.final int),java.util.AbstractList,listIterator,AbstractList.java,,NOT_IN_CACHE,False,Not In Cache,N/A,False,
java.util.AbstractList.outOfBoundsMsg(int),java.util.AbstractList,outOfBoundsMsg,AbstractList.java,,NOT_IN_CACHE,False,Not In Cache,N/A,False,
java.util.AbstractList.rangeCheckForAdd(int),java.util.AbstractList,rangeCheckForAdd,AbstractList.java,,NOT_IN_CACHE,False,Not In Cache,N/A,False,
java.util.AbstractList.remove(int),java.util.AbstractList,remove,AbstractList.java,,NOT_IN_CACHE,False,Not In Cache,N/A,False,
"java.util.AbstractList.removeRange(int,int)",java.util.AbstractList,removeRange,AbstractList.java,,NOT_IN_CACHE,False,Not In Cache,N/A,False,
"java.util.AbstractList.set(int,java.lang.Object)",java.util.AbstractList,set,AbstractList.java,,NOT_IN_CACHE,False,Not In Cache,N/A,False,
"java.util.AbstractList.subList(int,int)",java.util.AbstractList,subList,AbstractList.java,SideEffectFree,NOT_IN_CACHE,False,Not In Cache,N/A,False,
"java.util.AbstractList.subListRangeCheck(int,int,int)",java.util.AbstractList,subListRangeCheck,AbstractList.java,,NOT_IN_CACHE,False,Not In Cache,N/A,False,
"java.util.AbstractMap$SimpleEntry.<init>(java.lang.Object,java.lang.Object)",java.util.AbstractMap$SimpleEntry,<init>,AbstractMap.java,,NOT_IN_CACHE,False,Not In Cache,N/A,False,
java.util.AbstractMap$SimpleEntry.<init>(java.util.Entry),java.util.AbstractMap$SimpleEntry,<init>,AbstractMap.java,,NOT_IN_CACHE,False,Not In Cache,N/A,False,
java.util.AbstractMap$SimpleEntry.equals(java.lang.Object),java.util.AbstractMap$SimpleEntry,equals,AbstractMap.java,Pure,NOT_IN_CACHE,True,Not In Cache,N/A,False,
java.util.AbstractMap$SimpleEntry.getKey(),java.util.AbstractMap$SimpleEntry,getKey,AbstractMap.java,Pure,NOT_IN_CACHE,True,Not In Cache,N/A,False,
java.util.AbstractMap$SimpleEntry.getValue(),java.util.AbstractMap$SimpleEntry,getValue,AbstractMap.java,Pure,NOT_IN_CACHE,True,Not In Cache,N/A,False,
java.util.AbstractMap$SimpleEntry.hashCode(),java.util.AbstractMap$SimpleEntry,hashCode,AbstractMap.java,Pure,NOT_IN_CACHE,True,Not In Cache,N/A,False,
java.util.AbstractMap$SimpleEntry.setValue(java.lang.Object),java.util.AbstractMap$SimpleEntry,setValue,AbstractMap.java,,NOT_IN_CACHE,False,Not In Cache,N/A,False,
java.util.AbstractMap$SimpleEntry.toString(),java.util.AbstractMap$SimpleEntry,toString,AbstractMap.java,SideEffectFree,NOT_IN_CACHE,True,Not In Cache,N/A,False,
"java.util.AbstractMap$SimpleImmutableEntry.<init>(java.lang.Object,java.lang.Object)",java.util.AbstractMap$SimpleImmutableEntry,<init>,AbstractMap.java,,NOT_IN_CACHE,False,Not In Cache,N/A,False,
java.util.AbstractMap$SimpleImmutableEntry.<init>(java.util.Entry),java.util.AbstractMap$SimpleImmutableEntry,<init>,AbstractMap.java,,NOT_IN_CACHE,False,Not In Cache,N/A,False,
java.util.AbstractMap$SimpleImmutableEntry.equals(java.lang.Object),java.util.AbstractMap$SimpleImmutableEntry,equals,AbstractMap.java,Pure,NOT_IN_CACHE,True,Not In Cache,N/A,False,
java.util.AbstractMap$SimpleImmutableEntry.getKey(),java.util.AbstractMap$SimpleImmutableEntry,getKey,AbstractMap.java,Pure,NOT_IN_CACHE,True,Not In Cache,N/A,False,
java.util.AbstractMap$SimpleImmutableEntry.getValue(),java.util.AbstractMap$SimpleImmutableEntry,getValue,AbstractMap.java,Pure,NOT_IN_CACHE,True,Not In Cache,N/A,False,
java.util.AbstractMap$SimpleImmutableEntry.hashCode(),java.util.AbstractMap$SimpleImmutableEntry,hashCode,AbstractMap.java,Pure,NOT_IN_CACHE,True,Not In Cache,N/A,False,
java.util.AbstractMap$SimpleImmutableEntry.setValue(java.lang.Object),java.util.AbstractMap$SimpleImmutableEntry,setValue,AbstractMap.java,,NOT_IN_CACHE,False,Not In Cache,N/A,False,
java.util.AbstractMap$SimpleImmutableEntry.toString(),java.util.AbstractMap$SimpleImmutableEntry,toString,AbstractMap.java,SideEffectFree,NOT_IN_CACHE,True,Not In Cache,N/A,False,
java.util.AbstractMap$ViewCollection.add(java.lang.Object),java.util.AbstractMap$ViewCollection,add,AbstractMap.java,,NOT_IN_CACHE,False,Not In Cache,N/A,False,
java.util.AbstractMap$ViewCollection.addAll(java.util.Collection),java.util.AbstractMap$ViewCollection,addAll,AbstractMap.java,,NOT_IN_CACHE,False,Not In Cache,N/A,False,
java.util.AbstractMap$ViewCollection.clear(),java.util.AbstractMap$ViewCollection,clear,AbstractMap.java,,NOT_IN_CACHE,False,Not In Cache,N/A,False,
java.util.AbstractMap$ViewCollection.contains(java.lang.Object),java.util.AbstractMap$ViewCollection,contains,AbstractMap.java,,NOT_IN_CACHE,False,Not In Cache,N/A,False,
java.util.AbstractMap$ViewCollection.containsAll(java.util.Collection),java.util.AbstractMap$ViewCollection,containsAll,AbstractMap.java,,NOT_IN_CACHE,False,Not In Cache,N/A,False,
java.util.AbstractMap$ViewCollection.forEach(java.util.function.Consumer),java.util.AbstractMap$ViewCollection,forEach,AbstractMap.java,,NOT_IN_CACHE,False,Not In Cache,N/A,False,
java.util.AbstractMap$ViewCollection.isEmpty(),java.util.AbstractMap$ViewCollection,isEmpty,AbstractMap.java,,NOT_IN_CACHE,False,Not In Cache,N/A,False,
java.util.AbstractMap$ViewCollection.iterator(),java.util.AbstractMap$ViewCollection,iterator,AbstractMap.java,,NOT_IN_CACHE,False,Not In Cache,N/A,False,
java.util.AbstractMap$ViewCollection.parallelStream(),java.util.AbstractMap$ViewCollection,parallelStream,AbstractMap.java,,NOT_IN_CACHE,False,Not In Cache,N/A,False,
java.util.AbstractMap$ViewCollection.remove(java.lang.Object),java.util.AbstractMap$ViewCollection,remove,AbstractMap.java,,NOT_IN_CACHE,False,Not In Cache,N/A,False,
java.util.AbstractMap$ViewCollection.removeAll(java.util.Collection),java.util.AbstractMap$ViewCollection,removeAll,AbstractMap.java,,NOT_IN_CACHE,False,Not In Cache,N/A,False,
java.util.AbstractMap$ViewCollection.removeIf(java.util.function.Predicate),java.util.AbstractMap$ViewCollection,removeIf,AbstractMap.java,,NOT_IN_CACHE,False,Not In Cache,N/A,False,
java.util.AbstractMap$ViewCollection.retainAll(java.util.Collection),java.util.AbstractMap$ViewCollection,retainAll,AbstractMap.java,,NOT_IN_CACHE,False,Not In Cache,N/A,False,
java.util.AbstractMap$ViewCollection.size(),java.util.AbstractMap$ViewCollection,size,AbstractMap.java,,NOT_IN_CACHE,False,Not In Cache,N/A,False,
java.util.AbstractMap$ViewCollection.spliterator(),java.util.AbstractMap$ViewCollection,spliterator,AbstractMap.java,,NOT_IN_CACHE,False,Not In Cache,N/A,False,
java.util.AbstractMap$ViewCollection.stream(),java.util.AbstractMap$ViewCollection,stream,AbstractMap.java,,NOT_IN_CACHE,False,Not In Cache,N/A,False,
java.util.AbstractMap$ViewCollection.toArray(),java.util.AbstractMap$ViewCollection,toArray,AbstractMap.java,,NOT_IN_CACHE,False,Not In Cache,N/A,False,
java.util.AbstractMap$ViewCollection.toArray(java.lang.Object[]),java.util.AbstractMap$ViewCollection,toArray,AbstractMap.java,,NOT_IN_CACHE,False,Not In Cache,N/A,False,
java.util.AbstractMap$ViewCollection.toArray(java.util.function.IntFunction),java.util.AbstractMap$ViewCollection,toArray,AbstractMap.java,,NOT_IN_CACHE,False,Not In Cache,N/A,False,
java.util.AbstractMap$ViewCollection.toString(),java.util.AbstractMap$ViewCollection,toString,AbstractMap.java,,NOT_IN_CACHE,False,Not In Cache,N/A,False,
java.util.AbstractMap$ViewCollection.uoe(),java.util.AbstractMap$ViewCollection,uoe,AbstractMap.java,,NOT_IN_CACHE,False,Not In Cache,N/A,False,
java.util.AbstractMap$ViewCollection.view(),java.util.AbstractMap$ViewCollection,view,AbstractMap.java,,NOT_IN_CACHE,False,Not In Cache,N/A,False,
java.util.AbstractMap.clear(),java.util.AbstractMap,clear,AbstractMap.java,,NOT_IN_CACHE,False,Not In Cache,N/A,False,
java.util.AbstractMap.contains(java.lang.Object),java.util.AbstractMap,contains,AbstractMap.java,,NOT_IN_CACHE,False,Not In Cache,N/A,False,
java.util.AbstractMap.containsKey(java.lang.Object),java.util.AbstractMap,containsKey,AbstractMap.java,Pure,NOT_IN_CACHE,True,Not In Cache,N/A,False,
java.util.AbstractMap.containsValue(java.lang.Object),java.util.AbstractMap,containsValue,AbstractMap.java,Pure,NOT_IN_CACHE,True,Not In Cache,N/A,False,
java.util.AbstractMap.entrySet(),java.util.AbstractMap,entrySet,AbstractMap.java,SideEffectFree,NOT_IN_CACHE,True,Not In Cache,N/A,False,
java.util.AbstractMap.equals(java.lang.Object),java.util.AbstractMap,equals,AbstractMap.java,Pure,NOT_IN_CACHE,True,Not In Cache,N/A,False,
java.util.AbstractMap.get(java.lang.Object),java.util.AbstractMap,get,AbstractMap.java,Pure,NOT_IN_CACHE,True,Not In Cache,N/A,False,
java.util.AbstractMap.hasNext(),java.util.AbstractMap,hasNext,AbstractMap.java,Pure,NOT_IN_CACHE,False,Not In Cache,N/A,False,
java.util.AbstractMap.hashCode(),java.util.AbstractMap,hashCode,AbstractMap.java,Pure,NOT_IN_CACHE,True,Not In Cache,N/A,False,
java.util.AbstractMap.isEmpty(),java.util.AbstractMap,isEmpty,AbstractMap.java,Pure,NOT_IN_CACHE,True,Not In Cache,N/A,False,
java.util.AbstractMap.iterator(),java.util.AbstractMap,iterator,AbstractMap.java,,NOT_IN_CACHE,False,Not In Cache,N/A,False,
java.util.AbstractMap.keySet(),java.util.AbstractMap,keySet,AbstractMap.java,SideEffectFree,NOT_IN_CACHE,True,Not In Cache,N/A,False,
java.util.AbstractMap.next(java.util./*Iterator),java.util.AbstractMap,next,AbstractMap.java,,NOT_IN_CACHE,False,Not In Cache,N/A,False,
"java.util.AbstractMap.put(java.lang.Object,java.lang.Object)",java.util.AbstractMap,put,AbstractMap.java,,NOT_IN_CACHE,False,Not In Cache,N/A,False,
java.util.AbstractMap.putAll(java.util.Map),java.util.AbstractMap,putAll,AbstractMap.java,,NOT_IN_CACHE,False,Not In Cache,N/A,False,
java.util.AbstractMap.remove(),java.util.AbstractMap,remove,AbstractMap.java,,NOT_IN_CACHE,False,Not In Cache,N/A,False,
java.util.AbstractMap.remove(java.lang.Object),java.util.AbstractMap,remove,AbstractMap.java,,NOT_IN_CACHE,False,Not In Cache,N/A,False,
java.util.AbstractMap.size(),java.util.AbstractMap,size,AbstractMap.java,Pure,NOT_IN_CACHE,True,Not In Cache,N/A,False,
java.util.AbstractMap.toString(),java.util.AbstractMap,toString,AbstractMap.java,SideEffectFree,NOT_IN_CACHE,True,Not In Cache,N/A,False,
java.util.AbstractMap.values(),java.util.AbstractMap,values,AbstractMap.java,SideEffectFree,NOT_IN_CACHE,True,Not In Cache,N/A,False,
java.util.AbstractSequentialList.<init>(),java.util.AbstractSequentialList,<init>,AbstractSequentialList.java,,NOT_IN_CACHE,False,Not In Cache,N/A,False,
"java.util.AbstractSequentialList.add(int,java.lang.Object)",java.util.AbstractSequentialList,add,AbstractSequentialList.java,,NOT_IN_CACHE,False,Not In Cache,N/A,False,
"java.util.AbstractSequentialList.addAll(int,java.util.Collection)",java.util.AbstractSequentialList,addAll,AbstractSequentialList.java,,NOT_IN_CACHE,False,Not In Cache,N/A,False,
java.util.AbstractSequentialList.get(int),java.util.AbstractSequentialList,get,AbstractSequentialList.java,Pure,NOT_IN_CACHE,True,Not In Cache,N/A,False,
java.util.AbstractSequentialList.iterator(),java.util.AbstractSequentialList,iterator,AbstractSequentialList.java,SideEffectFree,NOT_IN_CACHE,False,Not In Cache,N/A,False,
java.util.AbstractSequentialList.listIterator(int),java.util.AbstractSequentialList,listIterator,AbstractSequentialList.java,,NOT_IN_CACHE,False,Not In Cache,N/A,False,
java.util.AbstractSequentialList.remove(int),java.util.AbstractSequentialList,remove,AbstractSequentialList.java,,NOT_IN_CACHE,False,Not In Cache,N/A,False,
"java.util.AbstractSequentialList.set(int,java.lang.Object)",java.util.AbstractSequentialList,set,AbstractSequentialList.java,,NOT_IN_CACHE,False,Not In Cache,N/A,False,
java.util.AbstractSet.equals(java.lang.Object),java.util.AbstractSet,equals,AbstractSet.java,Pure,NOT_IN_CACHE,True,Not In Cache,N/A,False,
java.util.AbstractSet.hashCode(),java.util.AbstractSet,hashCode,AbstractSet.java,Pure,NOT_IN_CACHE,True,Not In Cache,N/A,False,
java.util.AbstractSet.removeAll(java.util.Collection),java.util.AbstractSet,removeAll,AbstractSet.java,,NOT_IN_CACHE,False,Not In Cache,N/A,False,
java.util.ArrayDeque$DeqIterator.<init>(),java.util.ArrayDeque$DeqIterator,<init>,ArrayDeque.java,,NOT_IN_CACHE,False,Not In Cache,N/A,False,
java.util.ArrayDeque$DeqIterator.forEachRemaining(java.util.function.Consumer),java.util.ArrayDeque$DeqIterator,forEachRemaining,ArrayDeque.java,,NOT_IN_CACHE,False,Not In Cache,N/A,False,
java.util.ArrayDeque$DeqIterator.hasNext(),java.util.ArrayDeque$DeqIterator,hasNext,ArrayDeque.java,Pure,NOT_IN_CACHE,False,Not In Cache,N/A,False,
java.util.ArrayDeque$DeqIterator.next(),java.util.ArrayDeque$DeqIterator,next,ArrayDeque.java,,NOT_IN_CACHE,False,Not In Cache,N/A,False,
java.util.ArrayDeque$DeqIterator.postDelete(boolean),java.util.ArrayDeque$DeqIterator,postDelete,ArrayDeque.java,,NOT_IN_CACHE,False,Not In Cache,N/A,False,
java.util.ArrayDeque$DeqIterator.remove(),java.util.ArrayDeque$DeqIterator,remove,ArrayDeque.java,,NOT_IN_CACHE,False,Not In Cache,N/A,False,
java.util.ArrayDeque$DeqSpliterator.<init>(),java.util.ArrayDeque$DeqSpliterator,<init>,ArrayDeque.java,,NOT_IN_CACHE,False,Not In Cache,N/A,False,
"java.util.ArrayDeque$DeqSpliterator.<init>(int,int)",java.util.ArrayDeque$DeqSpliterator,<init>,ArrayDeque.java,,NOT_IN_CACHE,False,Not In Cache,N/A,False,
"java.util.ArrayDeque$DeqSpliterator.DeqSpliterator(java.util.i,java.util.cursor =,java.util.n,java.util.es$length))",java.util.ArrayDeque$DeqSpliterator,DeqSpliterator,ArrayDeque.java,,NOT_IN_CACHE,False,Not In Cache,N/A,False,
java.util.ArrayDeque$DeqSpliterator.characteristics(),java.util.ArrayDeque$DeqSpliterator,characteristics,ArrayDeque.java,,NOT_IN_CACHE,False,Not In Cache,N/A,False,
java.util.ArrayDeque$DeqSpliterator.estimateSize(),java.util.ArrayDeque$DeqSpliterator,estimateSize,ArrayDeque.java,,NOT_IN_CACHE,False,Not In Cache,N/A,False,
java.util.ArrayDeque$DeqSpliterator.forEachRemaining(java.util.function.Consumer),java.util.ArrayDeque$DeqSpliterator,forEachRemaining,ArrayDeque.java,,NOT_IN_CACHE,False,Not In Cache,N/A,False,
java.util.ArrayDeque$DeqSpliterator.getFence(),java.util.ArrayDeque$DeqSpliterator,getFence,ArrayDeque.java,,NOT_IN_CACHE,False,Not In Cache,N/A,False,
java.util.ArrayDeque$DeqSpliterator.tryAdvance(java.util.function.Consumer),java.util.ArrayDeque$DeqSpliterator,tryAdvance,ArrayDeque.java,,NOT_IN_CACHE,False,Not In Cache,N/A,False,
java.util.ArrayDeque$DeqSpliterator.trySplit(),java.util.ArrayDeque$DeqSpliterator,trySplit,ArrayDeque.java,,NOT_IN_CACHE,False,Not In Cache,N/A,False,
java.util.ArrayDeque$DescendingIterator.<init>(),java.util.ArrayDeque$DescendingIterator,<init>,ArrayDeque.java,,NOT_IN_CACHE,False,Not In Cache,N/A,False,
java.util.ArrayDeque$DescendingIterator.forEachRemaining(java.util.function.Consumer),java.util.ArrayDeque$DescendingIterator,forEachRemaining,ArrayDeque.java,,NOT_IN_CACHE,False,Not In Cache,N/A,False,
java.util.ArrayDeque$DescendingIterator.next(),java.util.ArrayDeque$DescendingIterator,next,ArrayDeque.java,,NOT_IN_CACHE,False,Not In Cache,N/A,False,
java.util.ArrayDeque$DescendingIterator.postDelete(boolean),java.util.ArrayDeque$DescendingIterator,postDelete,ArrayDeque.java,,NOT_IN_CACHE,False,Not In Cache,N/A,False,
java.util.ArrayDeque.<init>(),java.util.ArrayDeque,<init>,ArrayDeque.java,,NOT_IN_CACHE,False,Not In Cache,N/A,False,
java.util.ArrayDeque.<init>(int),java.util.ArrayDeque,<init>,ArrayDeque.java,,NOT_IN_CACHE,False,Not In Cache,N/A,False,
java.util.ArrayDeque.<init>(java.util.Collection),java.util.ArrayDeque,<init>,ArrayDeque.java,,NOT_IN_CACHE,False,Not In Cache,N/A,False,
java.util.ArrayDeque.add(java.lang.Object),java.util.ArrayDeque,add,ArrayDeque.java,,NOT_IN_CACHE,False,Not In Cache,N/A,False,
java.util.ArrayDeque.addAll(java.util.Collection),java.util.ArrayDeque,addAll,ArrayDeque.java,,NOT_IN_CACHE,False,Not In Cache,N/A,False,
java.util.ArrayDeque.addFirst(java.lang.Object),java.util.ArrayDeque,addFirst,ArrayDeque.java,,NOT_IN_CACHE,False,Not In Cache,N/A,False,
java.util.ArrayDeque.addLast(java.lang.Object),java.util.ArrayDeque,addLast,ArrayDeque.java,,NOT_IN_CACHE,False,Not In Cache,N/A,False,
java.util.ArrayDeque.bulkRemove(java.util.function.Predicate),java.util.ArrayDeque,bulkRemove,ArrayDeque.java,,NOT_IN_CACHE,False,Not In Cache,N/A,False,
"java.util.ArrayDeque.bulkRemoveModified(java.util.function.Predicate,java.util.final int)",java.util.ArrayDeque,bulkRemoveModified,ArrayDeque.java,,NOT_IN_CACHE,False,Not In Cache,N/A,False,
java.util.ArrayDeque.checkInvariants(),java.util.ArrayDeque,checkInvariants,ArrayDeque.java,,NOT_IN_CACHE,False,Not In Cache,N/A,False,
"java.util.ArrayDeque.circularClear(java.lang.Object[],int,int)",java.util.ArrayDeque,circularClear,ArrayDeque.java,,NOT_IN_CACHE,False,Not In Cache,N/A,False,
java.util.ArrayDeque.clear(),java.util.ArrayDeque,clear,ArrayDeque.java,,NOT_IN_CACHE,False,Not In Cache,N/A,False,
java.util.ArrayDeque.clone(),java.util.ArrayDeque,clone,ArrayDeque.java,SideEffectFree,NOT_IN_CACHE,True,Not In Cache,N/A,False,
java.util.ArrayDeque.contains(java.lang.Object),java.util.ArrayDeque,contains,ArrayDeque.java,Pure,NOT_IN_CACHE,True,Not In Cache,N/A,False,
java.util.ArrayDeque.copyElements(java.util.Collection),java.util.ArrayDeque,copyElements,ArrayDeque.java,,NOT_IN_CACHE,False,Not In Cache,N/A,False,
"java.util.ArrayDeque.dec(int,int)",java.util.ArrayDeque,dec,ArrayDeque.java,,NOT_IN_CACHE,False,Not In Cache,N/A,False,
java.util.ArrayDeque.delete(int),java.util.ArrayDeque,delete,ArrayDeque.java,,NOT_IN_CACHE,False,Not In Cache,N/A,False,
java.util.ArrayDeque.descendingIterator(),java.util.ArrayDeque,descendingIterator,ArrayDeque.java,,NOT_IN_CACHE,False,Not In Cache,N/A,False,
java.util.ArrayDeque.element(),java.util.ArrayDeque,element,ArrayDeque.java,,NOT_IN_CACHE,False,Not In Cache,N/A,False,
"java.util.ArrayDeque.elementAt(java.lang.Object[],int)",java.util.ArrayDeque,elementAt,ArrayDeque.java,Pure,NOT_IN_CACHE,False,Not In Cache,N/A,False,
java.util.ArrayDeque.forEach(java.util.function.Consumer),java.util.ArrayDeque,forEach,ArrayDeque.java,,NOT_IN_CACHE,False,Not In Cache,N/A,False,
java.util.ArrayDeque.getFirst(),java.util.ArrayDeque,getFirst,ArrayDeque.java,,NOT_IN_CACHE,False,Not In Cache,N/A,False,
java.util.ArrayDeque.getLast(),java.util.ArrayDeque,getLast,ArrayDeque.java,,NOT_IN_CACHE,False,Not In Cache,N/A,False,
java.util.ArrayDeque.grow(int),java.util.ArrayDeque,grow,ArrayDeque.java,,NOT_IN_CACHE,False,Not In Cache,N/A,False,
"java.util.ArrayDeque.inc(int,int)",java.util.ArrayDeque,inc,ArrayDeque.java,,NOT_IN_CACHE,False,Not In Cache,N/A,False,
"java.util.ArrayDeque.inc(int,int,int)",java.util.ArrayDeque,inc,ArrayDeque.java,,NOT_IN_CACHE,False,Not In Cache,N/A,False,
"java.util.ArrayDeque.isClear(long[],int)",java.util.ArrayDeque,isClear,ArrayDeque.java,,NOT_IN_CACHE,False,Not In Cache,N/A,False,
java.util.ArrayDeque.isEmpty(),java.util.ArrayDeque,isEmpty,ArrayDeque.java,Pure,NOT_IN_CACHE,True,Not In Cache,N/A,False,
java.util.ArrayDeque.iterator(),java.util.ArrayDeque,iterator,ArrayDeque.java,SideEffectFree,NOT_IN_CACHE,False,Not In Cache,N/A,False,
java.util.ArrayDeque.nBits(int),java.util.ArrayDeque,nBits,ArrayDeque.java,,NOT_IN_CACHE,False,Not In Cache,N/A,False,
"java.util.ArrayDeque.newCapacity(int,int)",java.util.ArrayDeque,newCapacity,ArrayDeque.java,,NOT_IN_CACHE,False,Not In Cache,N/A,False,
"java.util.ArrayDeque.nonNullElementAt(java.lang.Object[],int)",java.util.ArrayDeque,nonNullElementAt,ArrayDeque.java,,NOT_IN_CACHE,False,Not In Cache,N/A,False,
java.util.ArrayDeque.offer(java.lang.Object),java.util.ArrayDeque,offer,ArrayDeque.java,,NOT_IN_CACHE,False,Not In Cache,N/A,False,
java.util.ArrayDeque.offerFirst(java.lang.Object),java.util.ArrayDeque,offerFirst,ArrayDeque.java,,NOT_IN_CACHE,False,Not In Cache,N/A,False,
java.util.ArrayDeque.offerLast(java.lang.Object),java.util.ArrayDeque,offerLast,ArrayDeque.java,,NOT_IN_CACHE,False,Not In Cache,N/A,False,
java.util.ArrayDeque.peek(),java.util.ArrayDeque,peek,ArrayDeque.java,Pure,NOT_IN_CACHE,False,Not In Cache,N/A,False,
java.util.ArrayDeque.peekFirst(),java.util.ArrayDeque,peekFirst,ArrayDeque.java,Pure,NOT_IN_CACHE,False,Not In Cache,N/A,False,
java.util.ArrayDeque.peekLast(),java.util.ArrayDeque,peekLast,ArrayDeque.java,Pure,NOT_IN_CACHE,False,Not In Cache,N/A,False,
java.util.ArrayDeque.poll(),java.util.ArrayDeque,poll,ArrayDeque.java,,NOT_IN_CACHE,False,Not In Cache,N/A,False,
java.util.ArrayDeque.pollFirst(),java.util.ArrayDeque,pollFirst,ArrayDeque.java,,NOT_IN_CACHE,False,Not In Cache,N/A,False,
java.util.ArrayDeque.pollLast(),java.util.ArrayDeque,pollLast,ArrayDeque.java,,NOT_IN_CACHE,False,Not In Cache,N/A,False,
java.util.ArrayDeque.pop(),java.util.ArrayDeque,pop,ArrayDeque.java,,NOT_IN_CACHE,False,Not In Cache,N/A,False,
java.util.ArrayDeque.push(java.lang.Object),java.util.ArrayDeque,push,ArrayDeque.java,,NOT_IN_CACHE,False,Not In Cache,N/A,False,
java.util.ArrayDeque.readObject(java.util.java$io$ObjectInputStream),java.util.ArrayDeque,readObject,ArrayDeque.java,,NOT_IN_CACHE,False,Not In Cache,N/A,False,
java.util.ArrayDeque.remove(),java.util.ArrayDeque,remove,ArrayDeque.java,,NOT_IN_CACHE,False,Not In Cache,N/A,False,
java.util.ArrayDeque.remove(java.lang.Object),java.util.ArrayDeque,remove,ArrayDeque.java,,NOT_IN_CACHE,False,Not In Cache,N/A,False,
java.util.ArrayDeque.removeAll(java.util.Collection),java.util.ArrayDeque,removeAll,ArrayDeque.java,,NOT_IN_CACHE,False,Not In Cache,N/A,False,
java.util.ArrayDeque.removeFirst(),java.util.ArrayDeque,removeFirst,ArrayDeque.java,,NOT_IN_CACHE,False,Not In Cache,N/A,False,
java.util.ArrayDeque.removeFirstOccurrence(java.lang.Object),java.util.ArrayDeque,removeFirstOccurrence,ArrayDeque.java,,NOT_IN_CACHE,False,Not In Cache,N/A,False,
java.util.ArrayDeque.removeIf(java.util.function.Predicate),java.util.ArrayDeque,removeIf,ArrayDeque.java,,NOT_IN_CACHE,False,Not In Cache,N/A,False,
java.util.ArrayDeque.removeLast(),java.util.ArrayDeque,removeLast,ArrayDeque.java,,NOT_IN_CACHE,False,Not In Cache,N/A,False,
java.util.ArrayDeque.removeLastOccurrence(java.lang.Object),java.util.ArrayDeque,removeLastOccurrence,ArrayDeque.java,,NOT_IN_CACHE,False,Not In Cache,N/A,False,
java.util.ArrayDeque.retainAll(java.util.Collection),java.util.ArrayDeque,retainAll,ArrayDeque.java,,NOT_IN_CACHE,False,Not In Cache,N/A,False,
"java.util.ArrayDeque.setBit(long[],int)",java.util.ArrayDeque,setBit,ArrayDeque.java,,NOT_IN_CACHE,False,Not In Cache,N/A,False,
java.util.ArrayDeque.size(),java.util.ArrayDeque,size,ArrayDeque.java,Pure,NOT_IN_CACHE,True,Not In Cache,N/A,False,
java.util.ArrayDeque.spliterator(),java.util.ArrayDeque,spliterator,ArrayDeque.java,,NOT_IN_CACHE,False,Not In Cache,N/A,False,
"java.util.ArrayDeque.sub(int,int,int)",java.util.ArrayDeque,sub,ArrayDeque.java,,NOT_IN_CACHE,False,Not In Cache,N/A,False,
java.util.ArrayDeque.toArray(),java.util.ArrayDeque,toArray,ArrayDeque.java,SideEffectFree,NOT_IN_CACHE,False,Not In Cache,N/A,False,
java.util.ArrayDeque.toArray(java.lang.Class),java.util.ArrayDeque,toArray,ArrayDeque.java,,NOT_IN_CACHE,False,Not In Cache,N/A,False,
java.util.ArrayDeque.toArray(java.lang.Object[]),java.util.ArrayDeque,toArray,ArrayDeque.java,SideEffectFree,NOT_IN_CACHE,False,Not In Cache,N/A,False,
java.util.ArrayDeque.writeObject(java.util.java$io$ObjectOutputStream),java.util.ArrayDeque,writeObject,ArrayDeque.java,,NOT_IN_CACHE,False,Not In Cache,N/A,False,
"java.util.ArrayList$ArrayListSpliterator.<init>(int,int,int)",java.util.ArrayList$ArrayListSpliterator,<init>,ArrayList.java,,NOT_IN_CACHE,False,Not In Cache,N/A,False,
"java.util.ArrayList$ArrayListSpliterator.ArrayListSpliterator(java.util.lo,java.util.index =,java.util.expectedModCount)",java.util.ArrayList$ArrayListSpliterator,ArrayListSpliterator,ArrayList.java,,NOT_IN_CACHE,False,Not In Cache,N/A,False,
java.util.ArrayList$Itr.<init>(),java.util.ArrayList$Itr,<init>,ArrayList.java,,NOT_IN_CACHE,False,Not In Cache,N/A,False,
java.util.ArrayList$ListItr.<init>(int),java.util.ArrayList$ListItr,<init>,ArrayList.java,,NOT_IN_CACHE,False,Not In Cache,N/A,False,
"java.util.ArrayList$SubList.<init>(java.util.SubList,int,int)",java.util.ArrayList$SubList,<init>,ArrayList.java,,NOT_IN_CACHE,False,Not In Cache,N/A,False,
"java.util.ArrayList$SubList.ArrayListSpliterator(java.util.lo,java.util.index =,java.util.expectedModCount)",java.util.ArrayList$SubList,ArrayListSpliterator,ArrayList.java,,NOT_IN_CACHE,False,Not In Cache,N/A,False,
java.util.ArrayList$SubList.add(java.lang.Object),java.util.ArrayList$SubList,add,ArrayList.java,,NOT_IN_CACHE,False,Not In Cache,N/A,False,
java.util.ArrayList$SubList.characteristics(),java.util.ArrayList$SubList,characteristics,ArrayList.java,,NOT_IN_CACHE,False,Not In Cache,N/A,False,
java.util.ArrayList$SubList.estimateSize(),java.util.ArrayList$SubList,estimateSize,ArrayList.java,,NOT_IN_CACHE,False,Not In Cache,N/A,False,
java.util.ArrayList$SubList.forEachRemaining(java.util.function.Consumer),java.util.ArrayList$SubList,forEachRemaining,ArrayList.java,,NOT_IN_CACHE,False,Not In Cache,N/A,False,
java.util.ArrayList$SubList.getFence(),java.util.ArrayList$SubList,getFence,ArrayList.java,,NOT_IN_CACHE,False,Not In Cache,N/A,False,
java.util.ArrayList$SubList.hasNext(),java.util.ArrayList$SubList,hasNext,ArrayList.java,Pure,NOT_IN_CACHE,False,Not In Cache,N/A,False,
java.util.ArrayList$SubList.hasPrevious(),java.util.ArrayList$SubList,hasPrevious,ArrayList.java,,NOT_IN_CACHE,False,Not In Cache,N/A,False,
java.util.ArrayList$SubList.next(java.util./*ListIterator),java.util.ArrayList$SubList,next,ArrayList.java,,NOT_IN_CACHE,False,Not In Cache,N/A,False,
java.util.ArrayList$SubList.nextIndex(),java.util.ArrayList$SubList,nextIndex,ArrayList.java,,NOT_IN_CACHE,False,Not In Cache,N/A,False,
java.util.ArrayList$SubList.outOfBoundsMsg(int),java.util.ArrayList$SubList,outOfBoundsMsg,ArrayList.java,,NOT_IN_CACHE,False,Not In Cache,N/A,False,
java.util.ArrayList$SubList.previous(),java.util.ArrayList$SubList,previous,ArrayList.java,,NOT_IN_CACHE,False,Not In Cache,N/A,False,
java.util.ArrayList$SubList.previousIndex(),java.util.ArrayList$SubList,previousIndex,ArrayList.java,,NOT_IN_CACHE,False,Not In Cache,N/A,False,
java.util.ArrayList$SubList.remove(),java.util.ArrayList$SubList,remove,ArrayList.java,,NOT_IN_CACHE,False,Not In Cache,N/A,False,
java.util.ArrayList$SubList.set(java.lang.Object),java.util.ArrayList$SubList,set,ArrayList.java,,NOT_IN_CACHE,False,Not In Cache,N/A,False,
java.util.ArrayList$SubList.tryAdvance(java.util.function.Consumer),java.util.ArrayList$SubList,tryAdvance,ArrayList.java,,NOT_IN_CACHE,False,Not In Cache,N/A,False,
java.util.ArrayList$SubList.trySplit(),java.util.ArrayList$SubList,trySplit,ArrayList.java,,NOT_IN_CACHE,False,Not In Cache,N/A,False,
java.util.ArrayList.<init>(int),java.util.ArrayList,<init>,ArrayList.java,SideEffectFree,NOT_IN_CACHE,False,Not In Cache,N/A,False,
"java.util.ArrayList.batchRemove(java.util.Collection,boolean,java.util.final int,java.util.final int)",java.util.ArrayList,batchRemove,ArrayList.java,,NOT_IN_CACHE,False,Not In Cache,N/A,False,
java.util.ArrayList.checkForComodification(java.util.final int),java.util.ArrayList,checkForComodification,ArrayList.java,,NOT_IN_CACHE,False,Not In Cache,N/A,False,
java.util.ArrayList.outOfBoundsMsg(int),java.util.ArrayList,outOfBoundsMsg,ArrayList.java,,NOT_IN_CACHE,False,Not In Cache,N/A,False,
"java.util.ArrayList.outOfBoundsMsg(int,int)",java.util.ArrayList,outOfBoundsMsg,ArrayList.java,,NOT_IN_CACHE,False,Not In Cache,N/A,False,
java.util.ArrayList.readObject(java.util.java$io$ObjectInputStream),java.util.ArrayList,readObject,ArrayList.java,,NOT_IN_CACHE,False,Not In Cache,N/A,False,
"java.util.ArrayList.removeIf(java.util.function.Predicate,int,java.util.final int)",java.util.ArrayList,removeIf,ArrayList.java,,NOT_IN_CACHE,False,Not In Cache,N/A,False,
java.util.ArrayList.writeObject(java.util.java$io$ObjectOutputStream),java.util.ArrayList,writeObject,ArrayList.java,,NOT_IN_CACHE,False,Not In Cache,N/A,False,
java.util.Arrays$ArrayItr.<init>(java.lang.Object[]),java.util.Arrays$ArrayItr,<init>,Arrays.java,,NOT_IN_CACHE,False,Not In Cache,N/A,False,
java.util.Arrays$ArrayItr.hasNext(),java.util.Arrays$ArrayItr,hasNext,Arrays.java,Pure,NOT_IN_CACHE,False,Not In Cache,N/A,False,
java.util.Arrays$ArrayItr.next(),java.util.Arrays$ArrayItr,next,Arrays.java,,NOT_IN_CACHE,False,Not In Cache,N/A,False,
java.util.Arrays$ArrayList.contains(java.lang.Object),java.util.Arrays$ArrayList,contains,Arrays.java,,NOT_IN_CACHE,False,Not In Cache,N/A,False,
java.util.Arrays$ArrayList.forEach(java.util.function.Consumer),java.util.Arrays$ArrayList,forEach,Arrays.java,,NOT_IN_CACHE,False,Not In Cache,N/A,False,
java.util.Arrays$ArrayList.get(int),java.util.Arrays$ArrayList,get,Arrays.java,,NOT_IN_CACHE,False,Not In Cache,N/A,False,
java.util.Arrays$ArrayList.indexOf(java.lang.Object),java.util.Arrays$ArrayList,indexOf,Arrays.java,,NOT_IN_CACHE,False,Not In Cache,N/A,False,
java.util.Arrays$ArrayList.iterator(),java.util.Arrays$ArrayList,iterator,Arrays.java,,NOT_IN_CACHE,False,Not In Cache,N/A,False,
java.util.Arrays$ArrayList.replaceAll(java.util.function.UnaryOperator),java.util.Arrays$ArrayList,replaceAll,Arrays.java,,NOT_IN_CACHE,False,Not In Cache,N/A,False,
"java.util.Arrays$ArrayList.set(int,java.lang.Object)",java.util.Arrays$ArrayList,set,Arrays.java,,NOT_IN_CACHE,False,Not In Cache,N/A,False,
java.util.Arrays$ArrayList.size(),java.util.Arrays$ArrayList,size,Arrays.java,Pure,NOT_IN_CACHE,False,Not In Cache,N/A,False,
java.util.Arrays$ArrayList.sort(java.util.Comparator),java.util.Arrays$ArrayList,sort,Arrays.java,,NOT_IN_CACHE,False,Not In Cache,N/A,False,
java.util.Arrays$ArrayList.spliterator(),java.util.Arrays$ArrayList,spliterator,Arrays.java,SideEffectFree,NOT_IN_CACHE,False,Not In Cache,N/A,False,
java.util.Arrays$ArrayList.toArray(),java.util.Arrays$ArrayList,toArray,Arrays.java,SideEffectFree,NOT_IN_CACHE,False,Not In Cache,N/A,False,
java.util.Arrays$ArrayList.toArray(java.lang.Object[]),java.util.Arrays$ArrayList,toArray,Arrays.java,SideEffectFree,NOT_IN_CACHE,False,Not In Cache,N/A,False,
java.util.Arrays$NaturalOrder.NaturalOrder(),java.util.Arrays$NaturalOrder,NaturalOrder,Arrays.java,,NOT_IN_CACHE,False,Not In Cache,N/A,False,
"java.util.Arrays$NaturalOrder.compare(java.lang.Object,java.lang.Object)",java.util.Arrays$NaturalOrder,compare,Arrays.java,,NOT_IN_CACHE,False,Not In Cache,N/A,False,
"java.util.Arrays.binarySearch(double[],int,int,double)",java.util.Arrays,binarySearch,Arrays.java,,NOT_IN_CACHE,False,Not In Cache,N/A,False,
"java.util.Arrays.binarySearch(float[],int,int,float)",java.util.Arrays,binarySearch,Arrays.java,,NOT_IN_CACHE,False,Not In Cache,N/A,False,
"java.util.Arrays.binarySearch(long[],int,int,long)",java.util.Arrays,binarySearch,Arrays.java,,NOT_IN_CACHE,False,Not In Cache,N/A,False,
"java.util.Arrays.binarySearch(short[],int,int,short)",java.util.Arrays,binarySearch,Arrays.java,,NOT_IN_CACHE,False,Not In Cache,N/A,False,
"java.util.Arrays.compare(boolean[],int,int,boolean[],int,int)",java.util.Arrays,compare,Arrays.java,,NOT_IN_CACHE,False,Not In Cache,N/A,False,
"java.util.Arrays.compare(byte[],int,int,byte[],int,int)",java.util.Arrays,compare,Arrays.java,,NOT_IN_CACHE,False,Not In Cache,N/A,False,
"java.util.Arrays.compare(char[],int,int,char[],int,int)",java.util.Arrays,compare,Arrays.java,,NOT_IN_CACHE,False,Not In Cache,N/A,False,
"java.util.Arrays.compare(int[],int,int,int[],int,int)",java.util.Arrays,compare,Arrays.java,,NOT_IN_CACHE,False,Not In Cache,N/A,False,
"java.util.Arrays.compare(java.lang.Object[],int,int,java.lang.Object[],int,int)",java.util.Arrays,compare,Arrays.java,,NOT_IN_CACHE,False,Not In Cache,N/A,False,
"java.util.Arrays.compare(java.lang.Object[],java.lang.Object[])",java.util.Arrays,compare,Arrays.java,,NOT_IN_CACHE,False,Not In Cache,N/A,False,
"java.util.Arrays.compare(short[],int,int,short[],int,int)",java.util.Arrays,compare,Arrays.java,,NOT_IN_CACHE,False,Not In Cache,N/A,False,
"java.util.Arrays.compareUnsigned(byte[],int,int,byte[],int,int)",java.util.Arrays,compareUnsigned,Arrays.java,,NOT_IN_CACHE,False,Not In Cache,N/A,False,
"java.util.Arrays.compareUnsigned(int[],int,int,int[],int,int)",java.util.Arrays,compareUnsigned,Arrays.java,,NOT_IN_CACHE,False,Not In Cache,N/A,False,
"java.util.Arrays.compareUnsigned(long[],int,int,long[],int,int)",java.util.Arrays,compareUnsigned,Arrays.java,,NOT_IN_CACHE,False,Not In Cache,N/A,False,
"java.util.Arrays.copyOf(java.util.original,java.util.newLength,java.util.original$getClass())",java.util.Arrays,copyOf,Arrays.java,,NOT_IN_CACHE,False,Not In Cache,N/A,False,
"java.util.Arrays.copyOfRange(int[],int,int)",java.util.Arrays,copyOfRange,Arrays.java,SideEffectFree,NOT_IN_CACHE,False,Not In Cache,N/A,False,
"java.util.Arrays.copyOfRangeLong(long[],int,int)",java.util.Arrays,copyOfRangeLong,Arrays.java,,NOT_IN_CACHE,False,Not In Cache,N/A,False,
"java.util.Arrays.deepToString(java.lang.Object[],java.lang.StringBuilder,java.util.Set)",java.util.Arrays,deepToString,Arrays.java,,NOT_IN_CACHE,False,Not In Cache,N/A,False,
"java.util.Arrays.equals(boolean[],int,int,boolean[],int,int)",java.util.Arrays,equals,Arrays.java,,NOT_IN_CACHE,False,Not In Cache,N/A,False,
"java.util.Arrays.equals(char[],int,int,char[],int,int)",java.util.Arrays,equals,Arrays.java,,NOT_IN_CACHE,False,Not In Cache,N/A,False,
"java.util.Arrays.equals(double[],int,int,double[],int,int)",java.util.Arrays,equals,Arrays.java,,NOT_IN_CACHE,False,Not In Cache,N/A,False,
"java.util.Arrays.equals(int[],int,int,int[],int,int)",java.util.Arrays,equals,Arrays.java,,NOT_IN_CACHE,False,Not In Cache,N/A,False,
"java.util.Arrays.equals(java.lang.Object[],int,int,java.lang.Object[],int,int)",java.util.Arrays,equals,Arrays.java,,NOT_IN_CACHE,False,Not In Cache,N/A,False,
"java.util.Arrays.equals(java.lang.Object[],int,int,java.lang.Object[],int,int,java.util.Comparator)",java.util.Arrays,equals,Arrays.java,,NOT_IN_CACHE,False,Not In Cache,N/A,False,
"java.util.Arrays.equals(short[],int,int,short[],int,int)",java.util.Arrays,equals,Arrays.java,,NOT_IN_CACHE,False,Not In Cache,N/A,False,
"java.util.Arrays.fill(boolean[],int,int,boolean)",java.util.Arrays,fill,Arrays.java,,NOT_IN_CACHE,False,Not In Cache,N/A,False,
"java.util.Arrays.fill(long[],int,int,long)",java.util.Arrays,fill,Arrays.java,,NOT_IN_CACHE,False,Not In Cache,N/A,False,
"java.util.Arrays.mismatch(char[],int,int,char[],int,int)",java.util.Arrays,mismatch,Arrays.java,,NOT_IN_CACHE,False,Not In Cache,N/A,False,
"java.util.Arrays.mismatch(double[],int,int,double[],int,int)",java.util.Arrays,mismatch,Arrays.java,,NOT_IN_CACHE,False,Not In Cache,N/A,False,
"java.util.Arrays.mismatch(java.lang.Object[],int,int,java.lang.Object[],int,int)",java.util.Arrays,mismatch,Arrays.java,,NOT_IN_CACHE,False,Not In Cache,N/A,False,
"java.util.Arrays.parallelPrefix(double[],int,int,java.util.function.DoubleBinaryOperator)",java.util.Arrays,parallelPrefix,Arrays.java,,NOT_IN_CACHE,False,Not In Cache,N/A,False,
"java.util.Arrays.parallelPrefix(int[],int,int,java.util.function.IntBinaryOperator)",java.util.Arrays,parallelPrefix,Arrays.java,,NOT_IN_CACHE,False,Not In Cache,N/A,False,
"java.util.Arrays.parallelPrefix(java.lang.Object[],int,int,java.util.function.BinaryOperator)",java.util.Arrays,parallelPrefix,Arrays.java,,NOT_IN_CACHE,False,Not In Cache,N/A,False,
"java.util.Arrays.parallelPrefix(long[],int,int,java.util.function.LongBinaryOperator)",java.util.Arrays,parallelPrefix,Arrays.java,,NOT_IN_CACHE,False,Not In Cache,N/A,False,
"java.util.Arrays.parallelSort(byte[],int,int)",java.util.Arrays,parallelSort,Arrays.java,,NOT_IN_CACHE,False,Not In Cache,N/A,False,
"java.util.Arrays.parallelSort(char[],int,int)",java.util.Arrays,parallelSort,Arrays.java,,NOT_IN_CACHE,False,Not In Cache,N/A,False,
"java.util.Arrays.parallelSort(double[],int,int)",java.util.Arrays,parallelSort,Arrays.java,,NOT_IN_CACHE,False,Not In Cache,N/A,False,
"java.util.Arrays.parallelSort(float[],int,int)",java.util.Arrays,parallelSort,Arrays.java,,NOT_IN_CACHE,False,Not In Cache,N/A,False,
java.util.Arrays.parallelSort(java.lang.Object[]),java.util.Arrays,parallelSort,Arrays.java,,NOT_IN_CACHE,False,Not In Cache,N/A,False,
"java.util.Arrays.parallelSort(java.lang.Object[],int,int)",java.util.Arrays,parallelSort,Arrays.java,,NOT_IN_CACHE,False,Not In Cache,N/A,False,
"java.util.Arrays.parallelSort(long[],int,int)",java.util.Arrays,parallelSort,Arrays.java,,NOT_IN_CACHE,False,Not In Cache,N/A,False,
"java.util.Arrays.parallelSort(short[],int,int)",java.util.Arrays,parallelSort,Arrays.java,,NOT_IN_CACHE,False,Not In Cache,N/A,False,
"java.util.Arrays.sort(byte[],int,int)",java.util.Arrays,sort,Arrays.java,,NOT_IN_CACHE,False,Not In Cache,N/A,False,
"java.util.Arrays.sort(double[],int,int)",java.util.Arrays,sort,Arrays.java,,NOT_IN_CACHE,False,Not In Cache,N/A,False,
"java.util.Arrays.sort(float[],int,int)",java.util.Arrays,sort,Arrays.java,,NOT_IN_CACHE,False,Not In Cache,N/A,False,
"java.util.Arrays.sort(java.lang.Object[],int,int,java.util.Comparator)",java.util.Arrays,sort,Arrays.java,,NOT_IN_CACHE,False,Not In Cache,N/A,False,
"java.util.Arrays.sort(short[],int,int)",java.util.Arrays,sort,Arrays.java,,NOT_IN_CACHE,False,Not In Cache,N/A,False,
"java.util.Arrays.spliterator(double[],int,int)",java.util.Arrays,spliterator,Arrays.java,SideEffectFree,NOT_IN_CACHE,False,Not In Cache,N/A,False,
java.util.Arrays.stream(int[]),java.util.Arrays,stream,Arrays.java,,NOT_IN_CACHE,False,Not In Cache,N/A,False,
"java.util.Base64$DecInputStream.<init>(java.io.InputStream,int[],boolean)",java.util.Base64$DecInputStream,<init>,Base64.java,,NOT_IN_CACHE,False,Not In Cache,N/A,False,
java.util.Base64$DecInputStream.available(),java.util.Base64$DecInputStream,available,Base64.java,,NOT_IN_CACHE,False,Not In Cache,N/A,False,
java.util.Base64$DecInputStream.close(),java.util.Base64$DecInputStream,close,Base64.java,,NOT_IN_CACHE,False,Not In Cache,N/A,False,
"java.util.Base64$DecInputStream.eof(byte[],int,int,int)",java.util.Base64$DecInputStream,eof,Base64.java,,NOT_IN_CACHE,False,Not In Cache,N/A,False,
"java.util.Base64$DecInputStream.leftovers(byte[],int,int,int)",java.util.Base64$DecInputStream,leftovers,Base64.java,,NOT_IN_CACHE,False,Not In Cache,N/A,False,
"java.util.Base64$DecInputStream.padding(byte[],int,int,int)",java.util.Base64$DecInputStream,padding,Base64.java,,NOT_IN_CACHE,False,Not In Cache,N/A,False,
java.util.Base64$DecInputStream.read(),java.util.Base64$DecInputStream,read,Base64.java,,NOT_IN_CACHE,False,Not In Cache,N/A,False,
"java.util.Base64$DecInputStream.read(byte[],int,int)",java.util.Base64$DecInputStream,read,Base64.java,,NOT_IN_CACHE,False,Not In Cache,N/A,False,
"java.util.Base64$Decoder.<init>(boolean,boolean)",java.util.Base64$Decoder,<init>,Base64.java,,NOT_IN_CACHE,False,Not In Cache,N/A,False,
"java.util.Base64$Decoder.Decoder(java.util.false,java.util.false)",java.util.Base64$Decoder,Decoder,Base64.java,,NOT_IN_CACHE,False,Not In Cache,N/A,False,
"java.util.Base64$Decoder.Decoder(java.util.false,java.util.true)",java.util.Base64$Decoder,Decoder,Base64.java,,NOT_IN_CACHE,False,Not In Cache,N/A,False,
"java.util.Base64$Decoder.Decoder(java.util.true,java.util.false)",java.util.Base64$Decoder,Decoder,Base64.java,,NOT_IN_CACHE,False,Not In Cache,N/A,False,
java.util.Base64$Decoder.decode(byte[]),java.util.Base64$Decoder,decode,Base64.java,,NOT_IN_CACHE,False,Not In Cache,N/A,False,
"java.util.Base64$Decoder.decode(byte[],byte[])",java.util.Base64$Decoder,decode,Base64.java,,NOT_IN_CACHE,False,Not In Cache,N/A,False,
java.util.Base64$Decoder.decode(java.lang.String),java.util.Base64$Decoder,decode,Base64.java,,NOT_IN_CACHE,False,Not In Cache,N/A,False,
java.util.Base64$Decoder.decode(java.nio.ByteBuffer),java.util.Base64$Decoder,decode,Base64.java,,NOT_IN_CACHE,False,Not In Cache,N/A,False,
"java.util.Base64$Decoder.decode0(byte[],int,int,byte[])",java.util.Base64$Decoder,decode0,Base64.java,,NOT_IN_CACHE,False,Not In Cache,N/A,False,
"java.util.Base64$Decoder.decodeBlock(byte[],int,int,byte[],int,boolean,boolean)",java.util.Base64$Decoder,decodeBlock,Base64.java,,NOT_IN_CACHE,False,Not In Cache,N/A,False,
"java.util.Base64$Decoder.decodedOutLength(byte[],int,int)",java.util.Base64$Decoder,decodedOutLength,Base64.java,,NOT_IN_CACHE,False,Not In Cache,N/A,False,
java.util.Base64$Decoder.wrap(java.io.InputStream),java.util.Base64$Decoder,wrap,Base64.java,,NOT_IN_CACHE,False,Not In Cache,N/A,False,
"java.util.Base64$EncOutputStream.<init>(java.io.OutputStream,char[],byte[],int,boolean)",java.util.Base64$EncOutputStream,<init>,Base64.java,,NOT_IN_CACHE,False,Not In Cache,N/A,False,
java.util.Base64$EncOutputStream.checkNewline(),java.util.Base64$EncOutputStream,checkNewline,Base64.java,,NOT_IN_CACHE,False,Not In Cache,N/A,False,
java.util.Base64$EncOutputStream.close(),java.util.Base64$EncOutputStream,close,Base64.java,,NOT_IN_CACHE,False,Not In Cache,N/A,False,
"java.util.Base64$EncOutputStream.write(byte[],int,int)",java.util.Base64$EncOutputStream,write,Base64.java,,NOT_IN_CACHE,False,Not In Cache,N/A,False,
java.util.Base64$EncOutputStream.write(int),java.util.Base64$EncOutputStream,write,Base64.java,,NOT_IN_CACHE,False,Not In Cache,N/A,False,
"java.util.Base64$EncOutputStream.writeb4(char,char,char,char)",java.util.Base64$EncOutputStream,writeb4,Base64.java,,NOT_IN_CACHE,False,Not In Cache,N/A,False,
"java.util.Base64$Encoder.<init>(boolean,byte[],int,boolean)",java.util.Base64$Encoder,<init>,Base64.java,,NOT_IN_CACHE,False,Not In Cache,N/A,False,
"java.util.Base64$Encoder.Encoder(java.util.false,java.util.CRLF,java.util.MIMELINEMAX,java.util.true)",java.util.Base64$Encoder,Encoder,Base64.java,,NOT_IN_CACHE,False,Not In Cache,N/A,False,
"java.util.Base64$Encoder.Encoder(java.util.false,java.util.null,java.util.-1,java.util.true)",java.util.Base64$Encoder,Encoder,Base64.java,,NOT_IN_CACHE,False,Not In Cache,N/A,False,
"java.util.Base64$Encoder.Encoder(java.util.isURL,java.util.newline,java.util.linemax,java.util.false)",java.util.Base64$Encoder,Encoder,Base64.java,,NOT_IN_CACHE,False,Not In Cache,N/A,False,
"java.util.Base64$Encoder.Encoder(java.util.true,java.util.null,java.util.-1,java.util.true)",java.util.Base64$Encoder,Encoder,Base64.java,,NOT_IN_CACHE,False,Not In Cache,N/A,False,
java.util.Base64$Encoder.encode(byte[]),java.util.Base64$Encoder,encode,Base64.java,,NOT_IN_CACHE,False,Not In Cache,N/A,False,
"java.util.Base64$Encoder.encode(byte[],byte[])",java.util.Base64$Encoder,encode,Base64.java,,NOT_IN_CACHE,False,Not In Cache,N/A,False,
java.util.Base64$Encoder.encode(java.nio.ByteBuffer),java.util.Base64$Encoder,encode,Base64.java,,NOT_IN_CACHE,False,Not In Cache,N/A,False,
"java.util.Base64$Encoder.encode0(byte[],int,int,byte[])",java.util.Base64$Encoder,encode0,Base64.java,,NOT_IN_CACHE,False,Not In Cache,N/A,False,
"java.util.Base64$Encoder.encodeBlock(byte[],int,int,byte[],int,boolean)",java.util.Base64$Encoder,encodeBlock,Base64.java,,NOT_IN_CACHE,False,Not In Cache,N/A,False,
java.util.Base64$Encoder.encodeToString(byte[]),java.util.Base64$Encoder,encodeToString,Base64.java,,NOT_IN_CACHE,False,Not In Cache,N/A,False,
"java.util.Base64$Encoder.encodedOutLength(int,boolean)",java.util.Base64$Encoder,encodedOutLength,Base64.java,,NOT_IN_CACHE,False,Not In Cache,N/A,False,
java.util.Base64$Encoder.withoutPadding(),java.util.Base64$Encoder,withoutPadding,Base64.java,,NOT_IN_CACHE,False,Not In Cache,N/A,False,
java.util.Base64$Encoder.wrap(java.io.OutputStream),java.util.Base64$Encoder,wrap,Base64.java,,NOT_IN_CACHE,False,Not In Cache,N/A,False,
java.util.Base64.<init>(),java.util.Base64,<init>,Base64.java,,NOT_IN_CACHE,False,Not In Cache,N/A,False,
java.util.Base64.getDecoder(),java.util.Base64,getDecoder,Base64.java,Pure,NOT_IN_CACHE,False,Not In Cache,N/A,False,
java.util.Base64.getEncoder(),java.util.Base64,getEncoder,Base64.java,Pure,NOT_IN_CACHE,False,Not In Cache,N/A,False,
java.util.Base64.getMimeDecoder(),java.util.Base64,getMimeDecoder,Base64.java,Pure,NOT_IN_CACHE,False,Not In Cache,N/A,False,
java.util.Base64.getMimeEncoder(),java.util.Base64,getMimeEncoder,Base64.java,Pure,NOT_IN_CACHE,False,Not In Cache,N/A,False,
"java.util.Base64.getMimeEncoder(int,byte[])",java.util.Base64,getMimeEncoder,Base64.java,,NOT_IN_CACHE,False,Not In Cache,N/A,False,
java.util.Base64.getUrlDecoder(),java.util.Base64,getUrlDecoder,Base64.java,Pure,NOT_IN_CACHE,False,Not In Cache,N/A,False,
java.util.Base64.getUrlEncoder(),java.util.Base64,getUrlEncoder,Base64.java,Pure,NOT_IN_CACHE,False,Not In Cache,N/A,False,
"java.util.BitSet$BitSetSpliterator.<init>(int,int,int,boolean)",java.util.BitSet$BitSetSpliterator,<init>,BitSet.java,,NOT_IN_CACHE,False,Not In Cache,N/A,False,
"java.util.BitSet$BitSetSpliterator.BitSetSpliterator(java.util.lo,java.util.mid,java.util.est)",java.util.BitSet$BitSetSpliterator,BitSetSpliterator,BitSet.java,,NOT_IN_CACHE,False,Not In Cache,N/A,False,
java.util.BitSet$BitSetSpliterator.characteristics(),java.util.BitSet$BitSetSpliterator,characteristics,BitSet.java,,NOT_IN_CACHE,False,Not In Cache,N/A,False,
java.util.BitSet$BitSetSpliterator.estimateSize(),java.util.BitSet$BitSetSpliterator,estimateSize,BitSet.java,,NOT_IN_CACHE,False,Not In Cache,N/A,False,
java.util.BitSet$BitSetSpliterator.forEachRemaining(java.util.function.IntConsumer),java.util.BitSet$BitSetSpliterator,forEachRemaining,BitSet.java,,NOT_IN_CACHE,False,Not In Cache,N/A,False,
java.util.BitSet$BitSetSpliterator.getComparator(),java.util.BitSet$BitSetSpliterator,getComparator,BitSet.java,,NOT_IN_CACHE,False,Not In Cache,N/A,False,
java.util.BitSet$BitSetSpliterator.getFence(),java.util.BitSet$BitSetSpliterator,getFence,BitSet.java,,NOT_IN_CACHE,False,Not In Cache,N/A,False,
java.util.BitSet$BitSetSpliterator.tryAdvance(java.util.function.IntConsumer),java.util.BitSet$BitSetSpliterator,tryAdvance,BitSet.java,,NOT_IN_CACHE,False,Not In Cache,N/A,False,
java.util.BitSet$BitSetSpliterator.trySplit(),java.util.BitSet$BitSetSpliterator,trySplit,BitSet.java,,NOT_IN_CACHE,False,Not In Cache,N/A,False,
java.util.BitSet.<init>(),java.util.BitSet,<init>,BitSet.java,,NOT_IN_CACHE,False,Not In Cache,N/A,False,
java.util.BitSet.<init>(int),java.util.BitSet,<init>,BitSet.java,,NOT_IN_CACHE,False,Not In Cache,N/A,False,
java.util.BitSet.<init>(long[]),java.util.BitSet,<init>,BitSet.java,,NOT_IN_CACHE,False,Not In Cache,N/A,False,
java.util.BitSet.BitSet(java.util.0),java.util.BitSet,BitSet,BitSet.java,,NOT_IN_CACHE,False,Not In Cache,N/A,False,
"java.util.BitSet.BitSet(java.util.Arrays$copyOf(longs,java.util.n))",java.util.BitSet,BitSet,BitSet.java,,NOT_IN_CACHE,False,Not In Cache,N/A,False,
java.util.BitSet.BitSet(java.util.toIndex -),java.util.BitSet,BitSet,BitSet.java,,NOT_IN_CACHE,False,Not In Cache,N/A,False,
java.util.BitSet.BitSet(java.util.words),java.util.BitSet,BitSet,BitSet.java,,NOT_IN_CACHE,False,Not In Cache,N/A,False,
"java.util.BitSet.BitSetSpliterator(java.util.0,java.util.-1,java.util.0,java.util.true)",java.util.BitSet,BitSetSpliterator,BitSet.java,,NOT_IN_CACHE,False,Not In Cache,N/A,False,
java.util.BitSet.and(java.util.BitSet),java.util.BitSet,and,BitSet.java,,NOT_IN_CACHE,False,Not In Cache,N/A,False,
java.util.BitSet.andNot(java.util.BitSet),java.util.BitSet,andNot,BitSet.java,,NOT_IN_CACHE,False,Not In Cache,N/A,False,
java.util.BitSet.cardinality(),java.util.BitSet,cardinality,BitSet.java,Pure,NOT_IN_CACHE,True,Not In Cache,N/A,False,
java.util.BitSet.checkInvariants(),java.util.BitSet,checkInvariants,BitSet.java,,NOT_IN_CACHE,False,Not In Cache,N/A,False,
"java.util.BitSet.checkRange(int,int)",java.util.BitSet,checkRange,BitSet.java,,NOT_IN_CACHE,False,Not In Cache,N/A,False,
java.util.BitSet.clear(),java.util.BitSet,clear,BitSet.java,,NOT_IN_CACHE,False,Not In Cache,N/A,False,
java.util.BitSet.clear(int),java.util.BitSet,clear,BitSet.java,,NOT_IN_CACHE,False,Not In Cache,N/A,False,
"java.util.BitSet.clear(int,int)",java.util.BitSet,clear,BitSet.java,,NOT_IN_CACHE,False,Not In Cache,N/A,False,
java.util.BitSet.clone(),java.util.BitSet,clone,BitSet.java,SideEffectFree,NOT_IN_CACHE,True,Not In Cache,N/A,False,
java.util.BitSet.ensureCapacity(int),java.util.BitSet,ensureCapacity,BitSet.java,,NOT_IN_CACHE,False,Not In Cache,N/A,False,
java.util.BitSet.equals(java.lang.Object),java.util.BitSet,equals,BitSet.java,Pure,NOT_IN_CACHE,True,Not In Cache,N/A,False,
java.util.BitSet.expandTo(int),java.util.BitSet,expandTo,BitSet.java,,NOT_IN_CACHE,False,Not In Cache,N/A,False,
java.util.BitSet.flip(int),java.util.BitSet,flip,BitSet.java,,NOT_IN_CACHE,False,Not In Cache,N/A,False,
"java.util.BitSet.flip(int,int)",java.util.BitSet,flip,BitSet.java,,NOT_IN_CACHE,False,Not In Cache,N/A,False,
java.util.BitSet.get(int),java.util.BitSet,get,BitSet.java,Pure,NOT_IN_CACHE,True,Not In Cache,N/A,False,
"java.util.BitSet.get(int,int)",java.util.BitSet,get,BitSet.java,Pure,NOT_IN_CACHE,False,Not In Cache,N/A,False,
java.util.BitSet.hashCode(),java.util.BitSet,hashCode,BitSet.java,Pure,NOT_IN_CACHE,True,Not In Cache,N/A,False,
java.util.BitSet.initWords(int),java.util.BitSet,initWords,BitSet.java,,NOT_IN_CACHE,False,Not In Cache,N/A,False,
java.util.BitSet.intersects(java.util.BitSet),java.util.BitSet,intersects,BitSet.java,Pure,NOT_IN_CACHE,True,Not In Cache,N/A,False,
java.util.BitSet.isEmpty(),java.util.BitSet,isEmpty,BitSet.java,Pure,NOT_IN_CACHE,True,Not In Cache,N/A,False,
java.util.BitSet.length(),java.util.BitSet,length,BitSet.java,Pure,NOT_IN_CACHE,True,Not In Cache,N/A,False,
java.util.BitSet.nextClearBit(int),java.util.BitSet,nextClearBit,BitSet.java,Pure,NOT_IN_CACHE,True,Not In Cache,N/A,False,
java.util.BitSet.nextSetBit(int),java.util.BitSet,nextSetBit,BitSet.java,Pure,NOT_IN_CACHE,True,Not In Cache,N/A,False,
"java.util.BitSet.nextSetBit(int,int)",java.util.BitSet,nextSetBit,BitSet.java,,NOT_IN_CACHE,False,Not In Cache,N/A,False,
java.util.BitSet.or(java.util.BitSet),java.util.BitSet,or,BitSet.java,,NOT_IN_CACHE,False,Not In Cache,N/A,False,
java.util.BitSet.previousClearBit(int),java.util.BitSet,previousClearBit,BitSet.java,,NOT_IN_CACHE,False,Not In Cache,N/A,False,
java.util.BitSet.previousSetBit(int),java.util.BitSet,previousSetBit,BitSet.java,,NOT_IN_CACHE,False,Not In Cache,N/A,False,
java.util.BitSet.readObject(java.util.ObjectInputStream),java.util.BitSet,readObject,BitSet.java,,NOT_IN_CACHE,False,Not In Cache,N/A,False,
java.util.BitSet.recalculateWordsInUse(),java.util.BitSet,recalculateWordsInUse,BitSet.java,,NOT_IN_CACHE,False,Not In Cache,N/A,False,
java.util.BitSet.set(int),java.util.BitSet,set,BitSet.java,,NOT_IN_CACHE,False,Not In Cache,N/A,False,
"java.util.BitSet.set(int,boolean)",java.util.BitSet,set,BitSet.java,,NOT_IN_CACHE,False,Not In Cache,N/A,False,
"java.util.BitSet.set(int,int)",java.util.BitSet,set,BitSet.java,,NOT_IN_CACHE,False,Not In Cache,N/A,False,
"java.util.BitSet.set(int,int,boolean)",java.util.BitSet,set,BitSet.java,,NOT_IN_CACHE,False,Not In Cache,N/A,False,
java.util.BitSet.size(),java.util.BitSet,size,BitSet.java,Pure,NOT_IN_CACHE,True,Not In Cache,N/A,False,
java.util.BitSet.stream(),java.util.BitSet,stream,BitSet.java,,NOT_IN_CACHE,False,Not In Cache,N/A,False,
java.util.BitSet.toByteArray(),java.util.BitSet,toByteArray,BitSet.java,,NOT_IN_CACHE,False,Not In Cache,N/A,False,
java.util.BitSet.toLongArray(),java.util.BitSet,toLongArray,BitSet.java,,NOT_IN_CACHE,False,Not In Cache,N/A,False,
java.util.BitSet.toString(),java.util.BitSet,toString,BitSet.java,SideEffectFree,NOT_IN_CACHE,True,Not In Cache,N/A,False,
java.util.BitSet.trimToSize(),java.util.BitSet,trimToSize,BitSet.java,,NOT_IN_CACHE,False,Not In Cache,N/A,False,
java.util.BitSet.valueOf(byte[]),java.util.BitSet,valueOf,BitSet.java,,NOT_IN_CACHE,False,Not In Cache,N/A,False,
java.util.BitSet.valueOf(java.nio.ByteBuffer),java.util.BitSet,valueOf,BitSet.java,,NOT_IN_CACHE,False,Not In Cache,N/A,False,
java.util.BitSet.valueOf(java.nio.LongBuffer),java.util.BitSet,valueOf,BitSet.java,,NOT_IN_CACHE,False,Not In Cache,N/A,False,
java.util.BitSet.valueOf(long[]),java.util.BitSet,valueOf,BitSet.java,,NOT_IN_CACHE,False,Not In Cache,N/A,False,
java.util.BitSet.wordIndex(int),java.util.BitSet,wordIndex,BitSet.java,,NOT_IN_CACHE,False,Not In Cache,N/A,False,
java.util.BitSet.writeObject(java.util.ObjectOutputStream),java.util.BitSet,writeObject,BitSet.java,,NOT_IN_CACHE,False,Not In Cache,N/A,False,
java.util.BitSet.xor(java.util.BitSet),java.util.BitSet,xor,BitSet.java,,NOT_IN_CACHE,False,Not In Cache,N/A,False,
java.util.Calendar$AvailableCalendarTypes.<init>(),java.util.Calendar$AvailableCalendarTypes,<init>,Calendar.java,,NOT_IN_CACHE,False,Not In Cache,N/A,False,
java.util.Calendar$Builder.<init>(),java.util.Calendar$Builder,<init>,Calendar.java,,NOT_IN_CACHE,False,Not In Cache,N/A,False,
java.util.Calendar$Builder.Date(java.lang.Long$MIN_VALUE),java.util.Calendar$Builder,Date,Calendar.java,,NOT_IN_CACHE,False,Not In Cache,N/A,False,
java.util.Calendar$Builder.allocateFields(),java.util.Calendar$Builder,allocateFields,Calendar.java,,NOT_IN_CACHE,False,Not In Cache,N/A,False,
java.util.Calendar$Builder.build(),java.util.Calendar$Builder,build,Calendar.java,,NOT_IN_CACHE,False,Not In Cache,N/A,False,
"java.util.Calendar$Builder.internalSet(int,int)",java.util.Calendar$Builder,internalSet,Calendar.java,,NOT_IN_CACHE,False,Not In Cache,N/A,False,
java.util.Calendar$Builder.isInstantSet(),java.util.Calendar$Builder,isInstantSet,Calendar.java,,NOT_IN_CACHE,False,Not In Cache,N/A,False,
java.util.Calendar$Builder.isSet(int),java.util.Calendar$Builder,isSet,Calendar.java,,NOT_IN_CACHE,False,Not In Cache,N/A,False,
java.util.Calendar$Builder.isValidWeekParameter(int),java.util.Calendar$Builder,isValidWeekParameter,Calendar.java,,NOT_IN_CACHE,False,Not In Cache,N/A,False,
"java.util.Calendar$Builder.set(int,int)",java.util.Calendar$Builder,set,Calendar.java,,NOT_IN_CACHE,False,Not In Cache,N/A,False,
java.util.Calendar$Builder.setCalendarType(java.lang.String),java.util.Calendar$Builder,setCalendarType,Calendar.java,,NOT_IN_CACHE,False,Not In Cache,N/A,False,
"java.util.Calendar$Builder.setDate(int,int,int)",java.util.Calendar$Builder,setDate,Calendar.java,,NOT_IN_CACHE,False,Not In Cache,N/A,False,
java.util.Calendar$Builder.setFields(int[]),java.util.Calendar$Builder,setFields,Calendar.java,,NOT_IN_CACHE,False,Not In Cache,N/A,False,
java.util.Calendar$Builder.setInstant(java.util.Date),java.util.Calendar$Builder,setInstant,Calendar.java,,NOT_IN_CACHE,False,Not In Cache,N/A,False,
java.util.Calendar$Builder.setInstant(long),java.util.Calendar$Builder,setInstant,Calendar.java,,NOT_IN_CACHE,False,Not In Cache,N/A,False,
java.util.Calendar$Builder.setLenient(boolean),java.util.Calendar$Builder,setLenient,Calendar.java,,NOT_IN_CACHE,False,Not In Cache,N/A,False,
java.util.Calendar$Builder.setLocale(java.util.Locale),java.util.Calendar$Builder,setLocale,Calendar.java,,NOT_IN_CACHE,False,Not In Cache,N/A,False,
"java.util.Calendar$Builder.setTimeOfDay(int,int,int)",java.util.Calendar$Builder,setTimeOfDay,Calendar.java,,NOT_IN_CACHE,False,Not In Cache,N/A,False,
"java.util.Calendar$Builder.setTimeOfDay(int,int,int,int)",java.util.Calendar$Builder,setTimeOfDay,Calendar.java,,NOT_IN_CACHE,False,Not In Cache,N/A,False,
java.util.Calendar$Builder.setTimeZone(java.util.TimeZone),java.util.Calendar$Builder,setTimeZone,Calendar.java,,NOT_IN_CACHE,False,Not In Cache,N/A,False,
"java.util.Calendar$Builder.setWeekDate(int,int,int)",java.util.Calendar$Builder,setWeekDate,Calendar.java,,NOT_IN_CACHE,False,Not In Cache,N/A,False,
"java.util.Calendar$Builder.setWeekDefinition(int,int)",java.util.Calendar$Builder,setWeekDefinition,Calendar.java,,NOT_IN_CACHE,False,Not In Cache,N/A,False,
java.util.Calendar$CalendarAccessControlContext.<init>(),java.util.Calendar$CalendarAccessControlContext,<init>,Calendar.java,,NOT_IN_CACHE,False,Not In Cache,N/A,False,
java.util.Calendar.<init>(),java.util.Calendar,<init>,Calendar.java,,NOT_IN_CACHE,False,Not In Cache,N/A,False,
"java.util.Calendar.<init>(java.util.TimeZone,java.util.Locale)",java.util.Calendar,<init>,Calendar.java,,NOT_IN_CACHE,False,Not In Cache,N/A,False,
"java.util.Calendar.add(int,int)",java.util.Calendar,add,Calendar.java,,NOT_IN_CACHE,False,Not In Cache,N/A,False,
java.util.Calendar.adjustStamp(),java.util.Calendar,adjustStamp,Calendar.java,,NOT_IN_CACHE,False,Not In Cache,N/A,False,
java.util.Calendar.after(java.lang.Object),java.util.Calendar,after,Calendar.java,,NOT_IN_CACHE,False,Not In Cache,N/A,False,
"java.util.Calendar.aggregateStamp(int,int)",java.util.Calendar,aggregateStamp,Calendar.java,,NOT_IN_CACHE,False,Not In Cache,N/A,False,
"java.util.Calendar.appendValue(java.lang.StringBuilder,java.lang.String,boolean,long)",java.util.Calendar,appendValue,Calendar.java,,NOT_IN_CACHE,False,Not In Cache,N/A,False,
java.util.Calendar.before(java.lang.Object),java.util.Calendar,before,Calendar.java,,NOT_IN_CACHE,False,Not In Cache,N/A,False,
"java.util.Calendar.checkDisplayNameParams(int,int,int,int,java.util.Locale,int)",java.util.Calendar,checkDisplayNameParams,Calendar.java,,NOT_IN_CACHE,False,Not In Cache,N/A,False,
java.util.Calendar.clear(),java.util.Calendar,clear,Calendar.java,,NOT_IN_CACHE,False,Not In Cache,N/A,False,
java.util.Calendar.clear(int),java.util.Calendar,clear,Calendar.java,,NOT_IN_CACHE,False,Not In Cache,N/A,False,
java.util.Calendar.clone(),java.util.Calendar,clone,Calendar.java,SideEffectFree,NOT_IN_CACHE,True,Not In Cache,N/A,False,
java.util.Calendar.compareTo(java.util.Calendar),java.util.Calendar,compareTo,Calendar.java,Pure,NOT_IN_CACHE,True,Not In Cache,N/A,False,
java.util.Calendar.compareTo(long),java.util.Calendar,compareTo,Calendar.java,,NOT_IN_CACHE,False,Not In Cache,N/A,False,
java.util.Calendar.complete(),java.util.Calendar,complete,Calendar.java,,NOT_IN_CACHE,False,Not In Cache,N/A,False,
java.util.Calendar.computeFields(),java.util.Calendar,computeFields,Calendar.java,,NOT_IN_CACHE,False,Not In Cache,N/A,False,
java.util.Calendar.computeTime(),java.util.Calendar,computeTime,Calendar.java,,NOT_IN_CACHE,False,Not In Cache,N/A,False,
"java.util.Calendar.createCalendar(java.util.TimeZone,java.util.Locale)",java.util.Calendar,createCalendar,Calendar.java,,NOT_IN_CACHE,False,Not In Cache,N/A,False,
java.util.Calendar.defaultTimeZone(java.util.Locale),java.util.Calendar,defaultTimeZone,Calendar.java,,NOT_IN_CACHE,False,Not In Cache,N/A,False,
java.util.Calendar.equals(java.lang.Object),java.util.Calendar,equals,Calendar.java,Pure,NOT_IN_CACHE,True,Not In Cache,N/A,False,
java.util.Calendar.get(int),java.util.Calendar,get,Calendar.java,Pure,NOT_IN_CACHE,True,Not In Cache,N/A,False,
java.util.Calendar.getActualMaximum(int),java.util.Calendar,getActualMaximum,Calendar.java,,NOT_IN_CACHE,False,Not In Cache,N/A,False,
java.util.Calendar.getActualMinimum(int),java.util.Calendar,getActualMinimum,Calendar.java,,NOT_IN_CACHE,False,Not In Cache,N/A,False,
java.util.Calendar.getAvailableCalendarTypes(),java.util.Calendar,getAvailableCalendarTypes,Calendar.java,,NOT_IN_CACHE,False,Not In Cache,N/A,False,
java.util.Calendar.getAvailableLocales(),java.util.Calendar,getAvailableLocales,Calendar.java,,NOT_IN_CACHE,False,Not In Cache,N/A,False,
java.util.Calendar.getBaseStyle(int),java.util.Calendar,getBaseStyle,Calendar.java,,NOT_IN_CACHE,False,Not In Cache,N/A,False,
java.util.Calendar.getCalendarType(),java.util.Calendar,getCalendarType,Calendar.java,,NOT_IN_CACHE,False,Not In Cache,N/A,False,
"java.util.Calendar.getDisplayName(int,int,java.util.Locale)",java.util.Calendar,getDisplayName,Calendar.java,,NOT_IN_CACHE,False,Not In Cache,N/A,False,
"java.util.Calendar.getDisplayNames(int,int,java.util.Locale)",java.util.Calendar,getDisplayNames,Calendar.java,,NOT_IN_CACHE,False,Not In Cache,N/A,False,
"java.util.Calendar.getDisplayNamesImpl(int,int,java.util.Locale)",java.util.Calendar,getDisplayNamesImpl,Calendar.java,,NOT_IN_CACHE,False,Not In Cache,N/A,False,
java.util.Calendar.getFieldName(int),java.util.Calendar,getFieldName,Calendar.java,,NOT_IN_CACHE,False,Not In Cache,N/A,False,
"java.util.Calendar.getFieldStrings(int,int,java.text.DateFormatSymbols)",java.util.Calendar,getFieldStrings,Calendar.java,,NOT_IN_CACHE,False,Not In Cache,N/A,False,
java.util.Calendar.getFirstDayOfWeek(),java.util.Calendar,getFirstDayOfWeek,Calendar.java,,NOT_IN_CACHE,False,Not In Cache,N/A,False,
java.util.Calendar.getGreatestMinimum(int),java.util.Calendar,getGreatestMinimum,Calendar.java,,NOT_IN_CACHE,False,Not In Cache,N/A,False,
java.util.Calendar.getInstance(),java.util.Calendar,getInstance,Calendar.java,,NOT_IN_CACHE,False,Not In Cache,N/A,False,
java.util.Calendar.getInstance(java.util.Locale),java.util.Calendar,getInstance,Calendar.java,,NOT_IN_CACHE,False,Not In Cache,N/A,False,
java.util.Calendar.getInstance(java.util.TimeZone),java.util.Calendar,getInstance,Calendar.java,,NOT_IN_CACHE,False,Not In Cache,N/A,False,
"java.util.Calendar.getInstance(java.util.TimeZone,java.util.Locale)",java.util.Calendar,getInstance,Calendar.java,,NOT_IN_CACHE,False,Not In Cache,N/A,False,
java.util.Calendar.getLeastMaximum(int),java.util.Calendar,getLeastMaximum,Calendar.java,,NOT_IN_CACHE,False,Not In Cache,N/A,False,
java.util.Calendar.getMaximum(int),java.util.Calendar,getMaximum,Calendar.java,,NOT_IN_CACHE,False,Not In Cache,N/A,False,
java.util.Calendar.getMillisOf(java.util.Calendar),java.util.Calendar,getMillisOf,Calendar.java,,NOT_IN_CACHE,False,Not In Cache,N/A,False,
java.util.Calendar.getMinimalDaysInFirstWeek(),java.util.Calendar,getMinimalDaysInFirstWeek,Calendar.java,,NOT_IN_CACHE,False,Not In Cache,N/A,False,
java.util.Calendar.getMinimum(int),java.util.Calendar,getMinimum,Calendar.java,,NOT_IN_CACHE,False,Not In Cache,N/A,False,
java.util.Calendar.getSetStateFields(),java.util.Calendar,getSetStateFields,Calendar.java,,NOT_IN_CACHE,False,Not In Cache,N/A,False,
java.util.Calendar.getTime(),java.util.Calendar,getTime,Calendar.java,,NOT_IN_CACHE,False,Not In Cache,N/A,False,
java.util.Calendar.getTimeInMillis(),java.util.Calendar,getTimeInMillis,Calendar.java,,NOT_IN_CACHE,False,Not In Cache,N/A,False,
java.util.Calendar.getTimeZone(),java.util.Calendar,getTimeZone,Calendar.java,,NOT_IN_CACHE,False,Not In Cache,N/A,False,
java.util.Calendar.getWeekYear(),java.util.Calendar,getWeekYear,Calendar.java,,NOT_IN_CACHE,False,Not In Cache,N/A,False,
java.util.Calendar.getWeeksInWeekYear(),java.util.Calendar,getWeeksInWeekYear,Calendar.java,,NOT_IN_CACHE,False,Not In Cache,N/A,False,
java.util.Calendar.getZone(),java.util.Calendar,getZone,Calendar.java,,NOT_IN_CACHE,False,Not In Cache,N/A,False,
java.util.Calendar.hashCode(),java.util.Calendar,hashCode,Calendar.java,Pure,NOT_IN_CACHE,True,Not In Cache,N/A,False,
java.util.Calendar.internalGet(int),java.util.Calendar,internalGet,Calendar.java,,NOT_IN_CACHE,False,Not In Cache,N/A,False,
"java.util.Calendar.internalSet(int,int)",java.util.Calendar,internalSet,Calendar.java,,NOT_IN_CACHE,False,Not In Cache,N/A,False,
java.util.Calendar.invalidateWeekFields(),java.util.Calendar,invalidateWeekFields,Calendar.java,,NOT_IN_CACHE,False,Not In Cache,N/A,False,
java.util.Calendar.isExternallySet(int),java.util.Calendar,isExternallySet,Calendar.java,,NOT_IN_CACHE,False,Not In Cache,N/A,False,
"java.util.Calendar.isFieldSet(int,int)",java.util.Calendar,isFieldSet,Calendar.java,,NOT_IN_CACHE,False,Not In Cache,N/A,False,
java.util.Calendar.isFullyNormalized(),java.util.Calendar,isFullyNormalized,Calendar.java,,NOT_IN_CACHE,False,Not In Cache,N/A,False,
java.util.Calendar.isLenient(),java.util.Calendar,isLenient,Calendar.java,Pure,NOT_IN_CACHE,True,Not In Cache,N/A,False,
java.util.Calendar.isNarrowFormatStyle(int),java.util.Calendar,isNarrowFormatStyle,Calendar.java,,NOT_IN_CACHE,False,Not In Cache,N/A,False,
java.util.Calendar.isNarrowStyle(int),java.util.Calendar,isNarrowStyle,Calendar.java,,NOT_IN_CACHE,False,Not In Cache,N/A,False,
java.util.Calendar.isPartiallyNormalized(),java.util.Calendar,isPartiallyNormalized,Calendar.java,,NOT_IN_CACHE,False,Not In Cache,N/A,False,
java.util.Calendar.isSet(int),java.util.Calendar,isSet,Calendar.java,Pure,NOT_IN_CACHE,True,Not In Cache,N/A,False,
java.util.Calendar.isSet(java.util.i),java.util.Calendar,isSet,Calendar.java,,NOT_IN_CACHE,False,Not In Cache,N/A,False,
java.util.Calendar.isStandaloneStyle(int),java.util.Calendar,isStandaloneStyle,Calendar.java,,NOT_IN_CACHE,False,Not In Cache,N/A,False,
java.util.Calendar.isWeekDateSupported(),java.util.Calendar,isWeekDateSupported,Calendar.java,,NOT_IN_CACHE,False,Not In Cache,N/A,False,
java.util.Calendar.readObject(java.io.ObjectInputStream),java.util.Calendar,readObject,Calendar.java,,NOT_IN_CACHE,False,Not In Cache,N/A,False,
"java.util.Calendar.roll(int,boolean)",java.util.Calendar,roll,Calendar.java,,NOT_IN_CACHE,False,Not In Cache,N/A,False,
"java.util.Calendar.roll(int,int)",java.util.Calendar,roll,Calendar.java,,NOT_IN_CACHE,False,Not In Cache,N/A,False,
java.util.Calendar.run(),java.util.Calendar,run,Calendar.java,,NOT_IN_CACHE,False,Not In Cache,N/A,False,
java.util.Calendar.selectFields(),java.util.Calendar,selectFields,Calendar.java,,NOT_IN_CACHE,False,Not In Cache,N/A,False,
"java.util.Calendar.set(int,int)",java.util.Calendar,set,Calendar.java,,NOT_IN_CACHE,False,Not In Cache,N/A,False,
"java.util.Calendar.set(int,int,int)",java.util.Calendar,set,Calendar.java,,NOT_IN_CACHE,False,Not In Cache,N/A,False,
"java.util.Calendar.set(int,int,int,int,int)",java.util.Calendar,set,Calendar.java,,NOT_IN_CACHE,False,Not In Cache,N/A,False,
"java.util.Calendar.set(int,int,int,int,int,int)",java.util.Calendar,set,Calendar.java,,NOT_IN_CACHE,False,Not In Cache,N/A,False,
java.util.Calendar.setFieldsComputed(int),java.util.Calendar,setFieldsComputed,Calendar.java,,NOT_IN_CACHE,False,Not In Cache,N/A,False,
java.util.Calendar.setFieldsNormalized(int),java.util.Calendar,setFieldsNormalized,Calendar.java,,NOT_IN_CACHE,False,Not In Cache,N/A,False,
"java.util.Calendar.setFirstDayOfWeek(java.util.(from =,java.util.to = 7) int)",java.util.Calendar,setFirstDayOfWeek,Calendar.java,,NOT_IN_CACHE,False,Not In Cache,N/A,False,
java.util.Calendar.setLenient(boolean),java.util.Calendar,setLenient,Calendar.java,,NOT_IN_CACHE,False,Not In Cache,N/A,False,
"java.util.Calendar.setMinimalDaysInFirstWeek(java.util.(from =,java.util.to = 7) int)",java.util.Calendar,setMinimalDaysInFirstWeek,Calendar.java,,NOT_IN_CACHE,False,Not In Cache,N/A,False,
java.util.Calendar.setTime(java.util.Date),java.util.Calendar,setTime,Calendar.java,,NOT_IN_CACHE,False,Not In Cache,N/A,False,
java.util.Calendar.setTimeInMillis(long),java.util.Calendar,setTimeInMillis,Calendar.java,,NOT_IN_CACHE,False,Not In Cache,N/A,False,
java.util.Calendar.setTimeZone(java.util.TimeZone),java.util.Calendar,setTimeZone,Calendar.java,,NOT_IN_CACHE,False,Not In Cache,N/A,False,
java.util.Calendar.setUnnormalized(),java.util.Calendar,setUnnormalized,Calendar.java,,NOT_IN_CACHE,False,Not In Cache,N/A,False,
java.util.Calendar.setWeekCountData(java.util.Locale),java.util.Calendar,setWeekCountData,Calendar.java,,NOT_IN_CACHE,False,Not In Cache,N/A,False,
"java.util.Calendar.setWeekDate(int,int,int)",java.util.Calendar,setWeekDate,Calendar.java,,NOT_IN_CACHE,False,Not In Cache,N/A,False,
java.util.Calendar.setZoneShared(boolean),java.util.Calendar,setZoneShared,Calendar.java,,NOT_IN_CACHE,False,Not In Cache,N/A,False,
java.util.Calendar.toInstant(),java.util.Calendar,toInstant,Calendar.java,,NOT_IN_CACHE,False,Not In Cache,N/A,False,
java.util.Calendar.toStandaloneStyle(int),java.util.Calendar,toStandaloneStyle,Calendar.java,,NOT_IN_CACHE,False,Not In Cache,N/A,False,
java.util.Calendar.toString(),java.util.Calendar,toString,Calendar.java,SideEffectFree,NOT_IN_CACHE,True,Not In Cache,N/A,False,
java.util.Calendar.updateTime(),java.util.Calendar,updateTime,Calendar.java,,NOT_IN_CACHE,False,Not In Cache,N/A,False,
java.util.Calendar.writeObject(java.io.ObjectOutputStream),java.util.Calendar,writeObject,Calendar.java,,NOT_IN_CACHE,False,Not In Cache,N/A,False,
java.util.CollSer.readObject(java.io.ObjectInputStream),java.util.CollSer,readObject,ImmutableCollections.java,,NOT_IN_CACHE,False,Not In Cache,N/A,False,
java.util.CollSer.readResolve(),java.util.CollSer,readResolve,ImmutableCollections.java,,NOT_IN_CACHE,False,Not In Cache,N/A,False,
java.util.CollSer.writeObject(java.io.ObjectOutputStream),java.util.CollSer,writeObject,ImmutableCollections.java,,NOT_IN_CACHE,False,Not In Cache,N/A,False,
java.util.Collection.add(java.lang.Object),java.util.Collection,add,Collection.java,,NOT_IN_CACHE,False,Not In Cache,N/A,False,
java.util.Collection.addAll(java.util.Collection),java.util.Collection,addAll,Collection.java,,NOT_IN_CACHE,False,Not In Cache,N/A,False,
java.util.Collection.clear(),java.util.Collection,clear,Collection.java,,NOT_IN_CACHE,False,Not In Cache,N/A,False,
java.util.Collection.contains(java.lang.Object),java.util.Collection,contains,Collection.java,Pure,NOT_IN_CACHE,True,Not In Cache,N/A,False,
java.util.Collection.containsAll(java.util.Collection),java.util.Collection,containsAll,Collection.java,Pure,NOT_IN_CACHE,True,Not In Cache,N/A,False,
java.util.Collection.equals(java.lang.Object),java.util.Collection,equals,Collection.java,Pure,NOT_IN_CACHE,True,Not In Cache,N/A,False,
java.util.Collection.hashCode(),java.util.Collection,hashCode,Collection.java,Pure,NOT_IN_CACHE,True,Not In Cache,N/A,False,
java.util.Collection.isEmpty(),java.util.Collection,isEmpty,Collection.java,Pure,NOT_IN_CACHE,True,Not In Cache,N/A,False,
java.util.Collection.iterator(),java.util.Collection,iterator,Collection.java,SideEffectFree,NOT_IN_CACHE,False,Not In Cache,N/A,False,
java.util.Collection.remove(java.lang.Object),java.util.Collection,remove,Collection.java,,NOT_IN_CACHE,False,Not In Cache,N/A,False,
java.util.Collection.removeAll(java.util.Collection),java.util.Collection,removeAll,Collection.java,,NOT_IN_CACHE,False,Not In Cache,N/A,False,
java.util.Collection.retainAll(java.util.Collection),java.util.Collection,retainAll,Collection.java,,NOT_IN_CACHE,False,Not In Cache,N/A,False,
java.util.Collection.size(),java.util.Collection,size,Collection.java,Pure,NOT_IN_CACHE,True,Not In Cache,N/A,False,
java.util.Collection.toArray(),java.util.Collection,toArray,Collection.java,SideEffectFree,NOT_IN_CACHE,False,Not In Cache,N/A,False,
java.util.Collection.toArray(java.lang.Object[]),java.util.Collection,toArray,Collection.java,SideEffectFree,NOT_IN_CACHE,False,Not In Cache,N/A,False,
java.util.Collections$AsLIFOQueue.<init>(java.util.Deque),java.util.Collections$AsLIFOQueue,<init>,Collections.java,,NOT_IN_CACHE,False,Not In Cache,N/A,False,
java.util.Collections$AsLIFOQueue.add(java.lang.Object),java.util.Collections$AsLIFOQueue,add,Collections.java,,NOT_IN_CACHE,False,Not In Cache,N/A,False,
java.util.Collections$AsLIFOQueue.clear(),java.util.Collections$AsLIFOQueue,clear,Collections.java,,NOT_IN_CACHE,False,Not In Cache,N/A,False,
java.util.Collections$AsLIFOQueue.contains(java.lang.Object),java.util.Collections$AsLIFOQueue,contains,Collections.java,Pure,NOT_IN_CACHE,False,Not In Cache,N/A,False,
java.util.Collections$AsLIFOQueue.containsAll(java.util.Collection),java.util.Collections$AsLIFOQueue,containsAll,Collections.java,Pure,NOT_IN_CACHE,False,Not In Cache,N/A,False,
java.util.Collections$AsLIFOQueue.element(),java.util.Collections$AsLIFOQueue,element,Collections.java,,NOT_IN_CACHE,False,Not In Cache,N/A,False,
java.util.Collections$AsLIFOQueue.forEach(java.util.function.Consumer),java.util.Collections$AsLIFOQueue,forEach,Collections.java,,NOT_IN_CACHE,False,Not In Cache,N/A,False,
java.util.Collections$AsLIFOQueue.isEmpty(),java.util.Collections$AsLIFOQueue,isEmpty,Collections.java,Pure,NOT_IN_CACHE,False,Not In Cache,N/A,False,
java.util.Collections$AsLIFOQueue.iterator(),java.util.Collections$AsLIFOQueue,iterator,Collections.java,SideEffectFree,NOT_IN_CACHE,False,Not In Cache,N/A,False,
java.util.Collections$AsLIFOQueue.offer(java.lang.Object),java.util.Collections$AsLIFOQueue,offer,Collections.java,,NOT_IN_CACHE,False,Not In Cache,N/A,False,
java.util.Collections$AsLIFOQueue.parallelStream(),java.util.Collections$AsLIFOQueue,parallelStream,Collections.java,,NOT_IN_CACHE,False,Not In Cache,N/A,False,
java.util.Collections$AsLIFOQueue.peek(),java.util.Collections$AsLIFOQueue,peek,Collections.java,Pure,NOT_IN_CACHE,False,Not In Cache,N/A,False,
java.util.Collections$AsLIFOQueue.poll(),java.util.Collections$AsLIFOQueue,poll,Collections.java,,NOT_IN_CACHE,False,Not In Cache,N/A,False,
java.util.Collections$AsLIFOQueue.remove(),java.util.Collections$AsLIFOQueue,remove,Collections.java,,NOT_IN_CACHE,False,Not In Cache,N/A,False,
java.util.Collections$AsLIFOQueue.remove(java.lang.Object),java.util.Collections$AsLIFOQueue,remove,Collections.java,,NOT_IN_CACHE,False,Not In Cache,N/A,False,
java.util.Collections$AsLIFOQueue.removeAll(java.util.Collection),java.util.Collections$AsLIFOQueue,removeAll,Collections.java,,NOT_IN_CACHE,False,Not In Cache,N/A,False,
java.util.Collections$AsLIFOQueue.removeIf(java.util.function.Predicate),java.util.Collections$AsLIFOQueue,removeIf,Collections.java,,NOT_IN_CACHE,False,Not In Cache,N/A,False,
java.util.Collections$AsLIFOQueue.retainAll(java.util.Collection),java.util.Collections$AsLIFOQueue,retainAll,Collections.java,,NOT_IN_CACHE,False,Not In Cache,N/A,False,
java.util.Collections$AsLIFOQueue.size(),java.util.Collections$AsLIFOQueue,size,Collections.java,Pure,NOT_IN_CACHE,False,Not In Cache,N/A,False,
java.util.Collections$AsLIFOQueue.spliterator(),java.util.Collections$AsLIFOQueue,spliterator,Collections.java,SideEffectFree,NOT_IN_CACHE,False,Not In Cache,N/A,False,
java.util.Collections$AsLIFOQueue.stream(),java.util.Collections$AsLIFOQueue,stream,Collections.java,,NOT_IN_CACHE,False,Not In Cache,N/A,False,
java.util.Collections$AsLIFOQueue.toArray(),java.util.Collections$AsLIFOQueue,toArray,Collections.java,SideEffectFree,NOT_IN_CACHE,False,Not In Cache,N/A,False,
java.util.Collections$AsLIFOQueue.toArray(java.lang.Object[]),java.util.Collections$AsLIFOQueue,toArray,Collections.java,SideEffectFree,NOT_IN_CACHE,False,Not In Cache,N/A,False,
java.util.Collections$AsLIFOQueue.toArray(java.util.function.IntFunction),java.util.Collections$AsLIFOQueue,toArray,Collections.java,,NOT_IN_CACHE,False,Not In Cache,N/A,False,
java.util.Collections$AsLIFOQueue.toString(),java.util.Collections$AsLIFOQueue,toString,Collections.java,,NOT_IN_CACHE,False,Not In Cache,N/A,False,
"java.util.Collections$CheckedCollection.<init>(java.util.Collection,java.lang.Class)",java.util.Collections$CheckedCollection,<init>,Collections.java,,NOT_IN_CACHE,False,Not In Cache,N/A,False,
java.util.Collections$CheckedCollection.add(java.lang.Object),java.util.Collections$CheckedCollection,add,Collections.java,,NOT_IN_CACHE,False,Not In Cache,N/A,False,
java.util.Collections$CheckedCollection.addAll(java.util.Collection),java.util.Collections$CheckedCollection,addAll,Collections.java,,NOT_IN_CACHE,False,Not In Cache,N/A,False,
java.util.Collections$CheckedCollection.badElementMsg(java.lang.Object),java.util.Collections$CheckedCollection,badElementMsg,Collections.java,,NOT_IN_CACHE,False,Not In Cache,N/A,False,
java.util.Collections$CheckedCollection.checkedCopyOf(java.util.Collection),java.util.Collections$CheckedCollection,checkedCopyOf,Collections.java,,NOT_IN_CACHE,False,Not In Cache,N/A,False,
java.util.Collections$CheckedCollection.clear(),java.util.Collections$CheckedCollection,clear,Collections.java,,NOT_IN_CACHE,False,Not In Cache,N/A,False,
java.util.Collections$CheckedCollection.contains(java.lang.Object),java.util.Collections$CheckedCollection,contains,Collections.java,Pure,NOT_IN_CACHE,False,Not In Cache,N/A,False,
java.util.Collections$CheckedCollection.containsAll(java.util.Collection),java.util.Collections$CheckedCollection,containsAll,Collections.java,Pure,NOT_IN_CACHE,False,Not In Cache,N/A,False,
java.util.Collections$CheckedCollection.forEach(java.util.function.Consumer),java.util.Collections$CheckedCollection,forEach,Collections.java,,NOT_IN_CACHE,False,Not In Cache,N/A,False,
java.util.Collections$CheckedCollection.forEachRemaining(java.util.function.Consumer),java.util.Collections$CheckedCollection,forEachRemaining,Collections.java,,NOT_IN_CACHE,False,Not In Cache,N/A,False,
java.util.Collections$CheckedCollection.hasNext(),java.util.Collections$CheckedCollection,hasNext,Collections.java,Pure,NOT_IN_CACHE,False,Not In Cache,N/A,False,
java.util.Collections$CheckedCollection.isEmpty(),java.util.Collections$CheckedCollection,isEmpty,Collections.java,Pure,NOT_IN_CACHE,False,Not In Cache,N/A,False,
java.util.Collections$CheckedCollection.iterator(),java.util.Collections$CheckedCollection,iterator,Collections.java,SideEffectFree,NOT_IN_CACHE,False,Not In Cache,N/A,False,
java.util.Collections$CheckedCollection.next(java.util./*Iterator),java.util.Collections$CheckedCollection,next,Collections.java,,NOT_IN_CACHE,False,Not In Cache,N/A,False,
java.util.Collections$CheckedCollection.parallelStream(),java.util.Collections$CheckedCollection,parallelStream,Collections.java,,NOT_IN_CACHE,False,Not In Cache,N/A,False,
java.util.Collections$CheckedCollection.remove(),java.util.Collections$CheckedCollection,remove,Collections.java,,NOT_IN_CACHE,False,Not In Cache,N/A,False,
java.util.Collections$CheckedCollection.remove(java.lang.Object),java.util.Collections$CheckedCollection,remove,Collections.java,,NOT_IN_CACHE,False,Not In Cache,N/A,False,
java.util.Collections$CheckedCollection.removeAll(java.util.Collection),java.util.Collections$CheckedCollection,removeAll,Collections.java,,NOT_IN_CACHE,False,Not In Cache,N/A,False,
java.util.Collections$CheckedCollection.removeIf(java.util.function.Predicate),java.util.Collections$CheckedCollection,removeIf,Collections.java,,NOT_IN_CACHE,False,Not In Cache,N/A,False,
java.util.Collections$CheckedCollection.retainAll(java.util.Collection),java.util.Collections$CheckedCollection,retainAll,Collections.java,,NOT_IN_CACHE,False,Not In Cache,N/A,False,
java.util.Collections$CheckedCollection.size(),java.util.Collections$CheckedCollection,size,Collections.java,Pure,NOT_IN_CACHE,False,Not In Cache,N/A,False,
java.util.Collections$CheckedCollection.spliterator(),java.util.Collections$CheckedCollection,spliterator,Collections.java,SideEffectFree,NOT_IN_CACHE,False,Not In Cache,N/A,False,
java.util.Collections$CheckedCollection.stream(),java.util.Collections$CheckedCollection,stream,Collections.java,,NOT_IN_CACHE,False,Not In Cache,N/A,False,
java.util.Collections$CheckedCollection.toArray(),java.util.Collections$CheckedCollection,toArray,Collections.java,SideEffectFree,NOT_IN_CACHE,False,Not In Cache,N/A,False,
java.util.Collections$CheckedCollection.toArray(java.lang.Object[]),java.util.Collections$CheckedCollection,toArray,Collections.java,SideEffectFree,NOT_IN_CACHE,False,Not In Cache,N/A,False,
java.util.Collections$CheckedCollection.toArray(java.util.function.IntFunction),java.util.Collections$CheckedCollection,toArray,Collections.java,,NOT_IN_CACHE,False,Not In Cache,N/A,False,
java.util.Collections$CheckedCollection.toString(),java.util.Collections$CheckedCollection,toString,Collections.java,,NOT_IN_CACHE,False,Not In Cache,N/A,False,
java.util.Collections$CheckedCollection.typeCheck(java.lang.Object),java.util.Collections$CheckedCollection,typeCheck,Collections.java,,NOT_IN_CACHE,False,Not In Cache,N/A,False,
java.util.Collections$CheckedCollection.zeroLengthElementArray(),java.util.Collections$CheckedCollection,zeroLengthElementArray,Collections.java,,NOT_IN_CACHE,False,Not In Cache,N/A,False,
"java.util.Collections$CheckedList.<init>(java.util.List,java.lang.Class)",java.util.Collections$CheckedList,<init>,Collections.java,,NOT_IN_CACHE,False,Not In Cache,N/A,False,
"java.util.Collections$CheckedList.add(int,java.lang.Object)",java.util.Collections$CheckedList,add,Collections.java,,NOT_IN_CACHE,False,Not In Cache,N/A,False,
java.util.Collections$CheckedList.add(java.lang.Object),java.util.Collections$CheckedList,add,Collections.java,,NOT_IN_CACHE,False,Not In Cache,N/A,False,
"java.util.Collections$CheckedList.addAll(int,java.util.Collection)",java.util.Collections$CheckedList,addAll,Collections.java,,NOT_IN_CACHE,False,Not In Cache,N/A,False,
java.util.Collections$CheckedList.checkedCopyOf(java.util.c),java.util.Collections$CheckedList,checkedCopyOf,Collections.java,,NOT_IN_CACHE,False,Not In Cache,N/A,False,
java.util.Collections$CheckedList.equals(java.lang.Object),java.util.Collections$CheckedList,equals,Collections.java,,NOT_IN_CACHE,False,Not In Cache,N/A,False,
java.util.Collections$CheckedList.forEachRemaining(java.util.function.Consumer),java.util.Collections$CheckedList,forEachRemaining,Collections.java,,NOT_IN_CACHE,False,Not In Cache,N/A,False,
java.util.Collections$CheckedList.get(int),java.util.Collections$CheckedList,get,Collections.java,,NOT_IN_CACHE,False,Not In Cache,N/A,False,
java.util.Collections$CheckedList.hasNext(),java.util.Collections$CheckedList,hasNext,Collections.java,Pure,NOT_IN_CACHE,False,Not In Cache,N/A,False,
java.util.Collections$CheckedList.hasPrevious(),java.util.Collections$CheckedList,hasPrevious,Collections.java,,NOT_IN_CACHE,False,Not In Cache,N/A,False,
java.util.Collections$CheckedList.hashCode(),java.util.Collections$CheckedList,hashCode,Collections.java,,NOT_IN_CACHE,False,Not In Cache,N/A,False,
java.util.Collections$CheckedList.indexOf(java.lang.Object),java.util.Collections$CheckedList,indexOf,Collections.java,,NOT_IN_CACHE,False,Not In Cache,N/A,False,
java.util.Collections$CheckedList.lastIndexOf(java.lang.Object),java.util.Collections$CheckedList,lastIndexOf,Collections.java,,NOT_IN_CACHE,False,Not In Cache,N/A,False,
java.util.Collections$CheckedList.listIterator(),java.util.Collections$CheckedList,listIterator,Collections.java,,NOT_IN_CACHE,False,Not In Cache,N/A,False,
java.util.Collections$CheckedList.listIterator(java.util.final int),java.util.Collections$CheckedList,listIterator,Collections.java,,NOT_IN_CACHE,False,Not In Cache,N/A,False,
java.util.Collections$CheckedList.next(java.util./*ListIterator),java.util.Collections$CheckedList,next,Collections.java,,NOT_IN_CACHE,False,Not In Cache,N/A,False,
java.util.Collections$CheckedList.nextIndex(),java.util.Collections$CheckedList,nextIndex,Collections.java,,NOT_IN_CACHE,False,Not In Cache,N/A,False,
java.util.Collections$CheckedList.previous(),java.util.Collections$CheckedList,previous,Collections.java,,NOT_IN_CACHE,False,Not In Cache,N/A,False,
java.util.Collections$CheckedList.previousIndex(),java.util.Collections$CheckedList,previousIndex,Collections.java,,NOT_IN_CACHE,False,Not In Cache,N/A,False,
java.util.Collections$CheckedList.remove(),java.util.Collections$CheckedList,remove,Collections.java,,NOT_IN_CACHE,False,Not In Cache,N/A,False,
java.util.Collections$CheckedList.remove(int),java.util.Collections$CheckedList,remove,Collections.java,,NOT_IN_CACHE,False,Not In Cache,N/A,False,
java.util.Collections$CheckedList.replaceAll(java.util.function.UnaryOperator),java.util.Collections$CheckedList,replaceAll,Collections.java,,NOT_IN_CACHE,False,Not In Cache,N/A,False,
"java.util.Collections$CheckedList.set(int,java.lang.Object)",java.util.Collections$CheckedList,set,Collections.java,,NOT_IN_CACHE,False,Not In Cache,N/A,False,
java.util.Collections$CheckedList.set(java.lang.Object),java.util.Collections$CheckedList,set,Collections.java,,NOT_IN_CACHE,False,Not In Cache,N/A,False,
java.util.Collections$CheckedList.sort(java.util.Comparator),java.util.Collections$CheckedList,sort,Collections.java,,NOT_IN_CACHE,False,Not In Cache,N/A,False,
"java.util.Collections$CheckedList.subList(int,int)",java.util.Collections$CheckedList,subList,Collections.java,,NOT_IN_CACHE,False,Not In Cache,N/A,False,
java.util.Collections$CheckedList.typeCheck(java.util.element),java.util.Collections$CheckedList,typeCheck,Collections.java,,NOT_IN_CACHE,False,Not In Cache,N/A,False,
"java.util.Collections$CheckedMap$CheckedEntrySet$CheckedEntry.<init>(java.util.Map$Entry,java.lang.Class)",java.util.Collections$CheckedMap$CheckedEntrySet$CheckedEntry,<init>,Collections.java,,NOT_IN_CACHE,False,Not In Cache,N/A,False,
java.util.Collections$CheckedMap$CheckedEntrySet$CheckedEntry.badValueMsg(java.lang.Object),java.util.Collections$CheckedMap$CheckedEntrySet$CheckedEntry,badValueMsg,Collections.java,,NOT_IN_CACHE,False,Not In Cache,N/A,False,
java.util.Collections$CheckedMap$CheckedEntrySet$CheckedEntry.equals(java.lang.Object),java.util.Collections$CheckedMap$CheckedEntrySet$CheckedEntry,equals,Collections.java,,NOT_IN_CACHE,False,Not In Cache,N/A,False,
java.util.Collections$CheckedMap$CheckedEntrySet$CheckedEntry.getKey(),java.util.Collections$CheckedMap$CheckedEntrySet$CheckedEntry,getKey,Collections.java,,NOT_IN_CACHE,False,Not In Cache,N/A,False,
java.util.Collections$CheckedMap$CheckedEntrySet$CheckedEntry.getValue(),java.util.Collections$CheckedMap$CheckedEntrySet$CheckedEntry,getValue,Collections.java,,NOT_IN_CACHE,False,Not In Cache,N/A,False,
java.util.Collections$CheckedMap$CheckedEntrySet$CheckedEntry.hashCode(),java.util.Collections$CheckedMap$CheckedEntrySet$CheckedEntry,hashCode,Collections.java,,NOT_IN_CACHE,False,Not In Cache,N/A,False,
java.util.Collections$CheckedMap$CheckedEntrySet$CheckedEntry.setValue(java.lang.Object),java.util.Collections$CheckedMap$CheckedEntrySet$CheckedEntry,setValue,Collections.java,,NOT_IN_CACHE,False,Not In Cache,N/A,False,
java.util.Collections$CheckedMap$CheckedEntrySet$CheckedEntry.toString(),java.util.Collections$CheckedMap$CheckedEntrySet$CheckedEntry,toString,Collections.java,,NOT_IN_CACHE,False,Not In Cache,N/A,False,
"java.util.Collections$CheckedMap$CheckedEntrySet.<init>(java.util.Set,java.lang.Class)",java.util.Collections$CheckedMap$CheckedEntrySet,<init>,Collections.java,,NOT_IN_CACHE,False,Not In Cache,N/A,False,
java.util.Collections$CheckedMap$CheckedEntrySet.add(java.util.Map$Entry),java.util.Collections$CheckedMap$CheckedEntrySet,add,Collections.java,,NOT_IN_CACHE,False,Not In Cache,N/A,False,
java.util.Collections$CheckedMap$CheckedEntrySet.addAll(java.util.Collection),java.util.Collections$CheckedMap$CheckedEntrySet,addAll,Collections.java,,NOT_IN_CACHE,False,Not In Cache,N/A,False,
"java.util.Collections$CheckedMap$CheckedEntrySet.batchRemove(java.util.Collection,boolean)",java.util.Collections$CheckedMap$CheckedEntrySet,batchRemove,Collections.java,,NOT_IN_CACHE,False,Not In Cache,N/A,False,
"java.util.Collections$CheckedMap$CheckedEntrySet.checkedEntry(java.util.Map$Entry,java.lang.Class)",java.util.Collections$CheckedMap$CheckedEntrySet,checkedEntry,Collections.java,,NOT_IN_CACHE,False,Not In Cache,N/A,False,
java.util.Collections$CheckedMap$CheckedEntrySet.clear(),java.util.Collections$CheckedMap$CheckedEntrySet,clear,Collections.java,,NOT_IN_CACHE,False,Not In Cache,N/A,False,
java.util.Collections$CheckedMap$CheckedEntrySet.contains(java.lang.Object),java.util.Collections$CheckedMap$CheckedEntrySet,contains,Collections.java,Pure,NOT_IN_CACHE,False,Not In Cache,N/A,False,
java.util.Collections$CheckedMap$CheckedEntrySet.containsAll(java.util.Collection),java.util.Collections$CheckedMap$CheckedEntrySet,containsAll,Collections.java,Pure,NOT_IN_CACHE,False,Not In Cache,N/A,False,
java.util.Collections$CheckedMap$CheckedEntrySet.equals(java.lang.Object),java.util.Collections$CheckedMap$CheckedEntrySet,equals,Collections.java,,NOT_IN_CACHE,False,Not In Cache,N/A,False,
java.util.Collections$CheckedMap$CheckedEntrySet.forEachRemaining(java.util.function.Consumer),java.util.Collections$CheckedMap$CheckedEntrySet,forEachRemaining,Collections.java,,NOT_IN_CACHE,False,Not In Cache,N/A,False,
java.util.Collections$CheckedMap$CheckedEntrySet.hasNext(),java.util.Collections$CheckedMap$CheckedEntrySet,hasNext,Collections.java,Pure,NOT_IN_CACHE,False,Not In Cache,N/A,False,
java.util.Collections$CheckedMap$CheckedEntrySet.hashCode(),java.util.Collections$CheckedMap$CheckedEntrySet,hashCode,Collections.java,,NOT_IN_CACHE,False,Not In Cache,N/A,False,
java.util.Collections$CheckedMap$CheckedEntrySet.isEmpty(),java.util.Collections$CheckedMap$CheckedEntrySet,isEmpty,Collections.java,Pure,NOT_IN_CACHE,False,Not In Cache,N/A,False,
java.util.Collections$CheckedMap$CheckedEntrySet.iterator(),java.util.Collections$CheckedMap$CheckedEntrySet,iterator,Collections.java,,NOT_IN_CACHE,False,Not In Cache,N/A,False,
java.util.Collections$CheckedMap$CheckedEntrySet.next(java.util./*Iterator),java.util.Collections$CheckedMap$CheckedEntrySet,next,Collections.java,,NOT_IN_CACHE,False,Not In Cache,N/A,False,
java.util.Collections$CheckedMap$CheckedEntrySet.remove(),java.util.Collections$CheckedMap$CheckedEntrySet,remove,Collections.java,,NOT_IN_CACHE,False,Not In Cache,N/A,False,
java.util.Collections$CheckedMap$CheckedEntrySet.remove(java.lang.Object),java.util.Collections$CheckedMap$CheckedEntrySet,remove,Collections.java,,NOT_IN_CACHE,False,Not In Cache,N/A,False,
java.util.Collections$CheckedMap$CheckedEntrySet.removeAll(java.util.Collection),java.util.Collections$CheckedMap$CheckedEntrySet,removeAll,Collections.java,,NOT_IN_CACHE,False,Not In Cache,N/A,False,
java.util.Collections$CheckedMap$CheckedEntrySet.retainAll(java.util.Collection),java.util.Collections$CheckedMap$CheckedEntrySet,retainAll,Collections.java,,NOT_IN_CACHE,False,Not In Cache,N/A,False,
java.util.Collections$CheckedMap$CheckedEntrySet.size(),java.util.Collections$CheckedMap$CheckedEntrySet,size,Collections.java,Pure,NOT_IN_CACHE,False,Not In Cache,N/A,False,
java.util.Collections$CheckedMap$CheckedEntrySet.toArray(),java.util.Collections$CheckedMap$CheckedEntrySet,toArray,Collections.java,,NOT_IN_CACHE,False,Not In Cache,N/A,False,
java.util.Collections$CheckedMap$CheckedEntrySet.toArray(java.lang.Object[]),java.util.Collections$CheckedMap$CheckedEntrySet,toArray,Collections.java,,NOT_IN_CACHE,False,Not In Cache,N/A,False,
java.util.Collections$CheckedMap$CheckedEntrySet.toString(),java.util.Collections$CheckedMap$CheckedEntrySet,toString,Collections.java,,NOT_IN_CACHE,False,Not In Cache,N/A,False,
"java.util.Collections$CheckedMap.<init>(java.util.Map,java.lang.Class,java.lang.Class)",java.util.Collections$CheckedMap,<init>,Collections.java,,NOT_IN_CACHE,False,Not In Cache,N/A,False,
java.util.Collections$CheckedMap.badKeyMsg(java.lang.Object),java.util.Collections$CheckedMap,badKeyMsg,Collections.java,,NOT_IN_CACHE,False,Not In Cache,N/A,False,
java.util.Collections$CheckedMap.badValueMsg(java.lang.Object),java.util.Collections$CheckedMap,badValueMsg,Collections.java,,NOT_IN_CACHE,False,Not In Cache,N/A,False,
java.util.Collections$CheckedMap.clear(),java.util.Collections$CheckedMap,clear,Collections.java,,NOT_IN_CACHE,False,Not In Cache,N/A,False,
"java.util.Collections$CheckedMap.compute(java.lang.Object,java.util.function.BiFunction)",java.util.Collections$CheckedMap,compute,Collections.java,,NOT_IN_CACHE,False,Not In Cache,N/A,False,
"java.util.Collections$CheckedMap.computeIfAbsent(java.lang.Object,java.util.function.Function)",java.util.Collections$CheckedMap,computeIfAbsent,Collections.java,,NOT_IN_CACHE,False,Not In Cache,N/A,False,
"java.util.Collections$CheckedMap.computeIfPresent(java.lang.Object,java.util.function.BiFunction)",java.util.Collections$CheckedMap,computeIfPresent,Collections.java,,NOT_IN_CACHE,False,Not In Cache,N/A,False,
java.util.Collections$CheckedMap.containsKey(java.lang.Object),java.util.Collections$CheckedMap,containsKey,Collections.java,Pure,NOT_IN_CACHE,False,Not In Cache,N/A,False,
java.util.Collections$CheckedMap.containsValue(java.lang.Object),java.util.Collections$CheckedMap,containsValue,Collections.java,Pure,NOT_IN_CACHE,False,Not In Cache,N/A,False,
java.util.Collections$CheckedMap.entrySet(),java.util.Collections$CheckedMap,entrySet,Collections.java,SideEffectFree,NOT_IN_CACHE,False,Not In Cache,N/A,False,
java.util.Collections$CheckedMap.equals(java.lang.Object),java.util.Collections$CheckedMap,equals,Collections.java,,NOT_IN_CACHE,False,Not In Cache,N/A,False,
java.util.Collections$CheckedMap.forEach(java.util.function.BiConsumer),java.util.Collections$CheckedMap,forEach,Collections.java,,NOT_IN_CACHE,False,Not In Cache,N/A,False,
java.util.Collections$CheckedMap.get(java.lang.Object),java.util.Collections$CheckedMap,get,Collections.java,,NOT_IN_CACHE,False,Not In Cache,N/A,False,
java.util.Collections$CheckedMap.hashCode(),java.util.Collections$CheckedMap,hashCode,Collections.java,,NOT_IN_CACHE,False,Not In Cache,N/A,False,
java.util.Collections$CheckedMap.isEmpty(),java.util.Collections$CheckedMap,isEmpty,Collections.java,Pure,NOT_IN_CACHE,False,Not In Cache,N/A,False,
java.util.Collections$CheckedMap.keySet(),java.util.Collections$CheckedMap,keySet,Collections.java,,NOT_IN_CACHE,False,Not In Cache,N/A,False,
"java.util.Collections$CheckedMap.merge(java.lang.Object,java.lang.Object,java.util.function.BiFunction)",java.util.Collections$CheckedMap,merge,Collections.java,,NOT_IN_CACHE,False,Not In Cache,N/A,False,
"java.util.Collections$CheckedMap.put(java.lang.Object,java.lang.Object)",java.util.Collections$CheckedMap,put,Collections.java,,NOT_IN_CACHE,False,Not In Cache,N/A,False,
java.util.Collections$CheckedMap.putAll(java.util.Map),java.util.Collections$CheckedMap,putAll,Collections.java,,NOT_IN_CACHE,False,Not In Cache,N/A,False,
"java.util.Collections$CheckedMap.putIfAbsent(java.lang.Object,java.lang.Object)",java.util.Collections$CheckedMap,putIfAbsent,Collections.java,,NOT_IN_CACHE,False,Not In Cache,N/A,False,
java.util.Collections$CheckedMap.remove(java.lang.Object),java.util.Collections$CheckedMap,remove,Collections.java,,NOT_IN_CACHE,False,Not In Cache,N/A,False,
"java.util.Collections$CheckedMap.remove(java.lang.Object,java.lang.Object)",java.util.Collections$CheckedMap,remove,Collections.java,,NOT_IN_CACHE,False,Not In Cache,N/A,False,
"java.util.Collections$CheckedMap.replace(java.lang.Object,java.lang.Object)",java.util.Collections$CheckedMap,replace,Collections.java,,NOT_IN_CACHE,False,Not In Cache,N/A,False,
"java.util.Collections$CheckedMap.replace(java.lang.Object,java.lang.Object,java.lang.Object)",java.util.Collections$CheckedMap,replace,Collections.java,,NOT_IN_CACHE,False,Not In Cache,N/A,False,
java.util.Collections$CheckedMap.replaceAll(java.util.function.BiFunction),java.util.Collections$CheckedMap,replaceAll,Collections.java,,NOT_IN_CACHE,False,Not In Cache,N/A,False,
java.util.Collections$CheckedMap.size(),java.util.Collections$CheckedMap,size,Collections.java,Pure,NOT_IN_CACHE,False,Not In Cache,N/A,False,
java.util.Collections$CheckedMap.toString(),java.util.Collections$CheckedMap,toString,Collections.java,,NOT_IN_CACHE,False,Not In Cache,N/A,False,
"java.util.Collections$CheckedMap.typeCheck(java.lang.Object,java.lang.Object)",java.util.Collections$CheckedMap,typeCheck,Collections.java,,NOT_IN_CACHE,False,Not In Cache,N/A,False,
java.util.Collections$CheckedMap.typeCheck(java.util.function.BiFunction),java.util.Collections$CheckedMap,typeCheck,Collections.java,,NOT_IN_CACHE,False,Not In Cache,N/A,False,
java.util.Collections$CheckedMap.typeCheck(java.util.remappingFunction),java.util.Collections$CheckedMap,typeCheck,Collections.java,,NOT_IN_CACHE,False,Not In Cache,N/A,False,
java.util.Collections$CheckedMap.values(),java.util.Collections$CheckedMap,values,Collections.java,,NOT_IN_CACHE,False,Not In Cache,N/A,False,
"java.util.Collections$CheckedNavigableMap.<init>(java.util.NavigableMap,java.lang.Class,java.lang.Class)",java.util.Collections$CheckedNavigableMap,<init>,Collections.java,,NOT_IN_CACHE,False,Not In Cache,N/A,False,
java.util.Collections$CheckedNavigableMap.ceilingEntry(java.lang.Object),java.util.Collections$CheckedNavigableMap,ceilingEntry,Collections.java,,NOT_IN_CACHE,False,Not In Cache,N/A,False,
java.util.Collections$CheckedNavigableMap.ceilingKey(java.lang.Object),java.util.Collections$CheckedNavigableMap,ceilingKey,Collections.java,,NOT_IN_CACHE,False,Not In Cache,N/A,False,
java.util.Collections$CheckedNavigableMap.comparator(),java.util.Collections$CheckedNavigableMap,comparator,Collections.java,,NOT_IN_CACHE,False,Not In Cache,N/A,False,
java.util.Collections$CheckedNavigableMap.descendingKeySet(),java.util.Collections$CheckedNavigableMap,descendingKeySet,Collections.java,SideEffectFree,NOT_IN_CACHE,False,Not In Cache,N/A,False,
java.util.Collections$CheckedNavigableMap.descendingMap(),java.util.Collections$CheckedNavigableMap,descendingMap,Collections.java,SideEffectFree,NOT_IN_CACHE,False,Not In Cache,N/A,False,
java.util.Collections$CheckedNavigableMap.firstEntry(),java.util.Collections$CheckedNavigableMap,firstEntry,Collections.java,,NOT_IN_CACHE,False,Not In Cache,N/A,False,
java.util.Collections$CheckedNavigableMap.firstKey(),java.util.Collections$CheckedNavigableMap,firstKey,Collections.java,,NOT_IN_CACHE,False,Not In Cache,N/A,False,
java.util.Collections$CheckedNavigableMap.floorEntry(java.lang.Object),java.util.Collections$CheckedNavigableMap,floorEntry,Collections.java,,NOT_IN_CACHE,False,Not In Cache,N/A,False,
java.util.Collections$CheckedNavigableMap.floorKey(java.lang.Object),java.util.Collections$CheckedNavigableMap,floorKey,Collections.java,,NOT_IN_CACHE,False,Not In Cache,N/A,False,
java.util.Collections$CheckedNavigableMap.headMap(java.lang.Object),java.util.Collections$CheckedNavigableMap,headMap,Collections.java,SideEffectFree,NOT_IN_CACHE,False,Not In Cache,N/A,False,
"java.util.Collections$CheckedNavigableMap.headMap(java.lang.Object,boolean)",java.util.Collections$CheckedNavigableMap,headMap,Collections.java,SideEffectFree,NOT_IN_CACHE,False,Not In Cache,N/A,False,
java.util.Collections$CheckedNavigableMap.higherEntry(java.lang.Object),java.util.Collections$CheckedNavigableMap,higherEntry,Collections.java,,NOT_IN_CACHE,False,Not In Cache,N/A,False,
java.util.Collections$CheckedNavigableMap.higherKey(java.lang.Object),java.util.Collections$CheckedNavigableMap,higherKey,Collections.java,,NOT_IN_CACHE,False,Not In Cache,N/A,False,
java.util.Collections$CheckedNavigableMap.keySet(),java.util.Collections$CheckedNavigableMap,keySet,Collections.java,,NOT_IN_CACHE,False,Not In Cache,N/A,False,
java.util.Collections$CheckedNavigableMap.lastEntry(),java.util.Collections$CheckedNavigableMap,lastEntry,Collections.java,,NOT_IN_CACHE,False,Not In Cache,N/A,False,
java.util.Collections$CheckedNavigableMap.lastKey(),java.util.Collections$CheckedNavigableMap,lastKey,Collections.java,,NOT_IN_CACHE,False,Not In Cache,N/A,False,
java.util.Collections$CheckedNavigableMap.lowerEntry(java.lang.Object),java.util.Collections$CheckedNavigableMap,lowerEntry,Collections.java,,NOT_IN_CACHE,False,Not In Cache,N/A,False,
java.util.Collections$CheckedNavigableMap.lowerKey(java.lang.Object),java.util.Collections$CheckedNavigableMap,lowerKey,Collections.java,,NOT_IN_CACHE,False,Not In Cache,N/A,False,
java.util.Collections$CheckedNavigableMap.navigableKeySet(),java.util.Collections$CheckedNavigableMap,navigableKeySet,Collections.java,SideEffectFree,NOT_IN_CACHE,False,Not In Cache,N/A,False,
java.util.Collections$CheckedNavigableMap.pollFirstEntry(),java.util.Collections$CheckedNavigableMap,pollFirstEntry,Collections.java,,NOT_IN_CACHE,False,Not In Cache,N/A,False,
java.util.Collections$CheckedNavigableMap.pollLastEntry(),java.util.Collections$CheckedNavigableMap,pollLastEntry,Collections.java,,NOT_IN_CACHE,False,Not In Cache,N/A,False,
"java.util.Collections$CheckedNavigableMap.subMap(java.lang.Object,boolean,java.lang.Object,boolean)",java.util.Collections$CheckedNavigableMap,subMap,Collections.java,SideEffectFree,NOT_IN_CACHE,False,Not In Cache,N/A,False,
"java.util.Collections$CheckedNavigableMap.subMap(java.lang.Object,java.lang.Object)",java.util.Collections$CheckedNavigableMap,subMap,Collections.java,SideEffectFree,NOT_IN_CACHE,False,Not In Cache,N/A,False,
java.util.Collections$CheckedNavigableMap.tailMap(java.lang.Object),java.util.Collections$CheckedNavigableMap,tailMap,Collections.java,SideEffectFree,NOT_IN_CACHE,False,Not In Cache,N/A,False,
"java.util.Collections$CheckedNavigableMap.tailMap(java.lang.Object,boolean)",java.util.Collections$CheckedNavigableMap,tailMap,Collections.java,SideEffectFree,NOT_IN_CACHE,False,Not In Cache,N/A,False,
"java.util.Collections$CheckedNavigableSet.<init>(java.util.NavigableSet,java.lang.Class)",java.util.Collections$CheckedNavigableSet,<init>,Collections.java,,NOT_IN_CACHE,False,Not In Cache,N/A,False,
java.util.Collections$CheckedNavigableSet.ceiling(java.lang.Object),java.util.Collections$CheckedNavigableSet,ceiling,Collections.java,,NOT_IN_CACHE,False,Not In Cache,N/A,False,
java.util.Collections$CheckedNavigableSet.descendingIterator(),java.util.Collections$CheckedNavigableSet,descendingIterator,Collections.java,,NOT_IN_CACHE,False,Not In Cache,N/A,False,
java.util.Collections$CheckedNavigableSet.descendingSet(),java.util.Collections$CheckedNavigableSet,descendingSet,Collections.java,,NOT_IN_CACHE,False,Not In Cache,N/A,False,
java.util.Collections$CheckedNavigableSet.floor(java.lang.Object),java.util.Collections$CheckedNavigableSet,floor,Collections.java,,NOT_IN_CACHE,False,Not In Cache,N/A,False,
java.util.Collections$CheckedNavigableSet.headSet(java.lang.Object),java.util.Collections$CheckedNavigableSet,headSet,Collections.java,,NOT_IN_CACHE,False,Not In Cache,N/A,False,
"java.util.Collections$CheckedNavigableSet.headSet(java.lang.Object,boolean)",java.util.Collections$CheckedNavigableSet,headSet,Collections.java,,NOT_IN_CACHE,False,Not In Cache,N/A,False,
java.util.Collections$CheckedNavigableSet.higher(java.lang.Object),java.util.Collections$CheckedNavigableSet,higher,Collections.java,,NOT_IN_CACHE,False,Not In Cache,N/A,False,
java.util.Collections$CheckedNavigableSet.lower(java.lang.Object),java.util.Collections$CheckedNavigableSet,lower,Collections.java,,NOT_IN_CACHE,False,Not In Cache,N/A,False,
java.util.Collections$CheckedNavigableSet.pollFirst(),java.util.Collections$CheckedNavigableSet,pollFirst,Collections.java,,NOT_IN_CACHE,False,Not In Cache,N/A,False,
java.util.Collections$CheckedNavigableSet.pollLast(),java.util.Collections$CheckedNavigableSet,pollLast,Collections.java,,NOT_IN_CACHE,False,Not In Cache,N/A,False,
"java.util.Collections$CheckedNavigableSet.subSet(java.lang.Object,boolean,java.lang.Object,boolean)",java.util.Collections$CheckedNavigableSet,subSet,Collections.java,,NOT_IN_CACHE,False,Not In Cache,N/A,False,
"java.util.Collections$CheckedNavigableSet.subSet(java.lang.Object,java.lang.Object)",java.util.Collections$CheckedNavigableSet,subSet,Collections.java,,NOT_IN_CACHE,False,Not In Cache,N/A,False,
java.util.Collections$CheckedNavigableSet.tailSet(java.lang.Object),java.util.Collections$CheckedNavigableSet,tailSet,Collections.java,,NOT_IN_CACHE,False,Not In Cache,N/A,False,
"java.util.Collections$CheckedNavigableSet.tailSet(java.lang.Object,boolean)",java.util.Collections$CheckedNavigableSet,tailSet,Collections.java,,NOT_IN_CACHE,False,Not In Cache,N/A,False,
"java.util.Collections$CheckedQueue.<init>(java.util.Queue,java.lang.Class)",java.util.Collections$CheckedQueue,<init>,Collections.java,,NOT_IN_CACHE,False,Not In Cache,N/A,False,
java.util.Collections$CheckedQueue.element(),java.util.Collections$CheckedQueue,element,Collections.java,,NOT_IN_CACHE,False,Not In Cache,N/A,False,
java.util.Collections$CheckedQueue.equals(java.lang.Object),java.util.Collections$CheckedQueue,equals,Collections.java,Pure,NOT_IN_CACHE,False,Not In Cache,N/A,False,
java.util.Collections$CheckedQueue.hashCode(),java.util.Collections$CheckedQueue,hashCode,Collections.java,Pure,NOT_IN_CACHE,False,Not In Cache,N/A,False,
java.util.Collections$CheckedQueue.offer(java.lang.Object),java.util.Collections$CheckedQueue,offer,Collections.java,,NOT_IN_CACHE,False,Not In Cache,N/A,False,
java.util.Collections$CheckedQueue.peek(),java.util.Collections$CheckedQueue,peek,Collections.java,Pure,NOT_IN_CACHE,False,Not In Cache,N/A,False,
java.util.Collections$CheckedQueue.poll(),java.util.Collections$CheckedQueue,poll,Collections.java,,NOT_IN_CACHE,False,Not In Cache,N/A,False,
java.util.Collections$CheckedQueue.remove(),java.util.Collections$CheckedQueue,remove,Collections.java,,NOT_IN_CACHE,False,Not In Cache,N/A,False,
"java.util.Collections$CheckedRandomAccessList.<init>(java.util.List,java.lang.Class)",java.util.Collections$CheckedRandomAccessList,<init>,Collections.java,,NOT_IN_CACHE,False,Not In Cache,N/A,False,
"java.util.Collections$CheckedRandomAccessList.subList(int,int)",java.util.Collections$CheckedRandomAccessList,subList,Collections.java,,NOT_IN_CACHE,False,Not In Cache,N/A,False,
"java.util.Collections$CheckedSet.<init>(java.util.Set,java.lang.Class)",java.util.Collections$CheckedSet,<init>,Collections.java,,NOT_IN_CACHE,False,Not In Cache,N/A,False,
java.util.Collections$CheckedSet.equals(java.lang.Object),java.util.Collections$CheckedSet,equals,Collections.java,,NOT_IN_CACHE,False,Not In Cache,N/A,False,
java.util.Collections$CheckedSet.hashCode(),java.util.Collections$CheckedSet,hashCode,Collections.java,,NOT_IN_CACHE,False,Not In Cache,N/A,False,
"java.util.Collections$CheckedSortedMap.<init>(java.util.SortedMap,java.lang.Class,java.lang.Class)",java.util.Collections$CheckedSortedMap,<init>,Collections.java,,NOT_IN_CACHE,False,Not In Cache,N/A,False,
java.util.Collections$CheckedSortedMap.comparator(),java.util.Collections$CheckedSortedMap,comparator,Collections.java,,NOT_IN_CACHE,False,Not In Cache,N/A,False,
java.util.Collections$CheckedSortedMap.firstKey(),java.util.Collections$CheckedSortedMap,firstKey,Collections.java,,NOT_IN_CACHE,False,Not In Cache,N/A,False,
java.util.Collections$CheckedSortedMap.headMap(java.lang.Object),java.util.Collections$CheckedSortedMap,headMap,Collections.java,SideEffectFree,NOT_IN_CACHE,False,Not In Cache,N/A,False,
java.util.Collections$CheckedSortedMap.lastKey(),java.util.Collections$CheckedSortedMap,lastKey,Collections.java,,NOT_IN_CACHE,False,Not In Cache,N/A,False,
"java.util.Collections$CheckedSortedMap.subMap(java.lang.Object,java.lang.Object)",java.util.Collections$CheckedSortedMap,subMap,Collections.java,SideEffectFree,NOT_IN_CACHE,False,Not In Cache,N/A,False,
java.util.Collections$CheckedSortedMap.tailMap(java.lang.Object),java.util.Collections$CheckedSortedMap,tailMap,Collections.java,SideEffectFree,NOT_IN_CACHE,False,Not In Cache,N/A,False,
"java.util.Collections$CheckedSortedSet.<init>(java.util.SortedSet,java.lang.Class)",java.util.Collections$CheckedSortedSet,<init>,Collections.java,,NOT_IN_CACHE,False,Not In Cache,N/A,False,
java.util.Collections$CheckedSortedSet.comparator(),java.util.Collections$CheckedSortedSet,comparator,Collections.java,,NOT_IN_CACHE,False,Not In Cache,N/A,False,
java.util.Collections$CheckedSortedSet.first(),java.util.Collections$CheckedSortedSet,first,Collections.java,,NOT_IN_CACHE,False,Not In Cache,N/A,False,
java.util.Collections$CheckedSortedSet.headSet(java.lang.Object),java.util.Collections$CheckedSortedSet,headSet,Collections.java,,NOT_IN_CACHE,False,Not In Cache,N/A,False,
java.util.Collections$CheckedSortedSet.last(),java.util.Collections$CheckedSortedSet,last,Collections.java,,NOT_IN_CACHE,False,Not In Cache,N/A,False,
"java.util.Collections$CheckedSortedSet.subSet(java.lang.Object,java.lang.Object)",java.util.Collections$CheckedSortedSet,subSet,Collections.java,,NOT_IN_CACHE,False,Not In Cache,N/A,False,
java.util.Collections$CheckedSortedSet.tailSet(java.lang.Object),java.util.Collections$CheckedSortedSet,tailSet,Collections.java,,NOT_IN_CACHE,False,Not In Cache,N/A,False,
"java.util.Collections$CopiesList.<init>(int,java.lang.Object)",java.util.Collections$CopiesList,<init>,Collections.java,,NOT_IN_CACHE,False,Not In Cache,N/A,False,
java.util.Collections$CopiesList.contains(java.lang.Object),java.util.Collections$CopiesList,contains,Collections.java,Pure,NOT_IN_CACHE,False,Not In Cache,N/A,False,
java.util.Collections$CopiesList.equals(java.lang.Object),java.util.Collections$CopiesList,equals,Collections.java,,NOT_IN_CACHE,False,Not In Cache,N/A,False,
java.util.Collections$CopiesList.forEach(java.util.function.Consumer),java.util.Collections$CopiesList,forEach,Collections.java,SideEffectFree,NOT_IN_CACHE,False,Not In Cache,N/A,False,
java.util.Collections$CopiesList.get(int),java.util.Collections$CopiesList,get,Collections.java,,NOT_IN_CACHE,False,Not In Cache,N/A,False,
java.util.Collections$CopiesList.hashCode(),java.util.Collections$CopiesList,hashCode,Collections.java,,NOT_IN_CACHE,False,Not In Cache,N/A,False,
java.util.Collections$CopiesList.indexOf(java.lang.Object),java.util.Collections$CopiesList,indexOf,Collections.java,,NOT_IN_CACHE,False,Not In Cache,N/A,False,
java.util.Collections$CopiesList.lastIndexOf(java.lang.Object),java.util.Collections$CopiesList,lastIndexOf,Collections.java,,NOT_IN_CACHE,False,Not In Cache,N/A,False,
java.util.Collections$CopiesList.parallelStream(),java.util.Collections$CopiesList,parallelStream,Collections.java,,NOT_IN_CACHE,False,Not In Cache,N/A,False,
java.util.Collections$CopiesList.readObject(java.io.ObjectInputStream),java.util.Collections$CopiesList,readObject,Collections.java,,NOT_IN_CACHE,False,Not In Cache,N/A,False,
java.util.Collections$CopiesList.size(),java.util.Collections$CopiesList,size,Collections.java,Pure,NOT_IN_CACHE,False,Not In Cache,N/A,False,
java.util.Collections$CopiesList.spliterator(),java.util.Collections$CopiesList,spliterator,Collections.java,SideEffectFree,NOT_IN_CACHE,False,Not In Cache,N/A,False,
java.util.Collections$CopiesList.stream(),java.util.Collections$CopiesList,stream,Collections.java,,NOT_IN_CACHE,False,Not In Cache,N/A,False,
"java.util.Collections$CopiesList.subList(int,int)",java.util.Collections$CopiesList,subList,Collections.java,,NOT_IN_CACHE,False,Not In Cache,N/A,False,
java.util.Collections$CopiesList.toArray(),java.util.Collections$CopiesList,toArray,Collections.java,,NOT_IN_CACHE,False,Not In Cache,N/A,False,
java.util.Collections$CopiesList.toArray(java.lang.Object[]),java.util.Collections$CopiesList,toArray,Collections.java,SideEffectFree,NOT_IN_CACHE,False,Not In Cache,N/A,False,
java.util.Collections$EmptyEnumeration.asIterator(),java.util.Collections$EmptyEnumeration,asIterator,Collections.java,,NOT_IN_CACHE,False,Not In Cache,N/A,False,
java.util.Collections$EmptyEnumeration.hasMoreElements(),java.util.Collections$EmptyEnumeration,hasMoreElements,Collections.java,,NOT_IN_CACHE,False,Not In Cache,N/A,False,
java.util.Collections$EmptyEnumeration.nextElement(),java.util.Collections$EmptyEnumeration,nextElement,Collections.java,,NOT_IN_CACHE,False,Not In Cache,N/A,False,
java.util.Collections$EmptyIterator.forEachRemaining(java.util.function.Consumer),java.util.Collections$EmptyIterator,forEachRemaining,Collections.java,,NOT_IN_CACHE,False,Not In Cache,N/A,False,
java.util.Collections$EmptyIterator.hasNext(),java.util.Collections$EmptyIterator,hasNext,Collections.java,Pure,NOT_IN_CACHE,False,Not In Cache,N/A,False,
java.util.Collections$EmptyIterator.next(),java.util.Collections$EmptyIterator,next,Collections.java,,NOT_IN_CACHE,False,Not In Cache,N/A,False,
java.util.Collections$EmptyIterator.remove(),java.util.Collections$EmptyIterator,remove,Collections.java,,NOT_IN_CACHE,False,Not In Cache,N/A,False,
java.util.Collections$EmptyList.clear(),java.util.Collections$EmptyList,clear,Collections.java,,NOT_IN_CACHE,False,Not In Cache,N/A,False,
java.util.Collections$EmptyList.contains(java.lang.Object),java.util.Collections$EmptyList,contains,Collections.java,Pure,NOT_IN_CACHE,False,Not In Cache,N/A,False,
java.util.Collections$EmptyList.containsAll(java.util.Collection),java.util.Collections$EmptyList,containsAll,Collections.java,Pure,NOT_IN_CACHE,False,Not In Cache,N/A,False,
java.util.Collections$EmptyList.equals(java.lang.Object),java.util.Collections$EmptyList,equals,Collections.java,,NOT_IN_CACHE,False,Not In Cache,N/A,False,
java.util.Collections$EmptyList.forEach(java.util.function.Consumer),java.util.Collections$EmptyList,forEach,Collections.java,,NOT_IN_CACHE,False,Not In Cache,N/A,False,
java.util.Collections$EmptyList.get(int),java.util.Collections$EmptyList,get,Collections.java,,NOT_IN_CACHE,False,Not In Cache,N/A,False,
java.util.Collections$EmptyList.hashCode(),java.util.Collections$EmptyList,hashCode,Collections.java,,NOT_IN_CACHE,False,Not In Cache,N/A,False,
java.util.Collections$EmptyList.isEmpty(),java.util.Collections$EmptyList,isEmpty,Collections.java,Pure,NOT_IN_CACHE,False,Not In Cache,N/A,False,
java.util.Collections$EmptyList.iterator(),java.util.Collections$EmptyList,iterator,Collections.java,SideEffectFree,NOT_IN_CACHE,False,Not In Cache,N/A,False,
java.util.Collections$EmptyList.listIterator(),java.util.Collections$EmptyList,listIterator,Collections.java,,NOT_IN_CACHE,False,Not In Cache,N/A,False,
java.util.Collections$EmptyList.readResolve(),java.util.Collections$EmptyList,readResolve,Collections.java,,NOT_IN_CACHE,False,Not In Cache,N/A,False,
java.util.Collections$EmptyList.removeIf(java.util.function.Predicate),java.util.Collections$EmptyList,removeIf,Collections.java,,NOT_IN_CACHE,False,Not In Cache,N/A,False,
java.util.Collections$EmptyList.replaceAll(java.util.function.UnaryOperator),java.util.Collections$EmptyList,replaceAll,Collections.java,,NOT_IN_CACHE,False,Not In Cache,N/A,False,
java.util.Collections$EmptyList.size(),java.util.Collections$EmptyList,size,Collections.java,Pure,NOT_IN_CACHE,False,Not In Cache,N/A,False,
java.util.Collections$EmptyList.sort(java.util.Comparator),java.util.Collections$EmptyList,sort,Collections.java,,NOT_IN_CACHE,False,Not In Cache,N/A,False,
java.util.Collections$EmptyList.spliterator(),java.util.Collections$EmptyList,spliterator,Collections.java,SideEffectFree,NOT_IN_CACHE,False,Not In Cache,N/A,False,
java.util.Collections$EmptyList.toArray(),java.util.Collections$EmptyList,toArray,Collections.java,SideEffectFree,NOT_IN_CACHE,False,Not In Cache,N/A,False,
java.util.Collections$EmptyList.toArray(java.lang.Object[]),java.util.Collections$EmptyList,toArray,Collections.java,SideEffectFree,NOT_IN_CACHE,False,Not In Cache,N/A,False,
java.util.Collections$EmptyListIterator.add(java.lang.Object),java.util.Collections$EmptyListIterator,add,Collections.java,,NOT_IN_CACHE,False,Not In Cache,N/A,False,
java.util.Collections$EmptyListIterator.hasPrevious(),java.util.Collections$EmptyListIterator,hasPrevious,Collections.java,,NOT_IN_CACHE,False,Not In Cache,N/A,False,
java.util.Collections$EmptyListIterator.nextIndex(),java.util.Collections$EmptyListIterator,nextIndex,Collections.java,,NOT_IN_CACHE,False,Not In Cache,N/A,False,
java.util.Collections$EmptyListIterator.previous(),java.util.Collections$EmptyListIterator,previous,Collections.java,,NOT_IN_CACHE,False,Not In Cache,N/A,False,
java.util.Collections$EmptyListIterator.previousIndex(),java.util.Collections$EmptyListIterator,previousIndex,Collections.java,,NOT_IN_CACHE,False,Not In Cache,N/A,False,
java.util.Collections$EmptyListIterator.set(java.lang.Object),java.util.Collections$EmptyListIterator,set,Collections.java,,NOT_IN_CACHE,False,Not In Cache,N/A,False,
java.util.Collections$EmptyMap.clear(),java.util.Collections$EmptyMap,clear,Collections.java,,NOT_IN_CACHE,False,Not In Cache,N/A,False,
"java.util.Collections$EmptyMap.compute(java.lang.Object,java.util.function.BiFunction)",java.util.Collections$EmptyMap,compute,Collections.java,,NOT_IN_CACHE,False,Not In Cache,N/A,False,
"java.util.Collections$EmptyMap.computeIfAbsent(java.lang.Object,java.util.function.Function)",java.util.Collections$EmptyMap,computeIfAbsent,Collections.java,,NOT_IN_CACHE,False,Not In Cache,N/A,False,
"java.util.Collections$EmptyMap.computeIfPresent(java.lang.Object,java.util.function.BiFunction)",java.util.Collections$EmptyMap,computeIfPresent,Collections.java,,NOT_IN_CACHE,False,Not In Cache,N/A,False,
java.util.Collections$EmptyMap.containsKey(java.lang.Object),java.util.Collections$EmptyMap,containsKey,Collections.java,Pure,NOT_IN_CACHE,False,Not In Cache,N/A,False,
java.util.Collections$EmptyMap.containsValue(java.lang.Object),java.util.Collections$EmptyMap,containsValue,Collections.java,Pure,NOT_IN_CACHE,False,Not In Cache,N/A,False,
java.util.Collections$EmptyMap.entrySet(),java.util.Collections$EmptyMap,entrySet,Collections.java,SideEffectFree,NOT_IN_CACHE,False,Not In Cache,N/A,False,
java.util.Collections$EmptyMap.equals(java.lang.Object),java.util.Collections$EmptyMap,equals,Collections.java,,NOT_IN_CACHE,False,Not In Cache,N/A,False,
java.util.Collections$EmptyMap.forEach(java.util.function.BiConsumer),java.util.Collections$EmptyMap,forEach,Collections.java,,NOT_IN_CACHE,False,Not In Cache,N/A,False,
java.util.Collections$EmptyMap.get(java.lang.Object),java.util.Collections$EmptyMap,get,Collections.java,,NOT_IN_CACHE,False,Not In Cache,N/A,False,
"java.util.Collections$EmptyMap.getOrDefault(java.lang.Object,java.lang.Object)",java.util.Collections$EmptyMap,getOrDefault,Collections.java,Pure,NOT_IN_CACHE,False,Not In Cache,N/A,False,
java.util.Collections$EmptyMap.hashCode(),java.util.Collections$EmptyMap,hashCode,Collections.java,,NOT_IN_CACHE,False,Not In Cache,N/A,False,
java.util.Collections$EmptyMap.isEmpty(),java.util.Collections$EmptyMap,isEmpty,Collections.java,Pure,NOT_IN_CACHE,False,Not In Cache,N/A,False,
java.util.Collections$EmptyMap.keySet(),java.util.Collections$EmptyMap,keySet,Collections.java,,NOT_IN_CACHE,False,Not In Cache,N/A,False,
"java.util.Collections$EmptyMap.merge(java.lang.Object,java.lang.Object,java.util.function.BiFunction)",java.util.Collections$EmptyMap,merge,Collections.java,,NOT_IN_CACHE,False,Not In Cache,N/A,False,
"java.util.Collections$EmptyMap.putIfAbsent(java.lang.Object,java.lang.Object)",java.util.Collections$EmptyMap,putIfAbsent,Collections.java,,NOT_IN_CACHE,False,Not In Cache,N/A,False,
java.util.Collections$EmptyMap.readResolve(),java.util.Collections$EmptyMap,readResolve,Collections.java,,NOT_IN_CACHE,False,Not In Cache,N/A,False,
"java.util.Collections$EmptyMap.remove(java.lang.Object,java.lang.Object)",java.util.Collections$EmptyMap,remove,Collections.java,,NOT_IN_CACHE,False,Not In Cache,N/A,False,
"java.util.Collections$EmptyMap.replace(java.lang.Object,java.lang.Object)",java.util.Collections$EmptyMap,replace,Collections.java,,NOT_IN_CACHE,False,Not In Cache,N/A,False,
"java.util.Collections$EmptyMap.replace(java.lang.Object,java.lang.Object,java.lang.Object)",java.util.Collections$EmptyMap,replace,Collections.java,,NOT_IN_CACHE,False,Not In Cache,N/A,False,
java.util.Collections$EmptyMap.replaceAll(java.util.function.BiFunction),java.util.Collections$EmptyMap,replaceAll,Collections.java,,NOT_IN_CACHE,False,Not In Cache,N/A,False,
java.util.Collections$EmptyMap.size(),java.util.Collections$EmptyMap,size,Collections.java,Pure,NOT_IN_CACHE,False,Not In Cache,N/A,False,
java.util.Collections$EmptyMap.values(),java.util.Collections$EmptyMap,values,Collections.java,,NOT_IN_CACHE,False,Not In Cache,N/A,False,
java.util.Collections$EmptySet.clear(),java.util.Collections$EmptySet,clear,Collections.java,,NOT_IN_CACHE,False,Not In Cache,N/A,False,
java.util.Collections$EmptySet.contains(java.lang.Object),java.util.Collections$EmptySet,contains,Collections.java,Pure,NOT_IN_CACHE,False,Not In Cache,N/A,False,
java.util.Collections$EmptySet.containsAll(java.util.Collection),java.util.Collections$EmptySet,containsAll,Collections.java,Pure,NOT_IN_CACHE,False,Not In Cache,N/A,False,
java.util.Collections$EmptySet.forEach(java.util.function.Consumer),java.util.Collections$EmptySet,forEach,Collections.java,,NOT_IN_CACHE,False,Not In Cache,N/A,False,
java.util.Collections$EmptySet.hashCode(),java.util.Collections$EmptySet,hashCode,Collections.java,,NOT_IN_CACHE,False,Not In Cache,N/A,False,
java.util.Collections$EmptySet.isEmpty(),java.util.Collections$EmptySet,isEmpty,Collections.java,Pure,NOT_IN_CACHE,False,Not In Cache,N/A,False,
java.util.Collections$EmptySet.iterator(),java.util.Collections$EmptySet,iterator,Collections.java,SideEffectFree,NOT_IN_CACHE,False,Not In Cache,N/A,False,
java.util.Collections$EmptySet.readResolve(),java.util.Collections$EmptySet,readResolve,Collections.java,,NOT_IN_CACHE,False,Not In Cache,N/A,False,
java.util.Collections$EmptySet.removeIf(java.util.function.Predicate),java.util.Collections$EmptySet,removeIf,Collections.java,,NOT_IN_CACHE,False,Not In Cache,N/A,False,
java.util.Collections$EmptySet.size(),java.util.Collections$EmptySet,size,Collections.java,Pure,NOT_IN_CACHE,False,Not In Cache,N/A,False,
java.util.Collections$EmptySet.spliterator(),java.util.Collections$EmptySet,spliterator,Collections.java,SideEffectFree,NOT_IN_CACHE,False,Not In Cache,N/A,False,
java.util.Collections$EmptySet.toArray(),java.util.Collections$EmptySet,toArray,Collections.java,SideEffectFree,NOT_IN_CACHE,False,Not In Cache,N/A,False,
java.util.Collections$EmptySet.toArray(java.lang.Object[]),java.util.Collections$EmptySet,toArray,Collections.java,SideEffectFree,NOT_IN_CACHE,False,Not In Cache,N/A,False,
java.util.Collections$ReverseComparator.ReverseComparator(),java.util.Collections$ReverseComparator,ReverseComparator,Collections.java,,NOT_IN_CACHE,False,Not In Cache,N/A,False,
"java.util.Collections$ReverseComparator.compare(java.lang.Comparable,java.lang.Comparable)",java.util.Collections$ReverseComparator,compare,Collections.java,,NOT_IN_CACHE,False,Not In Cache,N/A,False,
java.util.Collections$ReverseComparator.readResolve(),java.util.Collections$ReverseComparator,readResolve,Collections.java,,NOT_IN_CACHE,False,Not In Cache,N/A,False,
java.util.Collections$ReverseComparator.reversed(),java.util.Collections$ReverseComparator,reversed,Collections.java,,NOT_IN_CACHE,False,Not In Cache,N/A,False,
java.util.Collections$ReverseComparator2.<init>(java.util.Comparator),java.util.Collections$ReverseComparator2,<init>,Collections.java,,NOT_IN_CACHE,False,Not In Cache,N/A,False,
"java.util.Collections$ReverseComparator2.compare(java.lang.Object,java.lang.Object)",java.util.Collections$ReverseComparator2,compare,Collections.java,,NOT_IN_CACHE,False,Not In Cache,N/A,False,
java.util.Collections$ReverseComparator2.equals(java.lang.Object),java.util.Collections$ReverseComparator2,equals,Collections.java,,NOT_IN_CACHE,False,Not In Cache,N/A,False,
java.util.Collections$ReverseComparator2.hashCode(),java.util.Collections$ReverseComparator2,hashCode,Collections.java,,NOT_IN_CACHE,False,Not In Cache,N/A,False,
java.util.Collections$ReverseComparator2.reversed(),java.util.Collections$ReverseComparator2,reversed,Collections.java,,NOT_IN_CACHE,False,Not In Cache,N/A,False,
java.util.Collections$SequencedSetFromMap.<init>(java.util.SequencedMap),java.util.Collections$SequencedSetFromMap,<init>,Collections.java,,NOT_IN_CACHE,False,Not In Cache,N/A,False,
java.util.Collections$SequencedSetFromMap.addFirst(java.lang.Object),java.util.Collections$SequencedSetFromMap,addFirst,Collections.java,,NOT_IN_CACHE,False,Not In Cache,N/A,False,
java.util.Collections$SequencedSetFromMap.addLast(java.lang.Object),java.util.Collections$SequencedSetFromMap,addLast,Collections.java,,NOT_IN_CACHE,False,Not In Cache,N/A,False,
java.util.Collections$SequencedSetFromMap.getFirst(),java.util.Collections$SequencedSetFromMap,getFirst,Collections.java,,NOT_IN_CACHE,False,Not In Cache,N/A,False,
java.util.Collections$SequencedSetFromMap.getLast(),java.util.Collections$SequencedSetFromMap,getLast,Collections.java,,NOT_IN_CACHE,False,Not In Cache,N/A,False,
java.util.Collections$SequencedSetFromMap.map(),java.util.Collections$SequencedSetFromMap,map,Collections.java,,NOT_IN_CACHE,False,Not In Cache,N/A,False,
java.util.Collections$SequencedSetFromMap.nsee(java.util.Map$Entry),java.util.Collections$SequencedSetFromMap,nsee,Collections.java,,NOT_IN_CACHE,False,Not In Cache,N/A,False,
java.util.Collections$SequencedSetFromMap.removeFirst(),java.util.Collections$SequencedSetFromMap,removeFirst,Collections.java,,NOT_IN_CACHE,False,Not In Cache,N/A,False,
java.util.Collections$SequencedSetFromMap.removeLast(),java.util.Collections$SequencedSetFromMap,removeLast,Collections.java,,NOT_IN_CACHE,False,Not In Cache,N/A,False,
java.util.Collections$SequencedSetFromMap.reversed(),java.util.Collections$SequencedSetFromMap,reversed,Collections.java,,NOT_IN_CACHE,False,Not In Cache,N/A,False,
java.util.Collections$SetFromMap.<init>(java.util.Map),java.util.Collections$SetFromMap,<init>,Collections.java,,NOT_IN_CACHE,False,Not In Cache,N/A,False,
java.util.Collections$SetFromMap.add(java.lang.Object),java.util.Collections$SetFromMap,add,Collections.java,,NOT_IN_CACHE,False,Not In Cache,N/A,False,
java.util.Collections$SetFromMap.clear(),java.util.Collections$SetFromMap,clear,Collections.java,,NOT_IN_CACHE,False,Not In Cache,N/A,False,
java.util.Collections$SetFromMap.contains(java.lang.Object),java.util.Collections$SetFromMap,contains,Collections.java,Pure,NOT_IN_CACHE,False,Not In Cache,N/A,False,
java.util.Collections$SetFromMap.containsAll(java.util.Collection),java.util.Collections$SetFromMap,containsAll,Collections.java,Pure,NOT_IN_CACHE,False,Not In Cache,N/A,False,
java.util.Collections$SetFromMap.equals(java.lang.Object),java.util.Collections$SetFromMap,equals,Collections.java,,NOT_IN_CACHE,False,Not In Cache,N/A,False,
java.util.Collections$SetFromMap.forEach(java.util.function.Consumer),java.util.Collections$SetFromMap,forEach,Collections.java,,NOT_IN_CACHE,False,Not In Cache,N/A,False,
java.util.Collections$SetFromMap.hashCode(),java.util.Collections$SetFromMap,hashCode,Collections.java,,NOT_IN_CACHE,False,Not In Cache,N/A,False,
java.util.Collections$SetFromMap.isEmpty(),java.util.Collections$SetFromMap,isEmpty,Collections.java,Pure,NOT_IN_CACHE,False,Not In Cache,N/A,False,
java.util.Collections$SetFromMap.iterator(),java.util.Collections$SetFromMap,iterator,Collections.java,SideEffectFree,NOT_IN_CACHE,False,Not In Cache,N/A,False,
java.util.Collections$SetFromMap.parallelStream(),java.util.Collections$SetFromMap,parallelStream,Collections.java,,NOT_IN_CACHE,False,Not In Cache,N/A,False,
java.util.Collections$SetFromMap.readObject(java.util.java$io$ObjectInputStream),java.util.Collections$SetFromMap,readObject,Collections.java,,NOT_IN_CACHE,False,Not In Cache,N/A,False,
java.util.Collections$SetFromMap.readObjectNoData(),java.util.Collections$SetFromMap,readObjectNoData,Collections.java,,NOT_IN_CACHE,False,Not In Cache,N/A,False,
java.util.Collections$SetFromMap.remove(java.lang.Object),java.util.Collections$SetFromMap,remove,Collections.java,,NOT_IN_CACHE,False,Not In Cache,N/A,False,
java.util.Collections$SetFromMap.removeAll(java.util.Collection),java.util.Collections$SetFromMap,removeAll,Collections.java,,NOT_IN_CACHE,False,Not In Cache,N/A,False,
java.util.Collections$SetFromMap.removeIf(java.util.function.Predicate),java.util.Collections$SetFromMap,removeIf,Collections.java,,NOT_IN_CACHE,False,Not In Cache,N/A,False,
java.util.Collections$SetFromMap.retainAll(java.util.Collection),java.util.Collections$SetFromMap,retainAll,Collections.java,,NOT_IN_CACHE,False,Not In Cache,N/A,False,
java.util.Collections$SetFromMap.size(),java.util.Collections$SetFromMap,size,Collections.java,Pure,NOT_IN_CACHE,False,Not In Cache,N/A,False,
java.util.Collections$SetFromMap.spliterator(),java.util.Collections$SetFromMap,spliterator,Collections.java,SideEffectFree,NOT_IN_CACHE,False,Not In Cache,N/A,False,
java.util.Collections$SetFromMap.stream(),java.util.Collections$SetFromMap,stream,Collections.java,,NOT_IN_CACHE,False,Not In Cache,N/A,False,
java.util.Collections$SetFromMap.toArray(),java.util.Collections$SetFromMap,toArray,Collections.java,SideEffectFree,NOT_IN_CACHE,False,Not In Cache,N/A,False,
java.util.Collections$SetFromMap.toArray(java.lang.Object[]),java.util.Collections$SetFromMap,toArray,Collections.java,SideEffectFree,NOT_IN_CACHE,False,Not In Cache,N/A,False,
java.util.Collections$SetFromMap.toString(),java.util.Collections$SetFromMap,toString,Collections.java,,NOT_IN_CACHE,False,Not In Cache,N/A,False,
java.util.Collections$SingletonList.<init>(java.lang.Object),java.util.Collections$SingletonList,<init>,Collections.java,,NOT_IN_CACHE,False,Not In Cache,N/A,False,
java.util.Collections$SingletonList.contains(java.lang.Object),java.util.Collections$SingletonList,contains,Collections.java,Pure,NOT_IN_CACHE,False,Not In Cache,N/A,False,
java.util.Collections$SingletonList.forEach(java.util.function.Consumer),java.util.Collections$SingletonList,forEach,Collections.java,,NOT_IN_CACHE,False,Not In Cache,N/A,False,
java.util.Collections$SingletonList.get(int),java.util.Collections$SingletonList,get,Collections.java,,NOT_IN_CACHE,False,Not In Cache,N/A,False,
java.util.Collections$SingletonList.hashCode(),java.util.Collections$SingletonList,hashCode,Collections.java,,NOT_IN_CACHE,False,Not In Cache,N/A,False,
java.util.Collections$SingletonList.iterator(),java.util.Collections$SingletonList,iterator,Collections.java,SideEffectFree,NOT_IN_CACHE,False,Not In Cache,N/A,False,
java.util.Collections$SingletonList.removeIf(java.util.function.Predicate),java.util.Collections$SingletonList,removeIf,Collections.java,,NOT_IN_CACHE,False,Not In Cache,N/A,False,
java.util.Collections$SingletonList.replaceAll(java.util.function.UnaryOperator),java.util.Collections$SingletonList,replaceAll,Collections.java,,NOT_IN_CACHE,False,Not In Cache,N/A,False,
java.util.Collections$SingletonList.size(),java.util.Collections$SingletonList,size,Collections.java,Pure,NOT_IN_CACHE,False,Not In Cache,N/A,False,
java.util.Collections$SingletonList.sort(java.util.Comparator),java.util.Collections$SingletonList,sort,Collections.java,,NOT_IN_CACHE,False,Not In Cache,N/A,False,
java.util.Collections$SingletonList.spliterator(),java.util.Collections$SingletonList,spliterator,Collections.java,SideEffectFree,NOT_IN_CACHE,False,Not In Cache,N/A,False,
"java.util.Collections$SingletonMap.<init>(java.lang.Object,java.lang.Object)",java.util.Collections$SingletonMap,<init>,Collections.java,,NOT_IN_CACHE,False,Not In Cache,N/A,False,
"java.util.Collections$SingletonMap.compute(java.lang.Object,java.util.function.BiFunction)",java.util.Collections$SingletonMap,compute,Collections.java,,NOT_IN_CACHE,False,Not In Cache,N/A,False,
"java.util.Collections$SingletonMap.computeIfAbsent(java.lang.Object,java.util.function.Function)",java.util.Collections$SingletonMap,computeIfAbsent,Collections.java,,NOT_IN_CACHE,False,Not In Cache,N/A,False,
"java.util.Collections$SingletonMap.computeIfPresent(java.lang.Object,java.util.function.BiFunction)",java.util.Collections$SingletonMap,computeIfPresent,Collections.java,,NOT_IN_CACHE,False,Not In Cache,N/A,False,
java.util.Collections$SingletonMap.containsKey(java.lang.Object),java.util.Collections$SingletonMap,containsKey,Collections.java,Pure,NOT_IN_CACHE,False,Not In Cache,N/A,False,
java.util.Collections$SingletonMap.containsValue(java.lang.Object),java.util.Collections$SingletonMap,containsValue,Collections.java,Pure,NOT_IN_CACHE,False,Not In Cache,N/A,False,
java.util.Collections$SingletonMap.entrySet(),java.util.Collections$SingletonMap,entrySet,Collections.java,SideEffectFree,NOT_IN_CACHE,False,Not In Cache,N/A,False,
java.util.Collections$SingletonMap.forEach(java.util.function.BiConsumer),java.util.Collections$SingletonMap,forEach,Collections.java,,NOT_IN_CACHE,False,Not In Cache,N/A,False,
java.util.Collections$SingletonMap.get(java.lang.Object),java.util.Collections$SingletonMap,get,Collections.java,,NOT_IN_CACHE,False,Not In Cache,N/A,False,
"java.util.Collections$SingletonMap.getOrDefault(java.lang.Object,java.lang.Object)",java.util.Collections$SingletonMap,getOrDefault,Collections.java,Pure,NOT_IN_CACHE,False,Not In Cache,N/A,False,
java.util.Collections$SingletonMap.hashCode(),java.util.Collections$SingletonMap,hashCode,Collections.java,,NOT_IN_CACHE,False,Not In Cache,N/A,False,
java.util.Collections$SingletonMap.isEmpty(),java.util.Collections$SingletonMap,isEmpty,Collections.java,Pure,NOT_IN_CACHE,False,Not In Cache,N/A,False,
java.util.Collections$SingletonMap.keySet(),java.util.Collections$SingletonMap,keySet,Collections.java,,NOT_IN_CACHE,False,Not In Cache,N/A,False,
"java.util.Collections$SingletonMap.merge(java.lang.Object,java.lang.Object,java.util.function.BiFunction)",java.util.Collections$SingletonMap,merge,Collections.java,,NOT_IN_CACHE,False,Not In Cache,N/A,False,
"java.util.Collections$SingletonMap.putIfAbsent(java.lang.Object,java.lang.Object)",java.util.Collections$SingletonMap,putIfAbsent,Collections.java,,NOT_IN_CACHE,False,Not In Cache,N/A,False,
"java.util.Collections$SingletonMap.remove(java.lang.Object,java.lang.Object)",java.util.Collections$SingletonMap,remove,Collections.java,,NOT_IN_CACHE,False,Not In Cache,N/A,False,
"java.util.Collections$SingletonMap.replace(java.lang.Object,java.lang.Object)",java.util.Collections$SingletonMap,replace,Collections.java,,NOT_IN_CACHE,False,Not In Cache,N/A,False,
"java.util.Collections$SingletonMap.replace(java.lang.Object,java.lang.Object,java.lang.Object)",java.util.Collections$SingletonMap,replace,Collections.java,,NOT_IN_CACHE,False,Not In Cache,N/A,False,
java.util.Collections$SingletonMap.replaceAll(java.util.function.BiFunction),java.util.Collections$SingletonMap,replaceAll,Collections.java,,NOT_IN_CACHE,False,Not In Cache,N/A,False,
java.util.Collections$SingletonMap.size(),java.util.Collections$SingletonMap,size,Collections.java,Pure,NOT_IN_CACHE,False,Not In Cache,N/A,False,
java.util.Collections$SingletonMap.values(),java.util.Collections$SingletonMap,values,Collections.java,,NOT_IN_CACHE,False,Not In Cache,N/A,False,
java.util.Collections$SingletonSet.<init>(java.lang.Object),java.util.Collections$SingletonSet,<init>,Collections.java,,NOT_IN_CACHE,False,Not In Cache,N/A,False,
java.util.Collections$SingletonSet.contains(java.lang.Object),java.util.Collections$SingletonSet,contains,Collections.java,Pure,NOT_IN_CACHE,False,Not In Cache,N/A,False,
java.util.Collections$SingletonSet.forEach(java.util.function.Consumer),java.util.Collections$SingletonSet,forEach,Collections.java,,NOT_IN_CACHE,False,Not In Cache,N/A,False,
java.util.Collections$SingletonSet.hashCode(),java.util.Collections$SingletonSet,hashCode,Collections.java,,NOT_IN_CACHE,False,Not In Cache,N/A,False,
java.util.Collections$SingletonSet.iterator(),java.util.Collections$SingletonSet,iterator,Collections.java,SideEffectFree,NOT_IN_CACHE,False,Not In Cache,N/A,False,
java.util.Collections$SingletonSet.removeIf(java.util.function.Predicate),java.util.Collections$SingletonSet,removeIf,Collections.java,,NOT_IN_CACHE,False,Not In Cache,N/A,False,
java.util.Collections$SingletonSet.size(),java.util.Collections$SingletonSet,size,Collections.java,Pure,NOT_IN_CACHE,False,Not In Cache,N/A,False,
java.util.Collections$SingletonSet.spliterator(),java.util.Collections$SingletonSet,spliterator,Collections.java,SideEffectFree,NOT_IN_CACHE,False,Not In Cache,N/A,False,
java.util.Collections$SynchronizedCollection.<init>(java.util.Collection),java.util.Collections$SynchronizedCollection,<init>,Collections.java,,NOT_IN_CACHE,False,Not In Cache,N/A,False,
"java.util.Collections$SynchronizedCollection.<init>(java.util.Collection,java.lang.Object)",java.util.Collections$SynchronizedCollection,<init>,Collections.java,,NOT_IN_CACHE,False,Not In Cache,N/A,False,
java.util.Collections$SynchronizedCollection.add(java.lang.Object),java.util.Collections$SynchronizedCollection,add,Collections.java,,NOT_IN_CACHE,False,Not In Cache,N/A,False,
java.util.Collections$SynchronizedCollection.addAll(java.util.Collection),java.util.Collections$SynchronizedCollection,addAll,Collections.java,,NOT_IN_CACHE,False,Not In Cache,N/A,False,
java.util.Collections$SynchronizedCollection.clear(),java.util.Collections$SynchronizedCollection,clear,Collections.java,,NOT_IN_CACHE,False,Not In Cache,N/A,False,
java.util.Collections$SynchronizedCollection.contains(java.lang.Object),java.util.Collections$SynchronizedCollection,contains,Collections.java,Pure,NOT_IN_CACHE,False,Not In Cache,N/A,False,
java.util.Collections$SynchronizedCollection.containsAll(java.util.Collection),java.util.Collections$SynchronizedCollection,containsAll,Collections.java,Pure,NOT_IN_CACHE,False,Not In Cache,N/A,False,
java.util.Collections$SynchronizedCollection.forEach(java.util.function.Consumer),java.util.Collections$SynchronizedCollection,forEach,Collections.java,,NOT_IN_CACHE,False,Not In Cache,N/A,False,
java.util.Collections$SynchronizedCollection.isEmpty(),java.util.Collections$SynchronizedCollection,isEmpty,Collections.java,Pure,NOT_IN_CACHE,False,Not In Cache,N/A,False,
java.util.Collections$SynchronizedCollection.iterator(),java.util.Collections$SynchronizedCollection,iterator,Collections.java,SideEffectFree,NOT_IN_CACHE,False,Not In Cache,N/A,False,
java.util.Collections$SynchronizedCollection.parallelStream(),java.util.Collections$SynchronizedCollection,parallelStream,Collections.java,,NOT_IN_CACHE,False,Not In Cache,N/A,False,
java.util.Collections$SynchronizedCollection.remove(java.lang.Object),java.util.Collections$SynchronizedCollection,remove,Collections.java,,NOT_IN_CACHE,False,Not In Cache,N/A,False,
java.util.Collections$SynchronizedCollection.removeAll(java.util.Collection),java.util.Collections$SynchronizedCollection,removeAll,Collections.java,,NOT_IN_CACHE,False,Not In Cache,N/A,False,
java.util.Collections$SynchronizedCollection.removeIf(java.util.function.Predicate),java.util.Collections$SynchronizedCollection,removeIf,Collections.java,,NOT_IN_CACHE,False,Not In Cache,N/A,False,
java.util.Collections$SynchronizedCollection.retainAll(java.util.Collection),java.util.Collections$SynchronizedCollection,retainAll,Collections.java,,NOT_IN_CACHE,False,Not In Cache,N/A,False,
java.util.Collections$SynchronizedCollection.size(),java.util.Collections$SynchronizedCollection,size,Collections.java,Pure,NOT_IN_CACHE,False,Not In Cache,N/A,False,
java.util.Collections$SynchronizedCollection.spliterator(),java.util.Collections$SynchronizedCollection,spliterator,Collections.java,SideEffectFree,NOT_IN_CACHE,False,Not In Cache,N/A,False,
java.util.Collections$SynchronizedCollection.stream(),java.util.Collections$SynchronizedCollection,stream,Collections.java,,NOT_IN_CACHE,False,Not In Cache,N/A,False,
java.util.Collections$SynchronizedCollection.toArray(),java.util.Collections$SynchronizedCollection,toArray,Collections.java,SideEffectFree,NOT_IN_CACHE,False,Not In Cache,N/A,False,
java.util.Collections$SynchronizedCollection.toArray(java.lang.Object[]),java.util.Collections$SynchronizedCollection,toArray,Collections.java,SideEffectFree,NOT_IN_CACHE,False,Not In Cache,N/A,False,
java.util.Collections$SynchronizedCollection.toArray(java.util.function.IntFunction),java.util.Collections$SynchronizedCollection,toArray,Collections.java,,NOT_IN_CACHE,False,Not In Cache,N/A,False,
java.util.Collections$SynchronizedCollection.toString(),java.util.Collections$SynchronizedCollection,toString,Collections.java,,NOT_IN_CACHE,False,Not In Cache,N/A,False,
java.util.Collections$SynchronizedCollection.writeObject(java.io.ObjectOutputStream),java.util.Collections$SynchronizedCollection,writeObject,Collections.java,,NOT_IN_CACHE,False,Not In Cache,N/A,False,
java.util.Collections$SynchronizedList.<init>(java.util.List),java.util.Collections$SynchronizedList,<init>,Collections.java,,NOT_IN_CACHE,False,Not In Cache,N/A,False,
"java.util.Collections$SynchronizedList.<init>(java.util.List,java.lang.Object)",java.util.Collections$SynchronizedList,<init>,Collections.java,,NOT_IN_CACHE,False,Not In Cache,N/A,False,
"java.util.Collections$SynchronizedList.add(int,java.lang.Object)",java.util.Collections$SynchronizedList,add,Collections.java,,NOT_IN_CACHE,False,Not In Cache,N/A,False,
"java.util.Collections$SynchronizedList.addAll(int,java.util.Collection)",java.util.Collections$SynchronizedList,addAll,Collections.java,,NOT_IN_CACHE,False,Not In Cache,N/A,False,
java.util.Collections$SynchronizedList.equals(java.lang.Object),java.util.Collections$SynchronizedList,equals,Collections.java,,NOT_IN_CACHE,False,Not In Cache,N/A,False,
java.util.Collections$SynchronizedList.get(int),java.util.Collections$SynchronizedList,get,Collections.java,,NOT_IN_CACHE,False,Not In Cache,N/A,False,
java.util.Collections$SynchronizedList.hashCode(),java.util.Collections$SynchronizedList,hashCode,Collections.java,,NOT_IN_CACHE,False,Not In Cache,N/A,False,
java.util.Collections$SynchronizedList.indexOf(java.lang.Object),java.util.Collections$SynchronizedList,indexOf,Collections.java,,NOT_IN_CACHE,False,Not In Cache,N/A,False,
java.util.Collections$SynchronizedList.lastIndexOf(java.lang.Object),java.util.Collections$SynchronizedList,lastIndexOf,Collections.java,,NOT_IN_CACHE,False,Not In Cache,N/A,False,
java.util.Collections$SynchronizedList.listIterator(),java.util.Collections$SynchronizedList,listIterator,Collections.java,,NOT_IN_CACHE,False,Not In Cache,N/A,False,
java.util.Collections$SynchronizedList.listIterator(int),java.util.Collections$SynchronizedList,listIterator,Collections.java,,NOT_IN_CACHE,False,Not In Cache,N/A,False,
java.util.Collections$SynchronizedList.readResolve(),java.util.Collections$SynchronizedList,readResolve,Collections.java,,NOT_IN_CACHE,False,Not In Cache,N/A,False,
java.util.Collections$SynchronizedList.remove(int),java.util.Collections$SynchronizedList,remove,Collections.java,,NOT_IN_CACHE,False,Not In Cache,N/A,False,
java.util.Collections$SynchronizedList.replaceAll(java.util.function.UnaryOperator),java.util.Collections$SynchronizedList,replaceAll,Collections.java,,NOT_IN_CACHE,False,Not In Cache,N/A,False,
"java.util.Collections$SynchronizedList.set(int,java.lang.Object)",java.util.Collections$SynchronizedList,set,Collections.java,,NOT_IN_CACHE,False,Not In Cache,N/A,False,
java.util.Collections$SynchronizedList.sort(java.util.Comparator),java.util.Collections$SynchronizedList,sort,Collections.java,,NOT_IN_CACHE,False,Not In Cache,N/A,False,
"java.util.Collections$SynchronizedList.subList(int,int)",java.util.Collections$SynchronizedList,subList,Collections.java,,NOT_IN_CACHE,False,Not In Cache,N/A,False,
java.util.Collections$SynchronizedMap.<init>(java.util.Map),java.util.Collections$SynchronizedMap,<init>,Collections.java,,NOT_IN_CACHE,False,Not In Cache,N/A,False,
"java.util.Collections$SynchronizedMap.<init>(java.util.Map,java.lang.Object)",java.util.Collections$SynchronizedMap,<init>,Collections.java,,NOT_IN_CACHE,False,Not In Cache,N/A,False,
java.util.Collections$SynchronizedMap.clear(),java.util.Collections$SynchronizedMap,clear,Collections.java,,NOT_IN_CACHE,False,Not In Cache,N/A,False,
"java.util.Collections$SynchronizedMap.compute(java.lang.Object,java.util.function.BiFunction)",java.util.Collections$SynchronizedMap,compute,Collections.java,,NOT_IN_CACHE,False,Not In Cache,N/A,False,
"java.util.Collections$SynchronizedMap.computeIfAbsent(java.lang.Object,java.util.function.Function)",java.util.Collections$SynchronizedMap,computeIfAbsent,Collections.java,,NOT_IN_CACHE,False,Not In Cache,N/A,False,
"java.util.Collections$SynchronizedMap.computeIfPresent(java.lang.Object,java.util.function.BiFunction)",java.util.Collections$SynchronizedMap,computeIfPresent,Collections.java,,NOT_IN_CACHE,False,Not In Cache,N/A,False,
java.util.Collections$SynchronizedMap.containsKey(java.lang.Object),java.util.Collections$SynchronizedMap,containsKey,Collections.java,Pure,NOT_IN_CACHE,False,Not In Cache,N/A,False,
java.util.Collections$SynchronizedMap.containsValue(java.lang.Object),java.util.Collections$SynchronizedMap,containsValue,Collections.java,Pure,NOT_IN_CACHE,False,Not In Cache,N/A,False,
java.util.Collections$SynchronizedMap.entrySet(),java.util.Collections$SynchronizedMap,entrySet,Collections.java,SideEffectFree,NOT_IN_CACHE,False,Not In Cache,N/A,False,
java.util.Collections$SynchronizedMap.equals(java.lang.Object),java.util.Collections$SynchronizedMap,equals,Collections.java,,NOT_IN_CACHE,False,Not In Cache,N/A,False,
java.util.Collections$SynchronizedMap.forEach(java.util.function.BiConsumer),java.util.Collections$SynchronizedMap,forEach,Collections.java,,NOT_IN_CACHE,False,Not In Cache,N/A,False,
java.util.Collections$SynchronizedMap.get(java.lang.Object),java.util.Collections$SynchronizedMap,get,Collections.java,,NOT_IN_CACHE,False,Not In Cache,N/A,False,
"java.util.Collections$SynchronizedMap.getOrDefault(java.lang.Object,java.lang.Object)",java.util.Collections$SynchronizedMap,getOrDefault,Collections.java,Pure,NOT_IN_CACHE,False,Not In Cache,N/A,False,
java.util.Collections$SynchronizedMap.hashCode(),java.util.Collections$SynchronizedMap,hashCode,Collections.java,,NOT_IN_CACHE,False,Not In Cache,N/A,False,
java.util.Collections$SynchronizedMap.isEmpty(),java.util.Collections$SynchronizedMap,isEmpty,Collections.java,Pure,NOT_IN_CACHE,False,Not In Cache,N/A,False,
java.util.Collections$SynchronizedMap.keySet(),java.util.Collections$SynchronizedMap,keySet,Collections.java,,NOT_IN_CACHE,False,Not In Cache,N/A,False,
"java.util.Collections$SynchronizedMap.merge(java.lang.Object,java.lang.Object,java.util.function.BiFunction)",java.util.Collections$SynchronizedMap,merge,Collections.java,,NOT_IN_CACHE,False,Not In Cache,N/A,False,
"java.util.Collections$SynchronizedMap.put(java.lang.Object,java.lang.Object)",java.util.Collections$SynchronizedMap,put,Collections.java,,NOT_IN_CACHE,False,Not In Cache,N/A,False,
java.util.Collections$SynchronizedMap.putAll(java.util.Map),java.util.Collections$SynchronizedMap,putAll,Collections.java,,NOT_IN_CACHE,False,Not In Cache,N/A,False,
"java.util.Collections$SynchronizedMap.putIfAbsent(java.lang.Object,java.lang.Object)",java.util.Collections$SynchronizedMap,putIfAbsent,Collections.java,,NOT_IN_CACHE,False,Not In Cache,N/A,False,
java.util.Collections$SynchronizedMap.remove(java.lang.Object),java.util.Collections$SynchronizedMap,remove,Collections.java,,NOT_IN_CACHE,False,Not In Cache,N/A,False,
"java.util.Collections$SynchronizedMap.remove(java.lang.Object,java.lang.Object)",java.util.Collections$SynchronizedMap,remove,Collections.java,,NOT_IN_CACHE,False,Not In Cache,N/A,False,
"java.util.Collections$SynchronizedMap.replace(java.lang.Object,java.lang.Object)",java.util.Collections$SynchronizedMap,replace,Collections.java,,NOT_IN_CACHE,False,Not In Cache,N/A,False,
"java.util.Collections$SynchronizedMap.replace(java.lang.Object,java.lang.Object,java.lang.Object)",java.util.Collections$SynchronizedMap,replace,Collections.java,,NOT_IN_CACHE,False,Not In Cache,N/A,False,
java.util.Collections$SynchronizedMap.replaceAll(java.util.function.BiFunction),java.util.Collections$SynchronizedMap,replaceAll,Collections.java,,NOT_IN_CACHE,False,Not In Cache,N/A,False,
java.util.Collections$SynchronizedMap.size(),java.util.Collections$SynchronizedMap,size,Collections.java,Pure,NOT_IN_CACHE,False,Not In Cache,N/A,False,
java.util.Collections$SynchronizedMap.toString(),java.util.Collections$SynchronizedMap,toString,Collections.java,,NOT_IN_CACHE,False,Not In Cache,N/A,False,
java.util.Collections$SynchronizedMap.values(),java.util.Collections$SynchronizedMap,values,Collections.java,,NOT_IN_CACHE,False,Not In Cache,N/A,False,
java.util.Collections$SynchronizedMap.writeObject(java.io.ObjectOutputStream),java.util.Collections$SynchronizedMap,writeObject,Collections.java,,NOT_IN_CACHE,False,Not In Cache,N/A,False,
java.util.Collections$SynchronizedNavigableMap.<init>(java.util.NavigableMap),java.util.Collections$SynchronizedNavigableMap,<init>,Collections.java,,NOT_IN_CACHE,False,Not In Cache,N/A,False,
"java.util.Collections$SynchronizedNavigableMap.<init>(java.util.NavigableMap,java.lang.Object)",java.util.Collections$SynchronizedNavigableMap,<init>,Collections.java,,NOT_IN_CACHE,False,Not In Cache,N/A,False,
java.util.Collections$SynchronizedNavigableMap.ceilingEntry(java.lang.Object),java.util.Collections$SynchronizedNavigableMap,ceilingEntry,Collections.java,,NOT_IN_CACHE,False,Not In Cache,N/A,False,
java.util.Collections$SynchronizedNavigableMap.ceilingKey(java.lang.Object),java.util.Collections$SynchronizedNavigableMap,ceilingKey,Collections.java,,NOT_IN_CACHE,False,Not In Cache,N/A,False,
java.util.Collections$SynchronizedNavigableMap.descendingKeySet(),java.util.Collections$SynchronizedNavigableMap,descendingKeySet,Collections.java,SideEffectFree,NOT_IN_CACHE,False,Not In Cache,N/A,False,
java.util.Collections$SynchronizedNavigableMap.descendingMap(),java.util.Collections$SynchronizedNavigableMap,descendingMap,Collections.java,SideEffectFree,NOT_IN_CACHE,False,Not In Cache,N/A,False,
java.util.Collections$SynchronizedNavigableMap.firstEntry(),java.util.Collections$SynchronizedNavigableMap,firstEntry,Collections.java,,NOT_IN_CACHE,False,Not In Cache,N/A,False,
java.util.Collections$SynchronizedNavigableMap.floorEntry(java.lang.Object),java.util.Collections$SynchronizedNavigableMap,floorEntry,Collections.java,,NOT_IN_CACHE,False,Not In Cache,N/A,False,
java.util.Collections$SynchronizedNavigableMap.floorKey(java.lang.Object),java.util.Collections$SynchronizedNavigableMap,floorKey,Collections.java,,NOT_IN_CACHE,False,Not In Cache,N/A,False,
java.util.Collections$SynchronizedNavigableMap.headMap(java.lang.Object),java.util.Collections$SynchronizedNavigableMap,headMap,Collections.java,SideEffectFree,NOT_IN_CACHE,False,Not In Cache,N/A,False,
"java.util.Collections$SynchronizedNavigableMap.headMap(java.lang.Object,boolean)",java.util.Collections$SynchronizedNavigableMap,headMap,Collections.java,SideEffectFree,NOT_IN_CACHE,False,Not In Cache,N/A,False,
java.util.Collections$SynchronizedNavigableMap.higherEntry(java.lang.Object),java.util.Collections$SynchronizedNavigableMap,higherEntry,Collections.java,,NOT_IN_CACHE,False,Not In Cache,N/A,False,
java.util.Collections$SynchronizedNavigableMap.higherKey(java.lang.Object),java.util.Collections$SynchronizedNavigableMap,higherKey,Collections.java,,NOT_IN_CACHE,False,Not In Cache,N/A,False,
java.util.Collections$SynchronizedNavigableMap.keySet(),java.util.Collections$SynchronizedNavigableMap,keySet,Collections.java,,NOT_IN_CACHE,False,Not In Cache,N/A,False,
java.util.Collections$SynchronizedNavigableMap.lastEntry(),java.util.Collections$SynchronizedNavigableMap,lastEntry,Collections.java,,NOT_IN_CACHE,False,Not In Cache,N/A,False,
java.util.Collections$SynchronizedNavigableMap.lowerEntry(java.lang.Object),java.util.Collections$SynchronizedNavigableMap,lowerEntry,Collections.java,,NOT_IN_CACHE,False,Not In Cache,N/A,False,
java.util.Collections$SynchronizedNavigableMap.lowerKey(java.lang.Object),java.util.Collections$SynchronizedNavigableMap,lowerKey,Collections.java,,NOT_IN_CACHE,False,Not In Cache,N/A,False,
java.util.Collections$SynchronizedNavigableMap.navigableKeySet(),java.util.Collections$SynchronizedNavigableMap,navigableKeySet,Collections.java,SideEffectFree,NOT_IN_CACHE,False,Not In Cache,N/A,False,
java.util.Collections$SynchronizedNavigableMap.pollFirstEntry(),java.util.Collections$SynchronizedNavigableMap,pollFirstEntry,Collections.java,,NOT_IN_CACHE,False,Not In Cache,N/A,False,
java.util.Collections$SynchronizedNavigableMap.pollLastEntry(),java.util.Collections$SynchronizedNavigableMap,pollLastEntry,Collections.java,,NOT_IN_CACHE,False,Not In Cache,N/A,False,
"java.util.Collections$SynchronizedNavigableMap.subMap(java.lang.Object,boolean,java.lang.Object,boolean)",java.util.Collections$SynchronizedNavigableMap,subMap,Collections.java,SideEffectFree,NOT_IN_CACHE,False,Not In Cache,N/A,False,
"java.util.Collections$SynchronizedNavigableMap.subMap(java.lang.Object,java.lang.Object)",java.util.Collections$SynchronizedNavigableMap,subMap,Collections.java,SideEffectFree,NOT_IN_CACHE,False,Not In Cache,N/A,False,
java.util.Collections$SynchronizedNavigableMap.tailMap(java.lang.Object),java.util.Collections$SynchronizedNavigableMap,tailMap,Collections.java,SideEffectFree,NOT_IN_CACHE,False,Not In Cache,N/A,False,
"java.util.Collections$SynchronizedNavigableMap.tailMap(java.lang.Object,boolean)",java.util.Collections$SynchronizedNavigableMap,tailMap,Collections.java,SideEffectFree,NOT_IN_CACHE,False,Not In Cache,N/A,False,
java.util.Collections$SynchronizedNavigableSet.<init>(java.util.NavigableSet),java.util.Collections$SynchronizedNavigableSet,<init>,Collections.java,,NOT_IN_CACHE,False,Not In Cache,N/A,False,
"java.util.Collections$SynchronizedNavigableSet.<init>(java.util.NavigableSet,java.lang.Object)",java.util.Collections$SynchronizedNavigableSet,<init>,Collections.java,,NOT_IN_CACHE,False,Not In Cache,N/A,False,
java.util.Collections$SynchronizedNavigableSet.ceiling(java.lang.Object),java.util.Collections$SynchronizedNavigableSet,ceiling,Collections.java,,NOT_IN_CACHE,False,Not In Cache,N/A,False,
java.util.Collections$SynchronizedNavigableSet.descendingIterator(),java.util.Collections$SynchronizedNavigableSet,descendingIterator,Collections.java,,NOT_IN_CACHE,False,Not In Cache,N/A,False,
java.util.Collections$SynchronizedNavigableSet.descendingSet(),java.util.Collections$SynchronizedNavigableSet,descendingSet,Collections.java,,NOT_IN_CACHE,False,Not In Cache,N/A,False,
java.util.Collections$SynchronizedNavigableSet.floor(java.lang.Object),java.util.Collections$SynchronizedNavigableSet,floor,Collections.java,,NOT_IN_CACHE,False,Not In Cache,N/A,False,
java.util.Collections$SynchronizedNavigableSet.headSet(java.lang.Object),java.util.Collections$SynchronizedNavigableSet,headSet,Collections.java,,NOT_IN_CACHE,False,Not In Cache,N/A,False,
"java.util.Collections$SynchronizedNavigableSet.headSet(java.lang.Object,boolean)",java.util.Collections$SynchronizedNavigableSet,headSet,Collections.java,,NOT_IN_CACHE,False,Not In Cache,N/A,False,
java.util.Collections$SynchronizedNavigableSet.higher(java.lang.Object),java.util.Collections$SynchronizedNavigableSet,higher,Collections.java,,NOT_IN_CACHE,False,Not In Cache,N/A,False,
java.util.Collections$SynchronizedNavigableSet.lower(java.lang.Object),java.util.Collections$SynchronizedNavigableSet,lower,Collections.java,,NOT_IN_CACHE,False,Not In Cache,N/A,False,
java.util.Collections$SynchronizedNavigableSet.pollFirst(),java.util.Collections$SynchronizedNavigableSet,pollFirst,Collections.java,,NOT_IN_CACHE,False,Not In Cache,N/A,False,
java.util.Collections$SynchronizedNavigableSet.pollLast(),java.util.Collections$SynchronizedNavigableSet,pollLast,Collections.java,,NOT_IN_CACHE,False,Not In Cache,N/A,False,
"java.util.Collections$SynchronizedNavigableSet.subSet(java.lang.Object,boolean,java.lang.Object,boolean)",java.util.Collections$SynchronizedNavigableSet,subSet,Collections.java,,NOT_IN_CACHE,False,Not In Cache,N/A,False,
"java.util.Collections$SynchronizedNavigableSet.subSet(java.lang.Object,java.lang.Object)",java.util.Collections$SynchronizedNavigableSet,subSet,Collections.java,,NOT_IN_CACHE,False,Not In Cache,N/A,False,
java.util.Collections$SynchronizedNavigableSet.tailSet(java.lang.Object),java.util.Collections$SynchronizedNavigableSet,tailSet,Collections.java,,NOT_IN_CACHE,False,Not In Cache,N/A,False,
"java.util.Collections$SynchronizedNavigableSet.tailSet(java.lang.Object,boolean)",java.util.Collections$SynchronizedNavigableSet,tailSet,Collections.java,,NOT_IN_CACHE,False,Not In Cache,N/A,False,
java.util.Collections$SynchronizedRandomAccessList.<init>(java.util.List),java.util.Collections$SynchronizedRandomAccessList,<init>,Collections.java,,NOT_IN_CACHE,False,Not In Cache,N/A,False,
"java.util.Collections$SynchronizedRandomAccessList.<init>(java.util.List,java.lang.Object)",java.util.Collections$SynchronizedRandomAccessList,<init>,Collections.java,,NOT_IN_CACHE,False,Not In Cache,N/A,False,
"java.util.Collections$SynchronizedRandomAccessList.subList(int,int)",java.util.Collections$SynchronizedRandomAccessList,subList,Collections.java,,NOT_IN_CACHE,False,Not In Cache,N/A,False,
java.util.Collections$SynchronizedRandomAccessList.writeReplace(),java.util.Collections$SynchronizedRandomAccessList,writeReplace,Collections.java,,NOT_IN_CACHE,False,Not In Cache,N/A,False,
java.util.Collections$SynchronizedSet.<init>(java.util.Set),java.util.Collections$SynchronizedSet,<init>,Collections.java,,NOT_IN_CACHE,False,Not In Cache,N/A,False,
"java.util.Collections$SynchronizedSet.<init>(java.util.Set,java.lang.Object)",java.util.Collections$SynchronizedSet,<init>,Collections.java,,NOT_IN_CACHE,False,Not In Cache,N/A,False,
java.util.Collections$SynchronizedSet.equals(java.lang.Object),java.util.Collections$SynchronizedSet,equals,Collections.java,,NOT_IN_CACHE,False,Not In Cache,N/A,False,
java.util.Collections$SynchronizedSet.hashCode(),java.util.Collections$SynchronizedSet,hashCode,Collections.java,,NOT_IN_CACHE,False,Not In Cache,N/A,False,
java.util.Collections$SynchronizedSortedMap.<init>(java.util.SortedMap),java.util.Collections$SynchronizedSortedMap,<init>,Collections.java,,NOT_IN_CACHE,False,Not In Cache,N/A,False,
"java.util.Collections$SynchronizedSortedMap.<init>(java.util.SortedMap,java.lang.Object)",java.util.Collections$SynchronizedSortedMap,<init>,Collections.java,,NOT_IN_CACHE,False,Not In Cache,N/A,False,
java.util.Collections$SynchronizedSortedMap.comparator(),java.util.Collections$SynchronizedSortedMap,comparator,Collections.java,,NOT_IN_CACHE,False,Not In Cache,N/A,False,
java.util.Collections$SynchronizedSortedMap.firstKey(),java.util.Collections$SynchronizedSortedMap,firstKey,Collections.java,,NOT_IN_CACHE,False,Not In Cache,N/A,False,
java.util.Collections$SynchronizedSortedMap.headMap(java.lang.Object),java.util.Collections$SynchronizedSortedMap,headMap,Collections.java,SideEffectFree,NOT_IN_CACHE,False,Not In Cache,N/A,False,
java.util.Collections$SynchronizedSortedMap.lastKey(),java.util.Collections$SynchronizedSortedMap,lastKey,Collections.java,,NOT_IN_CACHE,False,Not In Cache,N/A,False,
"java.util.Collections$SynchronizedSortedMap.subMap(java.lang.Object,java.lang.Object)",java.util.Collections$SynchronizedSortedMap,subMap,Collections.java,SideEffectFree,NOT_IN_CACHE,False,Not In Cache,N/A,False,
java.util.Collections$SynchronizedSortedMap.tailMap(java.lang.Object),java.util.Collections$SynchronizedSortedMap,tailMap,Collections.java,SideEffectFree,NOT_IN_CACHE,False,Not In Cache,N/A,False,
java.util.Collections$SynchronizedSortedSet.<init>(java.util.SortedSet),java.util.Collections$SynchronizedSortedSet,<init>,Collections.java,,NOT_IN_CACHE,False,Not In Cache,N/A,False,
"java.util.Collections$SynchronizedSortedSet.<init>(java.util.SortedSet,java.lang.Object)",java.util.Collections$SynchronizedSortedSet,<init>,Collections.java,,NOT_IN_CACHE,False,Not In Cache,N/A,False,
java.util.Collections$SynchronizedSortedSet.comparator(),java.util.Collections$SynchronizedSortedSet,comparator,Collections.java,,NOT_IN_CACHE,False,Not In Cache,N/A,False,
java.util.Collections$SynchronizedSortedSet.first(),java.util.Collections$SynchronizedSortedSet,first,Collections.java,,NOT_IN_CACHE,False,Not In Cache,N/A,False,
java.util.Collections$SynchronizedSortedSet.headSet(java.lang.Object),java.util.Collections$SynchronizedSortedSet,headSet,Collections.java,,NOT_IN_CACHE,False,Not In Cache,N/A,False,
java.util.Collections$SynchronizedSortedSet.last(),java.util.Collections$SynchronizedSortedSet,last,Collections.java,,NOT_IN_CACHE,False,Not In Cache,N/A,False,
"java.util.Collections$SynchronizedSortedSet.subSet(java.lang.Object,java.lang.Object)",java.util.Collections$SynchronizedSortedSet,subSet,Collections.java,,NOT_IN_CACHE,False,Not In Cache,N/A,False,
java.util.Collections$SynchronizedSortedSet.tailSet(java.lang.Object),java.util.Collections$SynchronizedSortedSet,tailSet,Collections.java,,NOT_IN_CACHE,False,Not In Cache,N/A,False,
java.util.Collections$UnmodifiableCollection.add(java.lang.Object),java.util.Collections$UnmodifiableCollection,add,Collections.java,,NOT_IN_CACHE,False,Not In Cache,N/A,False,
java.util.Collections$UnmodifiableCollection.addAll(java.util.Collection),java.util.Collections$UnmodifiableCollection,addAll,Collections.java,,NOT_IN_CACHE,False,Not In Cache,N/A,False,
java.util.Collections$UnmodifiableCollection.clear(),java.util.Collections$UnmodifiableCollection,clear,Collections.java,,NOT_IN_CACHE,False,Not In Cache,N/A,False,
java.util.Collections$UnmodifiableCollection.contains(java.lang.Object),java.util.Collections$UnmodifiableCollection,contains,Collections.java,Pure,NOT_IN_CACHE,False,Not In Cache,N/A,False,
java.util.Collections$UnmodifiableCollection.containsAll(java.util.Collection),java.util.Collections$UnmodifiableCollection,containsAll,Collections.java,Pure,NOT_IN_CACHE,False,Not In Cache,N/A,False,
java.util.Collections$UnmodifiableCollection.forEach(java.util.function.Consumer),java.util.Collections$UnmodifiableCollection,forEach,Collections.java,,NOT_IN_CACHE,False,Not In Cache,N/A,False,
java.util.Collections$UnmodifiableCollection.forEachRemaining(java.util.function.Consumer),java.util.Collections$UnmodifiableCollection,forEachRemaining,Collections.java,,NOT_IN_CACHE,False,Not In Cache,N/A,False,
java.util.Collections$UnmodifiableCollection.hasNext(),java.util.Collections$UnmodifiableCollection,hasNext,Collections.java,Pure,NOT_IN_CACHE,False,Not In Cache,N/A,False,
java.util.Collections$UnmodifiableCollection.isEmpty(),java.util.Collections$UnmodifiableCollection,isEmpty,Collections.java,Pure,NOT_IN_CACHE,False,Not In Cache,N/A,False,
java.util.Collections$UnmodifiableCollection.iterator(),java.util.Collections$UnmodifiableCollection,iterator,Collections.java,SideEffectFree,NOT_IN_CACHE,False,Not In Cache,N/A,False,
java.util.Collections$UnmodifiableCollection.next(java.util./*Iterator),java.util.Collections$UnmodifiableCollection,next,Collections.java,,NOT_IN_CACHE,False,Not In Cache,N/A,False,
java.util.Collections$UnmodifiableCollection.parallelStream(),java.util.Collections$UnmodifiableCollection,parallelStream,Collections.java,,NOT_IN_CACHE,False,Not In Cache,N/A,False,
java.util.Collections$UnmodifiableCollection.remove(),java.util.Collections$UnmodifiableCollection,remove,Collections.java,,NOT_IN_CACHE,False,Not In Cache,N/A,False,
java.util.Collections$UnmodifiableCollection.remove(java.lang.Object),java.util.Collections$UnmodifiableCollection,remove,Collections.java,,NOT_IN_CACHE,False,Not In Cache,N/A,False,
java.util.Collections$UnmodifiableCollection.removeAll(java.util.Collection),java.util.Collections$UnmodifiableCollection,removeAll,Collections.java,,NOT_IN_CACHE,False,Not In Cache,N/A,False,
java.util.Collections$UnmodifiableCollection.removeIf(java.util.function.Predicate),java.util.Collections$UnmodifiableCollection,removeIf,Collections.java,,NOT_IN_CACHE,False,Not In Cache,N/A,False,
java.util.Collections$UnmodifiableCollection.retainAll(java.util.Collection),java.util.Collections$UnmodifiableCollection,retainAll,Collections.java,,NOT_IN_CACHE,False,Not In Cache,N/A,False,
java.util.Collections$UnmodifiableCollection.size(),java.util.Collections$UnmodifiableCollection,size,Collections.java,Pure,NOT_IN_CACHE,False,Not In Cache,N/A,False,
java.util.Collections$UnmodifiableCollection.spliterator(),java.util.Collections$UnmodifiableCollection,spliterator,Collections.java,SideEffectFree,NOT_IN_CACHE,False,Not In Cache,N/A,False,
java.util.Collections$UnmodifiableCollection.stream(),java.util.Collections$UnmodifiableCollection,stream,Collections.java,,NOT_IN_CACHE,False,Not In Cache,N/A,False,
java.util.Collections$UnmodifiableCollection.toArray(),java.util.Collections$UnmodifiableCollection,toArray,Collections.java,SideEffectFree,NOT_IN_CACHE,False,Not In Cache,N/A,False,
java.util.Collections$UnmodifiableCollection.toArray(java.lang.Object[]),java.util.Collections$UnmodifiableCollection,toArray,Collections.java,SideEffectFree,NOT_IN_CACHE,False,Not In Cache,N/A,False,
java.util.Collections$UnmodifiableCollection.toArray(java.util.function.IntFunction),java.util.Collections$UnmodifiableCollection,toArray,Collections.java,,NOT_IN_CACHE,False,Not In Cache,N/A,False,
java.util.Collections$UnmodifiableCollection.toString(),java.util.Collections$UnmodifiableCollection,toString,Collections.java,,NOT_IN_CACHE,False,Not In Cache,N/A,False,
java.util.Collections$UnmodifiableList.<init>(java.util.List),java.util.Collections$UnmodifiableList,<init>,Collections.java,,NOT_IN_CACHE,False,Not In Cache,N/A,False,
"java.util.Collections$UnmodifiableList.add(int,java.lang.Object)",java.util.Collections$UnmodifiableList,add,Collections.java,,NOT_IN_CACHE,False,Not In Cache,N/A,False,
java.util.Collections$UnmodifiableList.add(java.lang.Object),java.util.Collections$UnmodifiableList,add,Collections.java,,NOT_IN_CACHE,False,Not In Cache,N/A,False,
"java.util.Collections$UnmodifiableList.addAll(int,java.util.Collection)",java.util.Collections$UnmodifiableList,addAll,Collections.java,,NOT_IN_CACHE,False,Not In Cache,N/A,False,
java.util.Collections$UnmodifiableList.equals(java.lang.Object),java.util.Collections$UnmodifiableList,equals,Collections.java,,NOT_IN_CACHE,False,Not In Cache,N/A,False,
java.util.Collections$UnmodifiableList.forEachRemaining(java.util.function.Consumer),java.util.Collections$UnmodifiableList,forEachRemaining,Collections.java,,NOT_IN_CACHE,False,Not In Cache,N/A,False,
java.util.Collections$UnmodifiableList.get(int),java.util.Collections$UnmodifiableList,get,Collections.java,,NOT_IN_CACHE,False,Not In Cache,N/A,False,
java.util.Collections$UnmodifiableList.hasNext(),java.util.Collections$UnmodifiableList,hasNext,Collections.java,Pure,NOT_IN_CACHE,False,Not In Cache,N/A,False,
java.util.Collections$UnmodifiableList.hasPrevious(),java.util.Collections$UnmodifiableList,hasPrevious,Collections.java,Pure,NOT_IN_CACHE,False,Not In Cache,N/A,False,
java.util.Collections$UnmodifiableList.hashCode(),java.util.Collections$UnmodifiableList,hashCode,Collections.java,,NOT_IN_CACHE,False,Not In Cache,N/A,False,
java.util.Collections$UnmodifiableList.indexOf(java.lang.Object),java.util.Collections$UnmodifiableList,indexOf,Collections.java,,NOT_IN_CACHE,False,Not In Cache,N/A,False,
java.util.Collections$UnmodifiableList.lastIndexOf(java.lang.Object),java.util.Collections$UnmodifiableList,lastIndexOf,Collections.java,,NOT_IN_CACHE,False,Not In Cache,N/A,False,
java.util.Collections$UnmodifiableList.listIterator(),java.util.Collections$UnmodifiableList,listIterator,Collections.java,,NOT_IN_CACHE,False,Not In Cache,N/A,False,
java.util.Collections$UnmodifiableList.listIterator(java.util.final int),java.util.Collections$UnmodifiableList,listIterator,Collections.java,,NOT_IN_CACHE,False,Not In Cache,N/A,False,
java.util.Collections$UnmodifiableList.next(java.util./*ListIterator),java.util.Collections$UnmodifiableList,next,Collections.java,,NOT_IN_CACHE,False,Not In Cache,N/A,False,
java.util.Collections$UnmodifiableList.nextIndex(),java.util.Collections$UnmodifiableList,nextIndex,Collections.java,,NOT_IN_CACHE,False,Not In Cache,N/A,False,
java.util.Collections$UnmodifiableList.previous(),java.util.Collections$UnmodifiableList,previous,Collections.java,,NOT_IN_CACHE,False,Not In Cache,N/A,False,
java.util.Collections$UnmodifiableList.previousIndex(),java.util.Collections$UnmodifiableList,previousIndex,Collections.java,,NOT_IN_CACHE,False,Not In Cache,N/A,False,
java.util.Collections$UnmodifiableList.readResolve(),java.util.Collections$UnmodifiableList,readResolve,Collections.java,,NOT_IN_CACHE,False,Not In Cache,N/A,False,
java.util.Collections$UnmodifiableList.remove(),java.util.Collections$UnmodifiableList,remove,Collections.java,,NOT_IN_CACHE,False,Not In Cache,N/A,False,
java.util.Collections$UnmodifiableList.remove(int),java.util.Collections$UnmodifiableList,remove,Collections.java,,NOT_IN_CACHE,False,Not In Cache,N/A,False,
java.util.Collections$UnmodifiableList.replaceAll(java.util.function.UnaryOperator),java.util.Collections$UnmodifiableList,replaceAll,Collections.java,,NOT_IN_CACHE,False,Not In Cache,N/A,False,
"java.util.Collections$UnmodifiableList.set(int,java.lang.Object)",java.util.Collections$UnmodifiableList,set,Collections.java,,NOT_IN_CACHE,False,Not In Cache,N/A,False,
java.util.Collections$UnmodifiableList.set(java.lang.Object),java.util.Collections$UnmodifiableList,set,Collections.java,,NOT_IN_CACHE,False,Not In Cache,N/A,False,
java.util.Collections$UnmodifiableList.sort(java.util.Comparator),java.util.Collections$UnmodifiableList,sort,Collections.java,,NOT_IN_CACHE,False,Not In Cache,N/A,False,
"java.util.Collections$UnmodifiableList.subList(int,int)",java.util.Collections$UnmodifiableList,subList,Collections.java,,NOT_IN_CACHE,False,Not In Cache,N/A,False,
java.util.Collections$UnmodifiableMap$UnmodifiableEntrySet$UnmodifiableEntry.<init>(java.util.Map$Entry),java.util.Collections$UnmodifiableMap$UnmodifiableEntrySet$UnmodifiableEntry,<init>,Collections.java,,NOT_IN_CACHE,False,Not In Cache,N/A,False,
java.util.Collections$UnmodifiableMap$UnmodifiableEntrySet$UnmodifiableEntry.equals(java.lang.Object),java.util.Collections$UnmodifiableMap$UnmodifiableEntrySet$UnmodifiableEntry,equals,Collections.java,,NOT_IN_CACHE,False,Not In Cache,N/A,False,
java.util.Collections$UnmodifiableMap$UnmodifiableEntrySet$UnmodifiableEntry.getKey(),java.util.Collections$UnmodifiableMap$UnmodifiableEntrySet$UnmodifiableEntry,getKey,Collections.java,,NOT_IN_CACHE,False,Not In Cache,N/A,False,
java.util.Collections$UnmodifiableMap$UnmodifiableEntrySet$UnmodifiableEntry.getValue(),java.util.Collections$UnmodifiableMap$UnmodifiableEntrySet$UnmodifiableEntry,getValue,Collections.java,,NOT_IN_CACHE,False,Not In Cache,N/A,False,
java.util.Collections$UnmodifiableMap$UnmodifiableEntrySet$UnmodifiableEntry.hashCode(),java.util.Collections$UnmodifiableMap$UnmodifiableEntrySet$UnmodifiableEntry,hashCode,Collections.java,,NOT_IN_CACHE,False,Not In Cache,N/A,False,
java.util.Collections$UnmodifiableMap$UnmodifiableEntrySet$UnmodifiableEntry.setValue(java.lang.Object),java.util.Collections$UnmodifiableMap$UnmodifiableEntrySet$UnmodifiableEntry,setValue,Collections.java,,NOT_IN_CACHE,False,Not In Cache,N/A,False,
java.util.Collections$UnmodifiableMap$UnmodifiableEntrySet$UnmodifiableEntry.toString(),java.util.Collections$UnmodifiableMap$UnmodifiableEntrySet$UnmodifiableEntry,toString,Collections.java,,NOT_IN_CACHE,False,Not In Cache,N/A,False,
java.util.Collections$UnmodifiableMap$UnmodifiableEntrySet$UnmodifiableEntrySetSpliterator.<init>(java.util.Spliterator),java.util.Collections$UnmodifiableMap$UnmodifiableEntrySet$UnmodifiableEntrySetSpliterator,<init>,Collections.java,,NOT_IN_CACHE,False,Not In Cache,N/A,False,
java.util.Collections$UnmodifiableMap$UnmodifiableEntrySet$UnmodifiableEntrySetSpliterator.characteristics(),java.util.Collections$UnmodifiableMap$UnmodifiableEntrySet$UnmodifiableEntrySetSpliterator,characteristics,Collections.java,,NOT_IN_CACHE,False,Not In Cache,N/A,False,
java.util.Collections$UnmodifiableMap$UnmodifiableEntrySet$UnmodifiableEntrySetSpliterator.estimateSize(),java.util.Collections$UnmodifiableMap$UnmodifiableEntrySet$UnmodifiableEntrySetSpliterator,estimateSize,Collections.java,,NOT_IN_CACHE,False,Not In Cache,N/A,False,
java.util.Collections$UnmodifiableMap$UnmodifiableEntrySet$UnmodifiableEntrySetSpliterator.forEachRemaining(java.util.function.Consumer),java.util.Collections$UnmodifiableMap$UnmodifiableEntrySet$UnmodifiableEntrySetSpliterator,forEachRemaining,Collections.java,,NOT_IN_CACHE,False,Not In Cache,N/A,False,
java.util.Collections$UnmodifiableMap$UnmodifiableEntrySet$UnmodifiableEntrySetSpliterator.getComparator(),java.util.Collections$UnmodifiableMap$UnmodifiableEntrySet$UnmodifiableEntrySetSpliterator,getComparator,Collections.java,,NOT_IN_CACHE,False,Not In Cache,N/A,False,
java.util.Collections$UnmodifiableMap$UnmodifiableEntrySet$UnmodifiableEntrySetSpliterator.getExactSizeIfKnown(),java.util.Collections$UnmodifiableMap$UnmodifiableEntrySet$UnmodifiableEntrySetSpliterator,getExactSizeIfKnown,Collections.java,,NOT_IN_CACHE,False,Not In Cache,N/A,False,
java.util.Collections$UnmodifiableMap$UnmodifiableEntrySet$UnmodifiableEntrySetSpliterator.hasCharacteristics(int),java.util.Collections$UnmodifiableMap$UnmodifiableEntrySet$UnmodifiableEntrySetSpliterator,hasCharacteristics,Collections.java,,NOT_IN_CACHE,False,Not In Cache,N/A,False,
java.util.Collections$UnmodifiableMap$UnmodifiableEntrySet$UnmodifiableEntrySetSpliterator.tryAdvance(java.util.function.Consumer),java.util.Collections$UnmodifiableMap$UnmodifiableEntrySet$UnmodifiableEntrySetSpliterator,tryAdvance,Collections.java,,NOT_IN_CACHE,False,Not In Cache,N/A,False,
java.util.Collections$UnmodifiableMap$UnmodifiableEntrySet$UnmodifiableEntrySetSpliterator.trySplit(),java.util.Collections$UnmodifiableMap$UnmodifiableEntrySet$UnmodifiableEntrySetSpliterator,trySplit,Collections.java,,NOT_IN_CACHE,False,Not In Cache,N/A,False,
java.util.Collections$UnmodifiableMap$UnmodifiableEntrySet.<init>(java.util.Set),java.util.Collections$UnmodifiableMap$UnmodifiableEntrySet,<init>,Collections.java,,NOT_IN_CACHE,False,Not In Cache,N/A,False,
java.util.Collections$UnmodifiableMap$UnmodifiableEntrySet.contains(java.lang.Object),java.util.Collections$UnmodifiableMap$UnmodifiableEntrySet,contains,Collections.java,,NOT_IN_CACHE,False,Not In Cache,N/A,False,
java.util.Collections$UnmodifiableMap$UnmodifiableEntrySet.containsAll(java.util.Collection),java.util.Collections$UnmodifiableMap$UnmodifiableEntrySet,containsAll,Collections.java,Pure,NOT_IN_CACHE,False,Not In Cache,N/A,False,
java.util.Collections$UnmodifiableMap$UnmodifiableEntrySet.entryConsumer(java.util.function.Consumer),java.util.Collections$UnmodifiableMap$UnmodifiableEntrySet,entryConsumer,Collections.java,,NOT_IN_CACHE,False,Not In Cache,N/A,False,
java.util.Collections$UnmodifiableMap$UnmodifiableEntrySet.equals(java.lang.Object),java.util.Collections$UnmodifiableMap$UnmodifiableEntrySet,equals,Collections.java,,NOT_IN_CACHE,False,Not In Cache,N/A,False,
java.util.Collections$UnmodifiableMap$UnmodifiableEntrySet.forEach(java.util.function.Consumer),java.util.Collections$UnmodifiableMap$UnmodifiableEntrySet,forEach,Collections.java,,NOT_IN_CACHE,False,Not In Cache,N/A,False,
java.util.Collections$UnmodifiableMap$UnmodifiableEntrySet.forEachRemaining(java.util.function.Consumer),java.util.Collections$UnmodifiableMap$UnmodifiableEntrySet,forEachRemaining,Collections.java,,NOT_IN_CACHE,False,Not In Cache,N/A,False,
java.util.Collections$UnmodifiableMap$UnmodifiableEntrySet.hasNext(),java.util.Collections$UnmodifiableMap$UnmodifiableEntrySet,hasNext,Collections.java,Pure,NOT_IN_CACHE,False,Not In Cache,N/A,False,
java.util.Collections$UnmodifiableMap$UnmodifiableEntrySet.iterator(),java.util.Collections$UnmodifiableMap$UnmodifiableEntrySet,iterator,Collections.java,,NOT_IN_CACHE,False,Not In Cache,N/A,False,
java.util.Collections$UnmodifiableMap$UnmodifiableEntrySet.next(java.util./*Iterator),java.util.Collections$UnmodifiableMap$UnmodifiableEntrySet,next,Collections.java,,NOT_IN_CACHE,False,Not In Cache,N/A,False,
java.util.Collections$UnmodifiableMap$UnmodifiableEntrySet.parallelStream(),java.util.Collections$UnmodifiableMap$UnmodifiableEntrySet,parallelStream,Collections.java,,NOT_IN_CACHE,False,Not In Cache,N/A,False,
java.util.Collections$UnmodifiableMap$UnmodifiableEntrySet.remove(),java.util.Collections$UnmodifiableMap$UnmodifiableEntrySet,remove,Collections.java,,NOT_IN_CACHE,False,Not In Cache,N/A,False,
java.util.Collections$UnmodifiableMap$UnmodifiableEntrySet.spliterator(),java.util.Collections$UnmodifiableMap$UnmodifiableEntrySet,spliterator,Collections.java,,NOT_IN_CACHE,False,Not In Cache,N/A,False,
java.util.Collections$UnmodifiableMap$UnmodifiableEntrySet.stream(),java.util.Collections$UnmodifiableMap$UnmodifiableEntrySet,stream,Collections.java,,NOT_IN_CACHE,False,Not In Cache,N/A,False,
java.util.Collections$UnmodifiableMap$UnmodifiableEntrySet.toArray(),java.util.Collections$UnmodifiableMap$UnmodifiableEntrySet,toArray,Collections.java,,NOT_IN_CACHE,False,Not In Cache,N/A,False,
java.util.Collections$UnmodifiableMap$UnmodifiableEntrySet.toArray(java.lang.Object[]),java.util.Collections$UnmodifiableMap$UnmodifiableEntrySet,toArray,Collections.java,,NOT_IN_CACHE,False,Not In Cache,N/A,False,
java.util.Collections$UnmodifiableMap.<init>(java.util.Map),java.util.Collections$UnmodifiableMap,<init>,Collections.java,,NOT_IN_CACHE,False,Not In Cache,N/A,False,
java.util.Collections$UnmodifiableMap.clear(),java.util.Collections$UnmodifiableMap,clear,Collections.java,,NOT_IN_CACHE,False,Not In Cache,N/A,False,
"java.util.Collections$UnmodifiableMap.compute(java.lang.Object,java.util.function.BiFunction)",java.util.Collections$UnmodifiableMap,compute,Collections.java,,NOT_IN_CACHE,False,Not In Cache,N/A,False,
"java.util.Collections$UnmodifiableMap.computeIfAbsent(java.lang.Object,java.util.function.Function)",java.util.Collections$UnmodifiableMap,computeIfAbsent,Collections.java,,NOT_IN_CACHE,False,Not In Cache,N/A,False,
"java.util.Collections$UnmodifiableMap.computeIfPresent(java.lang.Object,java.util.function.BiFunction)",java.util.Collections$UnmodifiableMap,computeIfPresent,Collections.java,,NOT_IN_CACHE,False,Not In Cache,N/A,False,
java.util.Collections$UnmodifiableMap.containsKey(java.lang.Object),java.util.Collections$UnmodifiableMap,containsKey,Collections.java,Pure,NOT_IN_CACHE,False,Not In Cache,N/A,False,
java.util.Collections$UnmodifiableMap.containsValue(java.lang.Object),java.util.Collections$UnmodifiableMap,containsValue,Collections.java,Pure,NOT_IN_CACHE,False,Not In Cache,N/A,False,
java.util.Collections$UnmodifiableMap.entrySet(),java.util.Collections$UnmodifiableMap,entrySet,Collections.java,SideEffectFree,NOT_IN_CACHE,False,Not In Cache,N/A,False,
java.util.Collections$UnmodifiableMap.equals(java.lang.Object),java.util.Collections$UnmodifiableMap,equals,Collections.java,,NOT_IN_CACHE,False,Not In Cache,N/A,False,
java.util.Collections$UnmodifiableMap.forEach(java.util.function.BiConsumer),java.util.Collections$UnmodifiableMap,forEach,Collections.java,,NOT_IN_CACHE,False,Not In Cache,N/A,False,
java.util.Collections$UnmodifiableMap.get(java.lang.Object),java.util.Collections$UnmodifiableMap,get,Collections.java,,NOT_IN_CACHE,False,Not In Cache,N/A,False,
"java.util.Collections$UnmodifiableMap.getOrDefault(java.lang.Object,java.lang.Object)",java.util.Collections$UnmodifiableMap,getOrDefault,Collections.java,Pure,NOT_IN_CACHE,False,Not In Cache,N/A,False,
java.util.Collections$UnmodifiableMap.hashCode(),java.util.Collections$UnmodifiableMap,hashCode,Collections.java,,NOT_IN_CACHE,False,Not In Cache,N/A,False,
java.util.Collections$UnmodifiableMap.isEmpty(),java.util.Collections$UnmodifiableMap,isEmpty,Collections.java,Pure,NOT_IN_CACHE,False,Not In Cache,N/A,False,
java.util.Collections$UnmodifiableMap.keySet(),java.util.Collections$UnmodifiableMap,keySet,Collections.java,,NOT_IN_CACHE,False,Not In Cache,N/A,False,
"java.util.Collections$UnmodifiableMap.merge(java.lang.Object,java.lang.Object,java.util.function.BiFunction)",java.util.Collections$UnmodifiableMap,merge,Collections.java,,NOT_IN_CACHE,False,Not In Cache,N/A,False,
"java.util.Collections$UnmodifiableMap.put(java.lang.Object,java.lang.Object)",java.util.Collections$UnmodifiableMap,put,Collections.java,,NOT_IN_CACHE,False,Not In Cache,N/A,False,
java.util.Collections$UnmodifiableMap.putAll(java.util.Map),java.util.Collections$UnmodifiableMap,putAll,Collections.java,,NOT_IN_CACHE,False,Not In Cache,N/A,False,
"java.util.Collections$UnmodifiableMap.putIfAbsent(java.lang.Object,java.lang.Object)",java.util.Collections$UnmodifiableMap,putIfAbsent,Collections.java,,NOT_IN_CACHE,False,Not In Cache,N/A,False,
java.util.Collections$UnmodifiableMap.remove(java.lang.Object),java.util.Collections$UnmodifiableMap,remove,Collections.java,,NOT_IN_CACHE,False,Not In Cache,N/A,False,
"java.util.Collections$UnmodifiableMap.remove(java.lang.Object,java.lang.Object)",java.util.Collections$UnmodifiableMap,remove,Collections.java,,NOT_IN_CACHE,False,Not In Cache,N/A,False,
"java.util.Collections$UnmodifiableMap.replace(java.lang.Object,java.lang.Object)",java.util.Collections$UnmodifiableMap,replace,Collections.java,,NOT_IN_CACHE,False,Not In Cache,N/A,False,
"java.util.Collections$UnmodifiableMap.replace(java.lang.Object,java.lang.Object,java.lang.Object)",java.util.Collections$UnmodifiableMap,replace,Collections.java,,NOT_IN_CACHE,False,Not In Cache,N/A,False,
java.util.Collections$UnmodifiableMap.replaceAll(java.util.function.BiFunction),java.util.Collections$UnmodifiableMap,replaceAll,Collections.java,,NOT_IN_CACHE,False,Not In Cache,N/A,False,
java.util.Collections$UnmodifiableMap.size(),java.util.Collections$UnmodifiableMap,size,Collections.java,Pure,NOT_IN_CACHE,False,Not In Cache,N/A,False,
java.util.Collections$UnmodifiableMap.toString(),java.util.Collections$UnmodifiableMap,toString,Collections.java,,NOT_IN_CACHE,False,Not In Cache,N/A,False,
java.util.Collections$UnmodifiableMap.values(),java.util.Collections$UnmodifiableMap,values,Collections.java,,NOT_IN_CACHE,False,Not In Cache,N/A,False,
java.util.Collections$UnmodifiableNavigableMap$EmptyNavigableMap.<init>(),java.util.Collections$UnmodifiableNavigableMap$EmptyNavigableMap,<init>,Collections.java,,NOT_IN_CACHE,False,Not In Cache,N/A,False,
java.util.Collections$UnmodifiableNavigableMap$EmptyNavigableMap.navigableKeySet(),java.util.Collections$UnmodifiableNavigableMap$EmptyNavigableMap,navigableKeySet,Collections.java,SideEffectFree,NOT_IN_CACHE,False,Not In Cache,N/A,False,
java.util.Collections$UnmodifiableNavigableMap$EmptyNavigableMap.readResolve(),java.util.Collections$UnmodifiableNavigableMap$EmptyNavigableMap,readResolve,Collections.java,,NOT_IN_CACHE,False,Not In Cache,N/A,False,
java.util.Collections$UnmodifiableNavigableMap.<init>(java.util.NavigableMap),java.util.Collections$UnmodifiableNavigableMap,<init>,Collections.java,,NOT_IN_CACHE,False,Not In Cache,N/A,False,
java.util.Collections$UnmodifiableNavigableMap.ceilingEntry(java.lang.Object),java.util.Collections$UnmodifiableNavigableMap,ceilingEntry,Collections.java,,NOT_IN_CACHE,False,Not In Cache,N/A,False,
java.util.Collections$UnmodifiableNavigableMap.ceilingKey(java.lang.Object),java.util.Collections$UnmodifiableNavigableMap,ceilingKey,Collections.java,,NOT_IN_CACHE,False,Not In Cache,N/A,False,
java.util.Collections$UnmodifiableNavigableMap.descendingKeySet(),java.util.Collections$UnmodifiableNavigableMap,descendingKeySet,Collections.java,SideEffectFree,NOT_IN_CACHE,False,Not In Cache,N/A,False,
java.util.Collections$UnmodifiableNavigableMap.descendingMap(),java.util.Collections$UnmodifiableNavigableMap,descendingMap,Collections.java,SideEffectFree,NOT_IN_CACHE,False,Not In Cache,N/A,False,
java.util.Collections$UnmodifiableNavigableMap.firstEntry(),java.util.Collections$UnmodifiableNavigableMap,firstEntry,Collections.java,,NOT_IN_CACHE,False,Not In Cache,N/A,False,
java.util.Collections$UnmodifiableNavigableMap.floorEntry(java.lang.Object),java.util.Collections$UnmodifiableNavigableMap,floorEntry,Collections.java,,NOT_IN_CACHE,False,Not In Cache,N/A,False,
java.util.Collections$UnmodifiableNavigableMap.floorKey(java.lang.Object),java.util.Collections$UnmodifiableNavigableMap,floorKey,Collections.java,,NOT_IN_CACHE,False,Not In Cache,N/A,False,
"java.util.Collections$UnmodifiableNavigableMap.headMap(java.lang.Object,boolean)",java.util.Collections$UnmodifiableNavigableMap,headMap,Collections.java,SideEffectFree,NOT_IN_CACHE,False,Not In Cache,N/A,False,
java.util.Collections$UnmodifiableNavigableMap.higherEntry(java.lang.Object),java.util.Collections$UnmodifiableNavigableMap,higherEntry,Collections.java,,NOT_IN_CACHE,False,Not In Cache,N/A,False,
java.util.Collections$UnmodifiableNavigableMap.higherKey(java.lang.Object),java.util.Collections$UnmodifiableNavigableMap,higherKey,Collections.java,,NOT_IN_CACHE,False,Not In Cache,N/A,False,
java.util.Collections$UnmodifiableNavigableMap.lastEntry(),java.util.Collections$UnmodifiableNavigableMap,lastEntry,Collections.java,,NOT_IN_CACHE,False,Not In Cache,N/A,False,
java.util.Collections$UnmodifiableNavigableMap.lowerEntry(java.lang.Object),java.util.Collections$UnmodifiableNavigableMap,lowerEntry,Collections.java,,NOT_IN_CACHE,False,Not In Cache,N/A,False,
java.util.Collections$UnmodifiableNavigableMap.lowerKey(java.lang.Object),java.util.Collections$UnmodifiableNavigableMap,lowerKey,Collections.java,,NOT_IN_CACHE,False,Not In Cache,N/A,False,
java.util.Collections$UnmodifiableNavigableMap.navigableKeySet(),java.util.Collections$UnmodifiableNavigableMap,navigableKeySet,Collections.java,SideEffectFree,NOT_IN_CACHE,False,Not In Cache,N/A,False,
java.util.Collections$UnmodifiableNavigableMap.pollFirstEntry(),java.util.Collections$UnmodifiableNavigableMap,pollFirstEntry,Collections.java,,NOT_IN_CACHE,False,Not In Cache,N/A,False,
java.util.Collections$UnmodifiableNavigableMap.pollLastEntry(),java.util.Collections$UnmodifiableNavigableMap,pollLastEntry,Collections.java,,NOT_IN_CACHE,False,Not In Cache,N/A,False,
"java.util.Collections$UnmodifiableNavigableMap.subMap(java.lang.Object,boolean,java.lang.Object,boolean)",java.util.Collections$UnmodifiableNavigableMap,subMap,Collections.java,SideEffectFree,NOT_IN_CACHE,False,Not In Cache,N/A,False,
"java.util.Collections$UnmodifiableNavigableMap.tailMap(java.lang.Object,boolean)",java.util.Collections$UnmodifiableNavigableMap,tailMap,Collections.java,SideEffectFree,NOT_IN_CACHE,False,Not In Cache,N/A,False,
java.util.Collections$UnmodifiableNavigableSet$EmptyNavigableSet.<init>(),java.util.Collections$UnmodifiableNavigableSet$EmptyNavigableSet,<init>,Collections.java,SideEffectFree,NOT_IN_CACHE,False,Not In Cache,N/A,False,
java.util.Collections$UnmodifiableNavigableSet$EmptyNavigableSet.readResolve(),java.util.Collections$UnmodifiableNavigableSet$EmptyNavigableSet,readResolve,Collections.java,,NOT_IN_CACHE,False,Not In Cache,N/A,False,
java.util.Collections$UnmodifiableNavigableSet.<init>(java.util.NavigableSet),java.util.Collections$UnmodifiableNavigableSet,<init>,Collections.java,,NOT_IN_CACHE,False,Not In Cache,N/A,False,
java.util.Collections$UnmodifiableNavigableSet.ceiling(java.lang.Object),java.util.Collections$UnmodifiableNavigableSet,ceiling,Collections.java,,NOT_IN_CACHE,False,Not In Cache,N/A,False,
java.util.Collections$UnmodifiableNavigableSet.descendingIterator(),java.util.Collections$UnmodifiableNavigableSet,descendingIterator,Collections.java,,NOT_IN_CACHE,False,Not In Cache,N/A,False,
java.util.Collections$UnmodifiableNavigableSet.descendingSet(),java.util.Collections$UnmodifiableNavigableSet,descendingSet,Collections.java,,NOT_IN_CACHE,False,Not In Cache,N/A,False,
java.util.Collections$UnmodifiableNavigableSet.floor(java.lang.Object),java.util.Collections$UnmodifiableNavigableSet,floor,Collections.java,,NOT_IN_CACHE,False,Not In Cache,N/A,False,
"java.util.Collections$UnmodifiableNavigableSet.headSet(java.lang.Object,boolean)",java.util.Collections$UnmodifiableNavigableSet,headSet,Collections.java,,NOT_IN_CACHE,False,Not In Cache,N/A,False,
java.util.Collections$UnmodifiableNavigableSet.higher(java.lang.Object),java.util.Collections$UnmodifiableNavigableSet,higher,Collections.java,,NOT_IN_CACHE,False,Not In Cache,N/A,False,
java.util.Collections$UnmodifiableNavigableSet.lower(java.lang.Object),java.util.Collections$UnmodifiableNavigableSet,lower,Collections.java,,NOT_IN_CACHE,False,Not In Cache,N/A,False,
java.util.Collections$UnmodifiableNavigableSet.pollFirst(),java.util.Collections$UnmodifiableNavigableSet,pollFirst,Collections.java,,NOT_IN_CACHE,False,Not In Cache,N/A,False,
java.util.Collections$UnmodifiableNavigableSet.pollLast(),java.util.Collections$UnmodifiableNavigableSet,pollLast,Collections.java,,NOT_IN_CACHE,False,Not In Cache,N/A,False,
"java.util.Collections$UnmodifiableNavigableSet.subSet(java.lang.Object,boolean,java.lang.Object,boolean)",java.util.Collections$UnmodifiableNavigableSet,subSet,Collections.java,,NOT_IN_CACHE,False,Not In Cache,N/A,False,
"java.util.Collections$UnmodifiableNavigableSet.tailSet(java.lang.Object,boolean)",java.util.Collections$UnmodifiableNavigableSet,tailSet,Collections.java,,NOT_IN_CACHE,False,Not In Cache,N/A,False,
java.util.Collections$UnmodifiableRandomAccessList.<init>(java.util.List),java.util.Collections$UnmodifiableRandomAccessList,<init>,Collections.java,,NOT_IN_CACHE,False,Not In Cache,N/A,False,
"java.util.Collections$UnmodifiableRandomAccessList.subList(int,int)",java.util.Collections$UnmodifiableRandomAccessList,subList,Collections.java,,NOT_IN_CACHE,False,Not In Cache,N/A,False,
java.util.Collections$UnmodifiableRandomAccessList.writeReplace(),java.util.Collections$UnmodifiableRandomAccessList,writeReplace,Collections.java,,NOT_IN_CACHE,False,Not In Cache,N/A,False,
java.util.Collections$UnmodifiableSequencedCollection.<init>(java.util.SequencedCollection),java.util.Collections$UnmodifiableSequencedCollection,<init>,Collections.java,,NOT_IN_CACHE,False,Not In Cache,N/A,False,
java.util.Collections$UnmodifiableSequencedCollection.addFirst(java.lang.Object),java.util.Collections$UnmodifiableSequencedCollection,addFirst,Collections.java,,NOT_IN_CACHE,False,Not In Cache,N/A,False,
java.util.Collections$UnmodifiableSequencedCollection.addLast(java.lang.Object),java.util.Collections$UnmodifiableSequencedCollection,addLast,Collections.java,,NOT_IN_CACHE,False,Not In Cache,N/A,False,
java.util.Collections$UnmodifiableSequencedCollection.getFirst(),java.util.Collections$UnmodifiableSequencedCollection,getFirst,Collections.java,,NOT_IN_CACHE,False,Not In Cache,N/A,False,
java.util.Collections$UnmodifiableSequencedCollection.getLast(),java.util.Collections$UnmodifiableSequencedCollection,getLast,Collections.java,,NOT_IN_CACHE,False,Not In Cache,N/A,False,
java.util.Collections$UnmodifiableSequencedCollection.removeFirst(),java.util.Collections$UnmodifiableSequencedCollection,removeFirst,Collections.java,,NOT_IN_CACHE,False,Not In Cache,N/A,False,
java.util.Collections$UnmodifiableSequencedCollection.removeLast(),java.util.Collections$UnmodifiableSequencedCollection,removeLast,Collections.java,,NOT_IN_CACHE,False,Not In Cache,N/A,False,
java.util.Collections$UnmodifiableSequencedCollection.reversed(),java.util.Collections$UnmodifiableSequencedCollection,reversed,Collections.java,,NOT_IN_CACHE,False,Not In Cache,N/A,False,
java.util.Collections$UnmodifiableSequencedCollection.sc(),java.util.Collections$UnmodifiableSequencedCollection,sc,Collections.java,,NOT_IN_CACHE,False,Not In Cache,N/A,False,
java.util.Collections$UnmodifiableSequencedMap.<init>(java.util.Map),java.util.Collections$UnmodifiableSequencedMap,<init>,Collections.java,,NOT_IN_CACHE,False,Not In Cache,N/A,False,
java.util.Collections$UnmodifiableSequencedMap.pollFirstEntry(),java.util.Collections$UnmodifiableSequencedMap,pollFirstEntry,Collections.java,,NOT_IN_CACHE,False,Not In Cache,N/A,False,
java.util.Collections$UnmodifiableSequencedMap.pollLastEntry(),java.util.Collections$UnmodifiableSequencedMap,pollLastEntry,Collections.java,,NOT_IN_CACHE,False,Not In Cache,N/A,False,
"java.util.Collections$UnmodifiableSequencedMap.putFirst(java.lang.Object,java.lang.Object)",java.util.Collections$UnmodifiableSequencedMap,putFirst,Collections.java,,NOT_IN_CACHE,False,Not In Cache,N/A,False,
"java.util.Collections$UnmodifiableSequencedMap.putLast(java.lang.Object,java.lang.Object)",java.util.Collections$UnmodifiableSequencedMap,putLast,Collections.java,,NOT_IN_CACHE,False,Not In Cache,N/A,False,
java.util.Collections$UnmodifiableSequencedMap.reversed(),java.util.Collections$UnmodifiableSequencedMap,reversed,Collections.java,,NOT_IN_CACHE,False,Not In Cache,N/A,False,
java.util.Collections$UnmodifiableSequencedMap.sm(),java.util.Collections$UnmodifiableSequencedMap,sm,Collections.java,,NOT_IN_CACHE,False,Not In Cache,N/A,False,
java.util.Collections$UnmodifiableSequencedSet.<init>(java.util.SequencedSet),java.util.Collections$UnmodifiableSequencedSet,<init>,Collections.java,,NOT_IN_CACHE,False,Not In Cache,N/A,False,
java.util.Collections$UnmodifiableSequencedSet.equals(java.lang.Object),java.util.Collections$UnmodifiableSequencedSet,equals,Collections.java,,NOT_IN_CACHE,False,Not In Cache,N/A,False,
java.util.Collections$UnmodifiableSequencedSet.hashCode(),java.util.Collections$UnmodifiableSequencedSet,hashCode,Collections.java,,NOT_IN_CACHE,False,Not In Cache,N/A,False,
java.util.Collections$UnmodifiableSequencedSet.reversed(),java.util.Collections$UnmodifiableSequencedSet,reversed,Collections.java,,NOT_IN_CACHE,False,Not In Cache,N/A,False,
java.util.Collections$UnmodifiableSequencedSet.ss(),java.util.Collections$UnmodifiableSequencedSet,ss,Collections.java,,NOT_IN_CACHE,False,Not In Cache,N/A,False,
java.util.Collections$UnmodifiableSet.<init>(java.util.Set),java.util.Collections$UnmodifiableSet,<init>,Collections.java,,NOT_IN_CACHE,False,Not In Cache,N/A,False,
java.util.Collections$UnmodifiableSet.equals(java.lang.Object),java.util.Collections$UnmodifiableSet,equals,Collections.java,,NOT_IN_CACHE,False,Not In Cache,N/A,False,
java.util.Collections$UnmodifiableSet.hashCode(),java.util.Collections$UnmodifiableSet,hashCode,Collections.java,,NOT_IN_CACHE,False,Not In Cache,N/A,False,
java.util.Collections$UnmodifiableSortedMap.<init>(java.util.SortedMap),java.util.Collections$UnmodifiableSortedMap,<init>,Collections.java,,NOT_IN_CACHE,False,Not In Cache,N/A,False,
java.util.Collections$UnmodifiableSortedMap.comparator(),java.util.Collections$UnmodifiableSortedMap,comparator,Collections.java,,NOT_IN_CACHE,False,Not In Cache,N/A,False,
java.util.Collections$UnmodifiableSortedMap.firstKey(),java.util.Collections$UnmodifiableSortedMap,firstKey,Collections.java,,NOT_IN_CACHE,False,Not In Cache,N/A,False,
java.util.Collections$UnmodifiableSortedMap.headMap(java.lang.Object),java.util.Collections$UnmodifiableSortedMap,headMap,Collections.java,SideEffectFree,NOT_IN_CACHE,False,Not In Cache,N/A,False,
java.util.Collections$UnmodifiableSortedMap.lastKey(),java.util.Collections$UnmodifiableSortedMap,lastKey,Collections.java,,NOT_IN_CACHE,False,Not In Cache,N/A,False,
"java.util.Collections$UnmodifiableSortedMap.subMap(java.lang.Object,java.lang.Object)",java.util.Collections$UnmodifiableSortedMap,subMap,Collections.java,SideEffectFree,NOT_IN_CACHE,False,Not In Cache,N/A,False,
java.util.Collections$UnmodifiableSortedMap.tailMap(java.lang.Object),java.util.Collections$UnmodifiableSortedMap,tailMap,Collections.java,SideEffectFree,NOT_IN_CACHE,False,Not In Cache,N/A,False,
java.util.Collections$UnmodifiableSortedSet.<init>(java.util.SortedSet),java.util.Collections$UnmodifiableSortedSet,<init>,Collections.java,,NOT_IN_CACHE,False,Not In Cache,N/A,False,
java.util.Collections$UnmodifiableSortedSet.comparator(),java.util.Collections$UnmodifiableSortedSet,comparator,Collections.java,,NOT_IN_CACHE,False,Not In Cache,N/A,False,
java.util.Collections$UnmodifiableSortedSet.first(),java.util.Collections$UnmodifiableSortedSet,first,Collections.java,,NOT_IN_CACHE,False,Not In Cache,N/A,False,
java.util.Collections$UnmodifiableSortedSet.headSet(java.lang.Object),java.util.Collections$UnmodifiableSortedSet,headSet,Collections.java,,NOT_IN_CACHE,False,Not In Cache,N/A,False,
java.util.Collections$UnmodifiableSortedSet.last(),java.util.Collections$UnmodifiableSortedSet,last,Collections.java,,NOT_IN_CACHE,False,Not In Cache,N/A,False,
"java.util.Collections$UnmodifiableSortedSet.subSet(java.lang.Object,java.lang.Object)",java.util.Collections$UnmodifiableSortedSet,subSet,Collections.java,,NOT_IN_CACHE,False,Not In Cache,N/A,False,
java.util.Collections$UnmodifiableSortedSet.tailSet(java.lang.Object),java.util.Collections$UnmodifiableSortedSet,tailSet,Collections.java,,NOT_IN_CACHE,False,Not In Cache,N/A,False,
java.util.Collections.<init>(),java.util.Collections,<init>,Collections.java,,NOT_IN_CACHE,False,Not In Cache,N/A,False,
java.util.Collections.characteristics(),java.util.Collections,characteristics,Collections.java,,NOT_IN_CACHE,False,Not In Cache,N/A,False,
java.util.Collections.enumeration(java.util.final Collection),java.util.Collections,enumeration,Collections.java,,NOT_IN_CACHE,False,Not In Cache,N/A,False,
java.util.Collections.estimateSize(),java.util.Collections,estimateSize,Collections.java,,NOT_IN_CACHE,False,Not In Cache,N/A,False,
java.util.Collections.forEachRemaining(java.util.function.Consumer),java.util.Collections,forEachRemaining,Collections.java,,NOT_IN_CACHE,False,Not In Cache,N/A,False,
java.util.Collections.hasMoreElements(),java.util.Collections,hasMoreElements,Collections.java,,NOT_IN_CACHE,False,Not In Cache,N/A,False,
java.util.Collections.hasNext(),java.util.Collections,hasNext,Collections.java,Pure,NOT_IN_CACHE,False,Not In Cache,N/A,False,
"java.util.Collections.nCopies(int,java.lang.Object)",java.util.Collections,nCopies,Collections.java,,NOT_IN_CACHE,False,Not In Cache,N/A,False,
java.util.Collections.next(java.util./*Iterator),java.util.Collections,next,Collections.java,,NOT_IN_CACHE,False,Not In Cache,N/A,False,
java.util.Collections.nextElement(java.util./*Enumeration),java.util.Collections,nextElement,Collections.java,,NOT_IN_CACHE,False,Not In Cache,N/A,False,
java.util.Collections.remove(),java.util.Collections,remove,Collections.java,,NOT_IN_CACHE,False,Not In Cache,N/A,False,
"java.util.Collections.rotate2(java.util.List,int)",java.util.Collections,rotate2,Collections.java,,NOT_IN_CACHE,False,Not In Cache,N/A,False,
java.util.Collections.singletonIterator(java.util.final E),java.util.Collections,singletonIterator,Collections.java,,NOT_IN_CACHE,False,Not In Cache,N/A,False,
java.util.Collections.singletonSpliterator(java.util.final T),java.util.Collections,singletonSpliterator,Collections.java,,NOT_IN_CACHE,False,Not In Cache,N/A,False,
java.util.Collections.sort(java.util.List),java.util.Collections,sort,Collections.java,,NOT_IN_CACHE,False,Not In Cache,N/A,False,
"java.util.Collections.sort(java.util.List,java.util.Comparator)",java.util.Collections,sort,Collections.java,,NOT_IN_CACHE,False,Not In Cache,N/A,False,
java.util.Collections.synchronizedMap(java.util.Map),java.util.Collections,synchronizedMap,Collections.java,,NOT_IN_CACHE,False,Not In Cache,N/A,False,
java.util.Collections.tryAdvance(java.util.function.Consumer),java.util.Collections,tryAdvance,Collections.java,,NOT_IN_CACHE,False,Not In Cache,N/A,False,
java.util.Collections.trySplit(),java.util.Collections,trySplit,Collections.java,,NOT_IN_CACHE,False,Not In Cache,N/A,False,
java.util.Collections.unmodifiableMap(java.util.Map),java.util.Collections,unmodifiableMap,Collections.java,,NOT_IN_CACHE,False,Not In Cache,N/A,False,
java.util.Collections.unmodifiableSequencedMap(java.util.SequencedMap),java.util.Collections,unmodifiableSequencedMap,Collections.java,,NOT_IN_CACHE,False,Not In Cache,N/A,False,
"java.util.Comparator.compare(java.lang.Object,java.lang.Object)",java.util.Comparator,compare,Comparator.java,,NOT_IN_CACHE,False,Not In Cache,N/A,False,
java.util.Comparator.comparing(java.util.function.Function),java.util.Comparator,comparing,Comparator.java,,NOT_IN_CACHE,False,Not In Cache,N/A,False,
"java.util.Comparator.comparing(java.util.function.Function,java.util.Comparator)",java.util.Comparator,comparing,Comparator.java,,NOT_IN_CACHE,False,Not In Cache,N/A,False,
java.util.Comparator.comparingDouble(java.util.function.ToDoubleFunction),java.util.Comparator,comparingDouble,Comparator.java,,NOT_IN_CACHE,False,Not In Cache,N/A,False,
java.util.Comparator.comparingInt(java.util.function.ToIntFunction),java.util.Comparator,comparingInt,Comparator.java,,NOT_IN_CACHE,False,Not In Cache,N/A,False,
java.util.Comparator.comparingLong(java.util.function.ToLongFunction),java.util.Comparator,comparingLong,Comparator.java,,NOT_IN_CACHE,False,Not In Cache,N/A,False,
java.util.Comparator.equals(java.lang.Object),java.util.Comparator,equals,Comparator.java,Pure,NOT_IN_CACHE,True,Not In Cache,N/A,False,
java.util.Comparator.naturalOrder(),java.util.Comparator,naturalOrder,Comparator.java,,NOT_IN_CACHE,False,Not In Cache,N/A,False,
java.util.Comparator.nullsFirst(java.util.Comparator),java.util.Comparator,nullsFirst,Comparator.java,,NOT_IN_CACHE,False,Not In Cache,N/A,False,
java.util.Comparator.nullsLast(java.util.Comparator),java.util.Comparator,nullsLast,Comparator.java,,NOT_IN_CACHE,False,Not In Cache,N/A,False,
java.util.Comparator.reverseOrder(),java.util.Comparator,reverseOrder,Comparator.java,,NOT_IN_CACHE,False,Not In Cache,N/A,False,
java.util.Comparator.reversed(),java.util.Comparator,reversed,Comparator.java,,NOT_IN_CACHE,False,Not In Cache,N/A,False,
java.util.Comparator.thenComparing(java.util.Comparator),java.util.Comparator,thenComparing,Comparator.java,,NOT_IN_CACHE,False,Not In Cache,N/A,False,
java.util.Comparator.thenComparing(java.util.function.Function),java.util.Comparator,thenComparing,Comparator.java,,NOT_IN_CACHE,False,Not In Cache,N/A,False,
"java.util.Comparator.thenComparing(java.util.function.Function,java.util.Comparator)",java.util.Comparator,thenComparing,Comparator.java,,NOT_IN_CACHE,False,Not In Cache,N/A,False,
java.util.Comparator.thenComparingDouble(java.util.function.ToDoubleFunction),java.util.Comparator,thenComparingDouble,Comparator.java,,NOT_IN_CACHE,False,Not In Cache,N/A,False,
java.util.Comparator.thenComparingInt(java.util.function.ToIntFunction),java.util.Comparator,thenComparingInt,Comparator.java,,NOT_IN_CACHE,False,Not In Cache,N/A,False,
java.util.Comparator.thenComparingLong(java.util.function.ToLongFunction),java.util.Comparator,thenComparingLong,Comparator.java,,NOT_IN_CACHE,False,Not In Cache,N/A,False,
java.util.Currency$CurrencyNameGetter.CurrencyNameGetter(),java.util.Currency$CurrencyNameGetter,CurrencyNameGetter,Currency.java,,NOT_IN_CACHE,False,Not In Cache,N/A,False,
"java.util.Currency$CurrencyNameGetter.getObject(java.util.spi.CurrencyNameProvider,java.util.Locale,java.lang.String,java.lang.Object[])",java.util.Currency$CurrencyNameGetter,getObject,Currency.java,,NOT_IN_CACHE,False,Not In Cache,N/A,False,
"java.util.Currency$CurrencyProperty.<init>(java.lang.String,java.lang.String,int,int,java.lang.String)",java.util.Currency$CurrencyProperty,<init>,Currency.java,,NOT_IN_CACHE,False,Not In Cache,N/A,False,
"java.util.Currency$CurrencyProperty.CurrencyProperty(java.util.ctry,java.util.m$group(1),java.lang.Integer$parseInt(m$group(3)),java.lang.Integer$parseInt(m$group(2)),java.util.m$group(4))",java.util.Currency$CurrencyProperty,CurrencyProperty,Currency.java,,NOT_IN_CACHE,False,Not In Cache,N/A,False,
java.util.Currency$CurrencyProperty.containsInconsistentInstances(java.util.List),java.util.Currency$CurrencyProperty,containsInconsistentInstances,Currency.java,,NOT_IN_CACHE,False,Not In Cache,N/A,False,
"java.util.Currency$CurrencyProperty.getValidEntry(java.lang.String,java.lang.String,java.util.regex.Pattern)",java.util.Currency$CurrencyProperty,getValidEntry,Currency.java,,NOT_IN_CACHE,False,Not In Cache,N/A,False,
"java.util.Currency$CurrencyProperty.info(java.lang.String,java.lang.Throwable)",java.util.Currency$CurrencyProperty,info,Currency.java,,NOT_IN_CACHE,False,Not In Cache,N/A,False,
java.util.Currency$CurrencyProperty.isPastCutoverDate(java.lang.String),java.util.Currency$CurrencyProperty,isPastCutoverDate,Currency.java,,NOT_IN_CACHE,False,Not In Cache,N/A,False,
"java.util.Currency$CurrencyProperty.parseProperty(java.lang.String,java.lang.String,java.util.regex.Pattern)",java.util.Currency$CurrencyProperty,parseProperty,Currency.java,,NOT_IN_CACHE,False,Not In Cache,N/A,False,
"java.util.Currency$OtherCurrencyEntry.<init>(java.lang.String,int,int)",java.util.Currency$OtherCurrencyEntry,<init>,Currency.java,,NOT_IN_CACHE,False,Not In Cache,N/A,False,
java.util.Currency$OtherCurrencyEntry.findEntry(java.lang.String),java.util.Currency$OtherCurrencyEntry,findEntry,Currency.java,,NOT_IN_CACHE,False,Not In Cache,N/A,False,
"java.util.Currency$SpecialCaseEntry.<init>(java.lang.String,int,int)",java.util.Currency$SpecialCaseEntry,<init>,Currency.java,,NOT_IN_CACHE,False,Not In Cache,N/A,False,
"java.util.Currency$SpecialCaseEntry.<init>(long,java.lang.String,java.lang.String,int,int,int,int)",java.util.Currency$SpecialCaseEntry,<init>,Currency.java,,NOT_IN_CACHE,False,Not In Cache,N/A,False,
java.util.Currency$SpecialCaseEntry.currencyCodeIndex(java.lang.String),java.util.Currency$SpecialCaseEntry,currencyCodeIndex,Currency.java,,NOT_IN_CACHE,False,Not In Cache,N/A,False,
java.util.Currency$SpecialCaseEntry.findEntry(java.lang.String),java.util.Currency$SpecialCaseEntry,findEntry,Currency.java,,NOT_IN_CACHE,False,Not In Cache,N/A,False,
"java.util.Currency$SpecialCaseEntry.indexOf(java.lang.String,int,int)",java.util.Currency$SpecialCaseEntry,indexOf,Currency.java,,NOT_IN_CACHE,False,Not In Cache,N/A,False,
java.util.Currency$SpecialCaseEntry.toIndex(int),java.util.Currency$SpecialCaseEntry,toIndex,Currency.java,,NOT_IN_CACHE,False,Not In Cache,N/A,False,
"java.util.Currency.<init>(java.lang.String,int,int)",java.util.Currency,<init>,Currency.java,,NOT_IN_CACHE,False,Not In Cache,N/A,False,
java.util.Currency.BufferedInputStream(java.util.in),java.util.Currency,BufferedInputStream,Currency.java,,NOT_IN_CACHE,False,Not In Cache,N/A,False,
"java.util.Currency.Currency(java.util.currencyCode,java.util.defaultFractionDigits,java.util.numericCode)",java.util.Currency,Currency,Currency.java,,NOT_IN_CACHE,False,Not In Cache,N/A,False,
"java.util.Currency.SpecialCaseEntry(java.util.code,java.util.fraction,java.util.numeric)",java.util.Currency,SpecialCaseEntry,Currency.java,,NOT_IN_CACHE,False,Not In Cache,N/A,False,
java.util.Currency.getAvailableCurrencies(),java.util.Currency,getAvailableCurrencies,Currency.java,,NOT_IN_CACHE,False,Not In Cache,N/A,False,
java.util.Currency.getCurrencyCode(),java.util.Currency,getCurrencyCode,Currency.java,,NOT_IN_CACHE,False,Not In Cache,N/A,False,
java.util.Currency.getDefaultFractionDigits(),java.util.Currency,getDefaultFractionDigits,Currency.java,,NOT_IN_CACHE,False,Not In Cache,N/A,False,
java.util.Currency.getDisplayName(),java.util.Currency,getDisplayName,Currency.java,,NOT_IN_CACHE,False,Not In Cache,N/A,False,
java.util.Currency.getDisplayName(java.util.Locale),java.util.Currency,getDisplayName,Currency.java,,NOT_IN_CACHE,False,Not In Cache,N/A,False,
java.util.Currency.getInstance(java.lang.String),java.util.Currency,getInstance,Currency.java,,NOT_IN_CACHE,False,Not In Cache,N/A,False,
"java.util.Currency.getInstance(java.lang.String,int,int)",java.util.Currency,getInstance,Currency.java,,NOT_IN_CACHE,False,Not In Cache,N/A,False,
java.util.Currency.getInstance(java.util.Locale),java.util.Currency,getInstance,Currency.java,,NOT_IN_CACHE,False,Not In Cache,N/A,False,
"java.util.Currency.getMainTableEntry(char,char)",java.util.Currency,getMainTableEntry,Currency.java,,NOT_IN_CACHE,False,Not In Cache,N/A,False,
java.util.Currency.getNumericCode(),java.util.Currency,getNumericCode,Currency.java,,NOT_IN_CACHE,False,Not In Cache,N/A,False,
java.util.Currency.getNumericCodeAsString(),java.util.Currency,getNumericCodeAsString,Currency.java,,NOT_IN_CACHE,False,Not In Cache,N/A,False,
java.util.Currency.getSymbol(),java.util.Currency,getSymbol,Currency.java,,NOT_IN_CACHE,False,Not In Cache,N/A,False,
java.util.Currency.getSymbol(java.util.Locale),java.util.Currency,getSymbol,Currency.java,,NOT_IN_CACHE,False,Not In Cache,N/A,False,
"java.util.Currency.getValidCurrencyData(java.util.Properties,java.util.regex.Pattern)",java.util.Currency,getValidCurrencyData,Currency.java,,NOT_IN_CACHE,False,Not In Cache,N/A,False,
java.util.Currency.initStatic(),java.util.Currency,initStatic,Currency.java,,NOT_IN_CACHE,False,Not In Cache,N/A,False,
"java.util.Currency.readIntArray(java.io.DataInputStream,int)",java.util.Currency,readIntArray,Currency.java,,NOT_IN_CACHE,False,Not In Cache,N/A,False,
"java.util.Currency.readOtherCurrencies(java.io.DataInputStream,int)",java.util.Currency,readOtherCurrencies,Currency.java,,NOT_IN_CACHE,False,Not In Cache,N/A,False,
java.util.Currency.readResolve(),java.util.Currency,readResolve,Currency.java,,NOT_IN_CACHE,False,Not In Cache,N/A,False,
"java.util.Currency.readSpecialCases(java.io.DataInputStream,int)",java.util.Currency,readSpecialCases,Currency.java,,NOT_IN_CACHE,False,Not In Cache,N/A,False,
java.util.Currency.replaceCurrencyData(java.util.CurrencyProperty),java.util.Currency,replaceCurrencyData,Currency.java,,NOT_IN_CACHE,False,Not In Cache,N/A,False,
java.util.Currency.run(),java.util.Currency,run,Currency.java,,NOT_IN_CACHE,False,Not In Cache,N/A,False,
"java.util.Currency.setMainTableEntry(char,char,int)",java.util.Currency,setMainTableEntry,Currency.java,,NOT_IN_CACHE,False,Not In Cache,N/A,False,
java.util.Currency.toString(),java.util.Currency,toString,Currency.java,SideEffectFree,NOT_IN_CACHE,True,Not In Cache,N/A,False,
"java.util.Currency.updateMainTableEntry(java.lang.String,int,int)",java.util.Currency,updateMainTableEntry,Currency.java,,NOT_IN_CACHE,False,Not In Cache,N/A,False,
java.util.Date.<init>(),java.util.Date,<init>,Date.java,,NOT_IN_CACHE,False,Not In Cache,N/A,False,
"java.util.Date.<init>(int,int,int,int,int)",java.util.Date,<init>,Date.java,,NOT_IN_CACHE,False,Not In Cache,N/A,False,
"java.util.Date.<init>(int,int,int,int,int,int)",java.util.Date,<init>,Date.java,,NOT_IN_CACHE,False,Not In Cache,N/A,False,
java.util.Date.<init>(java.lang.String),java.util.Date,<init>,Date.java,,NOT_IN_CACHE,False,Not In Cache,N/A,False,
java.util.Date.<init>(long),java.util.Date,<init>,Date.java,,NOT_IN_CACHE,False,Not In Cache,N/A,False,
java.util.Date.Date(java.util.0),java.util.Date,Date,Date.java,,NOT_IN_CACHE,False,Not In Cache,N/A,False,
java.util.Date.Date(java.util.instant$toEpochMilli()),java.util.Date,Date,Date.java,,NOT_IN_CACHE,False,Not In Cache,N/A,False,
java.util.Date.after(java.util.Date),java.util.Date,after,Date.java,,NOT_IN_CACHE,False,Not In Cache,N/A,False,
java.util.Date.clone(),java.util.Date,clone,Date.java,SideEffectFree,NOT_IN_CACHE,True,Not In Cache,N/A,False,
"java.util.Date.convertToAbbr(java.lang.StringBuilder,java.lang.String)",java.util.Date,convertToAbbr,Date.java,,NOT_IN_CACHE,False,Not In Cache,N/A,False,
java.util.Date.equals(java.lang.Object),java.util.Date,equals,Date.java,Pure,NOT_IN_CACHE,True,Not In Cache,N/A,False,
java.util.Date.from(java.time.Instant),java.util.Date,from,Date.java,,NOT_IN_CACHE,False,Not In Cache,N/A,False,
java.util.Date.getCalendarDate(),java.util.Date,getCalendarDate,Date.java,,NOT_IN_CACHE,False,Not In Cache,N/A,False,
java.util.Date.getDate(),java.util.Date,getDate,Date.java,,NOT_IN_CACHE,False,Not In Cache,N/A,False,
java.util.Date.getDay(),java.util.Date,getDay,Date.java,,NOT_IN_CACHE,False,Not In Cache,N/A,False,
java.util.Date.getHours(),java.util.Date,getHours,Date.java,,NOT_IN_CACHE,False,Not In Cache,N/A,False,
java.util.Date.getMillisOf(java.util.Date),java.util.Date,getMillisOf,Date.java,,NOT_IN_CACHE,False,Not In Cache,N/A,False,
java.util.Date.getMillisOf(java.util.anotherDate),java.util.Date,getMillisOf,Date.java,,NOT_IN_CACHE,False,Not In Cache,N/A,False,
java.util.Date.getTimezoneOffset(),java.util.Date,getTimezoneOffset,Date.java,,NOT_IN_CACHE,False,Not In Cache,N/A,False,
java.util.Date.getYear(),java.util.Date,getYear,Date.java,,NOT_IN_CACHE,False,Not In Cache,N/A,False,
java.util.Date.hashCode(),java.util.Date,hashCode,Date.java,Pure,NOT_IN_CACHE,True,Not In Cache,N/A,False,
java.util.Date.normalize(sun.util.calendar.BaseCalendar$Date),java.util.Date,normalize,Date.java,,NOT_IN_CACHE,False,Not In Cache,N/A,False,
java.util.Date.parse(java.lang.String),java.util.Date,parse,Date.java,,NOT_IN_CACHE,False,Not In Cache,N/A,False,
java.util.Date.readObject(java.io.ObjectInputStream),java.util.Date,readObject,Date.java,,NOT_IN_CACHE,False,Not In Cache,N/A,False,
java.util.Date.toGMTString(),java.util.Date,toGMTString,Date.java,,NOT_IN_CACHE,False,Not In Cache,N/A,False,
java.util.Date.toInstant(),java.util.Date,toInstant,Date.java,,NOT_IN_CACHE,False,Not In Cache,N/A,False,
java.util.Date.toString(),java.util.Date,toString,Date.java,SideEffectFree,NOT_IN_CACHE,True,Not In Cache,N/A,False,
java.util.Date.writeObject(java.io.ObjectOutputStream),java.util.Date,writeObject,Date.java,,NOT_IN_CACHE,False,Not In Cache,N/A,False,
java.util.Deque.add(java.lang.Object),java.util.Deque,add,Deque.java,,NOT_IN_CACHE,False,Not In Cache,N/A,False,
java.util.Deque.addAll(java.util.Collection),java.util.Deque,addAll,Deque.java,,NOT_IN_CACHE,False,Not In Cache,N/A,False,
java.util.Deque.addFirst(java.lang.Object),java.util.Deque,addFirst,Deque.java,,NOT_IN_CACHE,False,Not In Cache,N/A,False,
java.util.Deque.addLast(java.lang.Object),java.util.Deque,addLast,Deque.java,,NOT_IN_CACHE,False,Not In Cache,N/A,False,
java.util.Deque.contains(java.lang.Object),java.util.Deque,contains,Deque.java,Pure,NOT_IN_CACHE,True,Not In Cache,N/A,False,
java.util.Deque.descendingIterator(),java.util.Deque,descendingIterator,Deque.java,,NOT_IN_CACHE,False,Not In Cache,N/A,False,
java.util.Deque.element(),java.util.Deque,element,Deque.java,,NOT_IN_CACHE,False,Not In Cache,N/A,False,
java.util.Deque.getFirst(),java.util.Deque,getFirst,Deque.java,,NOT_IN_CACHE,False,Not In Cache,N/A,False,
java.util.Deque.getLast(),java.util.Deque,getLast,Deque.java,,NOT_IN_CACHE,False,Not In Cache,N/A,False,
java.util.Deque.iterator(),java.util.Deque,iterator,Deque.java,SideEffectFree,NOT_IN_CACHE,False,Not In Cache,N/A,False,
java.util.Deque.offer(java.lang.Object),java.util.Deque,offer,Deque.java,,NOT_IN_CACHE,False,Not In Cache,N/A,False,
java.util.Deque.offerFirst(java.lang.Object),java.util.Deque,offerFirst,Deque.java,,NOT_IN_CACHE,False,Not In Cache,N/A,False,
java.util.Deque.offerLast(java.lang.Object),java.util.Deque,offerLast,Deque.java,,NOT_IN_CACHE,False,Not In Cache,N/A,False,
java.util.Deque.pop(),java.util.Deque,pop,Deque.java,,NOT_IN_CACHE,False,Not In Cache,N/A,False,
java.util.Deque.push(java.lang.Object),java.util.Deque,push,Deque.java,,NOT_IN_CACHE,False,Not In Cache,N/A,False,
java.util.Deque.remove(),java.util.Deque,remove,Deque.java,,NOT_IN_CACHE,False,Not In Cache,N/A,False,
java.util.Deque.remove(java.lang.Object),java.util.Deque,remove,Deque.java,,NOT_IN_CACHE,False,Not In Cache,N/A,False,
java.util.Deque.removeFirst(),java.util.Deque,removeFirst,Deque.java,,NOT_IN_CACHE,False,Not In Cache,N/A,False,
java.util.Deque.removeFirstOccurrence(java.lang.Object),java.util.Deque,removeFirstOccurrence,Deque.java,,NOT_IN_CACHE,False,Not In Cache,N/A,False,
java.util.Deque.removeLast(),java.util.Deque,removeLast,Deque.java,,NOT_IN_CACHE,False,Not In Cache,N/A,False,
java.util.Deque.removeLastOccurrence(java.lang.Object),java.util.Deque,removeLastOccurrence,Deque.java,,NOT_IN_CACHE,False,Not In Cache,N/A,False,
java.util.Deque.reversed(),java.util.Deque,reversed,Deque.java,,NOT_IN_CACHE,False,Not In Cache,N/A,False,
java.util.Deque.size(),java.util.Deque,size,Deque.java,Pure,NOT_IN_CACHE,True,Not In Cache,N/A,False,
java.util.Dictionary.<init>(),java.util.Dictionary,<init>,Dictionary.java,,NOT_IN_CACHE,False,Not In Cache,N/A,False,
java.util.Dictionary.elements(),java.util.Dictionary,elements,Dictionary.java,,NOT_IN_CACHE,False,Not In Cache,N/A,False,
java.util.Dictionary.get(java.lang.Object),java.util.Dictionary,get,Dictionary.java,Pure,NOT_IN_CACHE,True,Not In Cache,N/A,False,
java.util.Dictionary.isEmpty(),java.util.Dictionary,isEmpty,Dictionary.java,Pure,NOT_IN_CACHE,True,Not In Cache,N/A,False,
java.util.Dictionary.keys(),java.util.Dictionary,keys,Dictionary.java,,NOT_IN_CACHE,False,Not In Cache,N/A,False,
"java.util.Dictionary.put(java.lang.Object,java.lang.Object)",java.util.Dictionary,put,Dictionary.java,,NOT_IN_CACHE,False,Not In Cache,N/A,False,
java.util.Dictionary.remove(java.lang.Object),java.util.Dictionary,remove,Dictionary.java,,NOT_IN_CACHE,False,Not In Cache,N/A,False,
java.util.Dictionary.size(),java.util.Dictionary,size,Dictionary.java,Pure,NOT_IN_CACHE,True,Not In Cache,N/A,False,
java.util.EnumMap$EntryIterator$Entry.<init>(int),java.util.EnumMap$EntryIterator$Entry,<init>,EnumMap.java,,NOT_IN_CACHE,False,Not In Cache,N/A,False,
java.util.EnumMap$EntryIterator$Entry.checkIndexForEntryUse(),java.util.EnumMap$EntryIterator$Entry,checkIndexForEntryUse,EnumMap.java,,NOT_IN_CACHE,False,Not In Cache,N/A,False,
java.util.EnumMap$EntryIterator$Entry.equals(java.lang.Object),java.util.EnumMap$EntryIterator$Entry,equals,EnumMap.java,,NOT_IN_CACHE,False,Not In Cache,N/A,False,
java.util.EnumMap$EntryIterator$Entry.getKey(),java.util.EnumMap$EntryIterator$Entry,getKey,EnumMap.java,,NOT_IN_CACHE,False,Not In Cache,N/A,False,
java.util.EnumMap$EntryIterator$Entry.getValue(),java.util.EnumMap$EntryIterator$Entry,getValue,EnumMap.java,,NOT_IN_CACHE,False,Not In Cache,N/A,False,
java.util.EnumMap$EntryIterator$Entry.hashCode(),java.util.EnumMap$EntryIterator$Entry,hashCode,EnumMap.java,,NOT_IN_CACHE,False,Not In Cache,N/A,False,
java.util.EnumMap$EntryIterator$Entry.setValue(java.lang.Object),java.util.EnumMap$EntryIterator$Entry,setValue,EnumMap.java,,NOT_IN_CACHE,False,Not In Cache,N/A,False,
java.util.EnumMap$EntryIterator$Entry.toString(),java.util.EnumMap$EntryIterator$Entry,toString,EnumMap.java,,NOT_IN_CACHE,False,Not In Cache,N/A,False,
java.util.EnumMap$EntryIterator.next(),java.util.EnumMap$EntryIterator,next,EnumMap.java,,NOT_IN_CACHE,False,Not In Cache,N/A,False,
java.util.EnumMap$EntryIterator.remove(),java.util.EnumMap$EntryIterator,remove,EnumMap.java,,NOT_IN_CACHE,False,Not In Cache,N/A,False,
java.util.EnumMap$EntrySet.clear(),java.util.EnumMap$EntrySet,clear,EnumMap.java,,NOT_IN_CACHE,False,Not In Cache,N/A,False,
java.util.EnumMap$EntrySet.contains(java.lang.Object),java.util.EnumMap$EntrySet,contains,EnumMap.java,Pure,NOT_IN_CACHE,False,Not In Cache,N/A,False,
java.util.EnumMap$EntrySet.fillEntryArray(java.lang.Object[]),java.util.EnumMap$EntrySet,fillEntryArray,EnumMap.java,,NOT_IN_CACHE,False,Not In Cache,N/A,False,
java.util.EnumMap$EntrySet.fillEntryArray(java.util.a),java.util.EnumMap$EntrySet,fillEntryArray,EnumMap.java,,NOT_IN_CACHE,False,Not In Cache,N/A,False,
java.util.EnumMap$EntrySet.iterator(),java.util.EnumMap$EntrySet,iterator,EnumMap.java,SideEffectFree,NOT_IN_CACHE,False,Not In Cache,N/A,False,
java.util.EnumMap$EntrySet.remove(java.lang.Object),java.util.EnumMap$EntrySet,remove,EnumMap.java,,NOT_IN_CACHE,False,Not In Cache,N/A,False,
java.util.EnumMap$EntrySet.size(),java.util.EnumMap$EntrySet,size,EnumMap.java,Pure,NOT_IN_CACHE,False,Not In Cache,N/A,False,
java.util.EnumMap$EntrySet.toArray(),java.util.EnumMap$EntrySet,toArray,EnumMap.java,SideEffectFree,NOT_IN_CACHE,False,Not In Cache,N/A,False,
java.util.EnumMap$EntrySet.toArray(java.lang.Object[]),java.util.EnumMap$EntrySet,toArray,EnumMap.java,,NOT_IN_CACHE,False,Not In Cache,N/A,False,
java.util.EnumMap$EnumMapIterator.checkLastReturnedIndex(),java.util.EnumMap$EnumMapIterator,checkLastReturnedIndex,EnumMap.java,,NOT_IN_CACHE,False,Not In Cache,N/A,False,
java.util.EnumMap$EnumMapIterator.hasNext(),java.util.EnumMap$EnumMapIterator,hasNext,EnumMap.java,Pure,NOT_IN_CACHE,False,Not In Cache,N/A,False,
java.util.EnumMap$EnumMapIterator.remove(),java.util.EnumMap$EnumMapIterator,remove,EnumMap.java,,NOT_IN_CACHE,False,Not In Cache,N/A,False,
java.util.EnumMap$KeyIterator.next(),java.util.EnumMap$KeyIterator,next,EnumMap.java,,NOT_IN_CACHE,False,Not In Cache,N/A,False,
java.util.EnumMap$KeySet.clear(),java.util.EnumMap$KeySet,clear,EnumMap.java,,NOT_IN_CACHE,False,Not In Cache,N/A,False,
java.util.EnumMap$KeySet.contains(java.lang.Object),java.util.EnumMap$KeySet,contains,EnumMap.java,Pure,NOT_IN_CACHE,False,Not In Cache,N/A,False,
java.util.EnumMap$KeySet.iterator(),java.util.EnumMap$KeySet,iterator,EnumMap.java,SideEffectFree,NOT_IN_CACHE,False,Not In Cache,N/A,False,
java.util.EnumMap$KeySet.remove(java.lang.Object),java.util.EnumMap$KeySet,remove,EnumMap.java,,NOT_IN_CACHE,False,Not In Cache,N/A,False,
java.util.EnumMap$KeySet.size(),java.util.EnumMap$KeySet,size,EnumMap.java,Pure,NOT_IN_CACHE,False,Not In Cache,N/A,False,
java.util.EnumMap$ValueIterator.next(),java.util.EnumMap$ValueIterator,next,EnumMap.java,,NOT_IN_CACHE,False,Not In Cache,N/A,False,
java.util.EnumMap$Values.clear(),java.util.EnumMap$Values,clear,EnumMap.java,,NOT_IN_CACHE,False,Not In Cache,N/A,False,
java.util.EnumMap$Values.contains(java.lang.Object),java.util.EnumMap$Values,contains,EnumMap.java,Pure,NOT_IN_CACHE,False,Not In Cache,N/A,False,
java.util.EnumMap$Values.iterator(),java.util.EnumMap$Values,iterator,EnumMap.java,SideEffectFree,NOT_IN_CACHE,False,Not In Cache,N/A,False,
java.util.EnumMap$Values.remove(java.lang.Object),java.util.EnumMap$Values,remove,EnumMap.java,,NOT_IN_CACHE,False,Not In Cache,N/A,False,
java.util.EnumMap$Values.size(),java.util.EnumMap$Values,size,EnumMap.java,Pure,NOT_IN_CACHE,False,Not In Cache,N/A,False,
java.util.EnumMap.<init>(java.util.EnumMap),java.util.EnumMap,<init>,EnumMap.java,,NOT_IN_CACHE,False,Not In Cache,N/A,False,
java.util.EnumMap.<init>(java.util.Map),java.util.EnumMap,<init>,EnumMap.java,,NOT_IN_CACHE,False,Not In Cache,N/A,False,
java.util.EnumMap.clear(),java.util.EnumMap,clear,EnumMap.java,,NOT_IN_CACHE,False,Not In Cache,N/A,False,
java.util.EnumMap.clone(),java.util.EnumMap,clone,EnumMap.java,,NOT_IN_CACHE,False,Not In Cache,N/A,False,
java.util.EnumMap.containsKey(java.lang.Object),java.util.EnumMap,containsKey,EnumMap.java,Pure,NOT_IN_CACHE,False,Not In Cache,N/A,False,
"java.util.EnumMap.containsMapping(java.lang.Object,java.lang.Object)",java.util.EnumMap,containsMapping,EnumMap.java,,NOT_IN_CACHE,False,Not In Cache,N/A,False,
java.util.EnumMap.containsValue(java.lang.Object),java.util.EnumMap,containsValue,EnumMap.java,Pure,NOT_IN_CACHE,False,Not In Cache,N/A,False,
java.util.EnumMap.entryHashCode(int),java.util.EnumMap,entryHashCode,EnumMap.java,,NOT_IN_CACHE,False,Not In Cache,N/A,False,
java.util.EnumMap.entrySet(),java.util.EnumMap,entrySet,EnumMap.java,SideEffectFree,NOT_IN_CACHE,False,Not In Cache,N/A,False,
java.util.EnumMap.equals(java.lang.Object),java.util.EnumMap,equals,EnumMap.java,,NOT_IN_CACHE,False,Not In Cache,N/A,False,
java.util.EnumMap.equals(java.util.EnumMap),java.util.EnumMap,equals,EnumMap.java,,NOT_IN_CACHE,False,Not In Cache,N/A,False,
java.util.EnumMap.get(java.lang.Object),java.util.EnumMap,get,EnumMap.java,,NOT_IN_CACHE,False,Not In Cache,N/A,False,
java.util.EnumMap.hashCode(),java.util.EnumMap,hashCode,EnumMap.java,,NOT_IN_CACHE,False,Not In Cache,N/A,False,
java.util.EnumMap.isValidKey(java.lang.Object),java.util.EnumMap,isValidKey,EnumMap.java,,NOT_IN_CACHE,False,Not In Cache,N/A,False,
java.util.EnumMap.keySet(),java.util.EnumMap,keySet,EnumMap.java,,NOT_IN_CACHE,False,Not In Cache,N/A,False,
java.util.EnumMap.maskNull(java.lang.Object),java.util.EnumMap,maskNull,EnumMap.java,,NOT_IN_CACHE,False,Not In Cache,N/A,False,
"java.util.EnumMap.put(java.lang.Object,java.lang.Object)",java.util.EnumMap,put,EnumMap.java,,NOT_IN_CACHE,False,Not In Cache,N/A,False,
java.util.EnumMap.putAll(java.util.Map),java.util.EnumMap,putAll,EnumMap.java,,NOT_IN_CACHE,False,Not In Cache,N/A,False,
java.util.EnumMap.readObject(java.util.java$io$ObjectInputStream),java.util.EnumMap,readObject,EnumMap.java,,NOT_IN_CACHE,False,Not In Cache,N/A,False,
java.util.EnumMap.remove(java.lang.Object),java.util.EnumMap,remove,EnumMap.java,,NOT_IN_CACHE,False,Not In Cache,N/A,False,
"java.util.EnumMap.removeMapping(java.lang.Object,java.lang.Object)",java.util.EnumMap,removeMapping,EnumMap.java,,NOT_IN_CACHE,False,Not In Cache,N/A,False,
java.util.EnumMap.size(),java.util.EnumMap,size,EnumMap.java,Pure,NOT_IN_CACHE,False,Not In Cache,N/A,False,
java.util.EnumMap.toString(),java.util.EnumMap,toString,EnumMap.java,,NOT_IN_CACHE,False,Not In Cache,N/A,False,
java.util.EnumMap.typeCheck(java.lang.Object),java.util.EnumMap,typeCheck,EnumMap.java,,NOT_IN_CACHE,False,Not In Cache,N/A,False,
java.util.EnumMap.unmaskNull(java.lang.Object),java.util.EnumMap,unmaskNull,EnumMap.java,,NOT_IN_CACHE,False,Not In Cache,N/A,False,
java.util.EnumMap.values(),java.util.EnumMap,values,EnumMap.java,,NOT_IN_CACHE,False,Not In Cache,N/A,False,
java.util.EnumMap.writeObject(java.util.java$io$ObjectOutputStream),java.util.EnumMap,writeObject,EnumMap.java,,NOT_IN_CACHE,False,Not In Cache,N/A,False,
java.util.Enumeration.hasMoreElements(),java.util.Enumeration,hasMoreElements,Enumeration.java,Pure,NOT_IN_CACHE,False,Not In Cache,N/A,False,
java.util.Enumeration.hasNext(),java.util.Enumeration,hasNext,Enumeration.java,Pure,NOT_IN_CACHE,False,Not In Cache,N/A,False,
java.util.Enumeration.nextElement(),java.util.Enumeration,nextElement,Enumeration.java,,NOT_IN_CACHE,False,Not In Cache,N/A,False,
java.util.EventObject.<init>(java.lang.Object),java.util.EventObject,<init>,EventObject.java,,NOT_IN_CACHE,False,Not In Cache,N/A,False,
java.util.EventObject.getSource(),java.util.EventObject,getSource,EventObject.java,,NOT_IN_CACHE,False,Not In Cache,N/A,False,
java.util.EventObject.toString(),java.util.EventObject,toString,EventObject.java,SideEffectFree,NOT_IN_CACHE,True,Not In Cache,N/A,False,
java.util.Formatter$Conversion.isCharacter(char),java.util.Formatter$Conversion,isCharacter,Formatter.java,,NOT_IN_CACHE,False,Not In Cache,N/A,False,
java.util.Formatter$Conversion.isFloat(char),java.util.Formatter$Conversion,isFloat,Formatter.java,,NOT_IN_CACHE,False,Not In Cache,N/A,False,
java.util.Formatter$Conversion.isGeneral(char),java.util.Formatter$Conversion,isGeneral,Formatter.java,,NOT_IN_CACHE,False,Not In Cache,N/A,False,
java.util.Formatter$Conversion.isInteger(char),java.util.Formatter$Conversion,isInteger,Formatter.java,,NOT_IN_CACHE,False,Not In Cache,N/A,False,
java.util.Formatter$Conversion.isText(char),java.util.Formatter$Conversion,isText,Formatter.java,,NOT_IN_CACHE,False,Not In Cache,N/A,False,
java.util.Formatter$Conversion.isValid(char),java.util.Formatter$Conversion,isValid,Formatter.java,,NOT_IN_CACHE,False,Not In Cache,N/A,False,
java.util.Formatter$DateTime.isValid(char),java.util.Formatter$DateTime,isValid,Formatter.java,,NOT_IN_CACHE,False,Not In Cache,N/A,False,
"java.util.Formatter$FixedString.<init>(java.lang.String,int,int)",java.util.Formatter$FixedString,<init>,Formatter.java,,NOT_IN_CACHE,False,Not In Cache,N/A,False,
java.util.Formatter$FixedString.index(),java.util.Formatter$FixedString,index,Formatter.java,,NOT_IN_CACHE,False,Not In Cache,N/A,False,
"java.util.Formatter$FixedString.print(java.util.Formatter,java.lang.Object,java.util.Locale)",java.util.Formatter$FixedString,print,Formatter.java,,NOT_IN_CACHE,False,Not In Cache,N/A,False,
java.util.Formatter$FixedString.toString(),java.util.Formatter$FixedString,toString,Formatter.java,,NOT_IN_CACHE,False,Not In Cache,N/A,False,
"java.util.Formatter$Flags.add(int,int)",java.util.Formatter$Flags,add,Formatter.java,Pure,NOT_IN_CACHE,False,Not In Cache,N/A,False,
"java.util.Formatter$Flags.contains(int,int)",java.util.Formatter$Flags,contains,Formatter.java,,NOT_IN_CACHE,False,Not In Cache,N/A,False,
"java.util.Formatter$Flags.containsAny(int,int)",java.util.Formatter$Flags,containsAny,Formatter.java,,NOT_IN_CACHE,False,Not In Cache,N/A,False,
java.util.Formatter$Flags.parse(char),java.util.Formatter$Flags,parse,Formatter.java,,NOT_IN_CACHE,False,Not In Cache,N/A,False,
"java.util.Formatter$Flags.parse(java.lang.String,int,int)",java.util.Formatter$Flags,parse,Formatter.java,,NOT_IN_CACHE,False,Not In Cache,N/A,False,
"java.util.Formatter$Flags.remove(int,int)",java.util.Formatter$Flags,remove,Formatter.java,,NOT_IN_CACHE,False,Not In Cache,N/A,False,
java.util.Formatter$Flags.toString(int),java.util.Formatter$Flags,toString,Formatter.java,,NOT_IN_CACHE,False,Not In Cache,N/A,False,
"java.util.Formatter$FormatSpecifier$BigDecimalLayout.<init>(java.math.BigInteger,int,java.util.BigDecimalLayoutForm)",java.util.Formatter$FormatSpecifier$BigDecimalLayout,<init>,Formatter.java,,NOT_IN_CACHE,False,Not In Cache,N/A,False,
java.util.Formatter$FormatSpecifier$BigDecimalLayout.exponent(),java.util.Formatter$FormatSpecifier$BigDecimalLayout,exponent,Formatter.java,,NOT_IN_CACHE,False,Not In Cache,N/A,False,
java.util.Formatter$FormatSpecifier$BigDecimalLayout.hasDot(),java.util.Formatter$FormatSpecifier$BigDecimalLayout,hasDot,Formatter.java,,NOT_IN_CACHE,False,Not In Cache,N/A,False,
"java.util.Formatter$FormatSpecifier$BigDecimalLayout.layout(java.math.BigInteger,int,java.util.BigDecimalLayoutForm)",java.util.Formatter$FormatSpecifier$BigDecimalLayout,layout,Formatter.java,,NOT_IN_CACHE,False,Not In Cache,N/A,False,
java.util.Formatter$FormatSpecifier$BigDecimalLayout.mantissa(),java.util.Formatter$FormatSpecifier$BigDecimalLayout,mantissa,Formatter.java,,NOT_IN_CACHE,False,Not In Cache,N/A,False,
java.util.Formatter$FormatSpecifier$BigDecimalLayout.scale(),java.util.Formatter$FormatSpecifier$BigDecimalLayout,scale,Formatter.java,,NOT_IN_CACHE,False,Not In Cache,N/A,False,
java.util.Formatter$FormatSpecifier.<init>(char),java.util.Formatter$FormatSpecifier,<init>,Formatter.java,,NOT_IN_CACHE,False,Not In Cache,N/A,False,
"java.util.Formatter$FormatSpecifier.<init>(java.lang.String,java.util.regex.Matcher)",java.util.Formatter$FormatSpecifier,<init>,Formatter.java,,NOT_IN_CACHE,False,Not In Cache,N/A,False,
java.util.Formatter$FormatSpecifier.MathContext(java.util.prec),java.util.Formatter$FormatSpecifier,MathContext,Formatter.java,,NOT_IN_CACHE,False,Not In Cache,N/A,False,
"java.util.Formatter$FormatSpecifier.addZeros(java.lang.StringBuilder,int)",java.util.Formatter$FormatSpecifier,addZeros,Formatter.java,,NOT_IN_CACHE,False,Not In Cache,N/A,False,
"java.util.Formatter$FormatSpecifier.adjustWidth(int,int,boolean)",java.util.Formatter$FormatSpecifier,adjustWidth,Formatter.java,,NOT_IN_CACHE,False,Not In Cache,N/A,False,
"java.util.Formatter$FormatSpecifier.appendJustified(java.util.Appendable,java.lang.CharSequence)",java.util.Formatter$FormatSpecifier,appendJustified,Formatter.java,,NOT_IN_CACHE,False,Not In Cache,N/A,False,
java.util.Formatter$FormatSpecifier.checkBadFlags(int),java.util.Formatter$FormatSpecifier,checkBadFlags,Formatter.java,,NOT_IN_CACHE,False,Not In Cache,N/A,False,
java.util.Formatter$FormatSpecifier.checkCharacter(),java.util.Formatter$FormatSpecifier,checkCharacter,Formatter.java,,NOT_IN_CACHE,False,Not In Cache,N/A,False,
java.util.Formatter$FormatSpecifier.checkDateTime(),java.util.Formatter$FormatSpecifier,checkDateTime,Formatter.java,,NOT_IN_CACHE,False,Not In Cache,N/A,False,
java.util.Formatter$FormatSpecifier.checkFloat(),java.util.Formatter$FormatSpecifier,checkFloat,Formatter.java,,NOT_IN_CACHE,False,Not In Cache,N/A,False,
java.util.Formatter$FormatSpecifier.checkGeneral(),java.util.Formatter$FormatSpecifier,checkGeneral,Formatter.java,,NOT_IN_CACHE,False,Not In Cache,N/A,False,
java.util.Formatter$FormatSpecifier.checkInteger(),java.util.Formatter$FormatSpecifier,checkInteger,Formatter.java,,NOT_IN_CACHE,False,Not In Cache,N/A,False,
java.util.Formatter$FormatSpecifier.checkNumeric(),java.util.Formatter$FormatSpecifier,checkNumeric,Formatter.java,,NOT_IN_CACHE,False,Not In Cache,N/A,False,
java.util.Formatter$FormatSpecifier.checkText(),java.util.Formatter$FormatSpecifier,checkText,Formatter.java,,NOT_IN_CACHE,False,Not In Cache,N/A,False,
java.util.Formatter$FormatSpecifier.conversion(char),java.util.Formatter$FormatSpecifier,conversion,Formatter.java,,NOT_IN_CACHE,False,Not In Cache,N/A,False,
"java.util.Formatter$FormatSpecifier.failConversion(char,java.lang.Object)",java.util.Formatter$FormatSpecifier,failConversion,Formatter.java,,NOT_IN_CACHE,False,Not In Cache,N/A,False,
"java.util.Formatter$FormatSpecifier.failMismatch(int,char)",java.util.Formatter$FormatSpecifier,failMismatch,Formatter.java,,NOT_IN_CACHE,False,Not In Cache,N/A,False,
"java.util.Formatter$FormatSpecifier.flags(java.lang.String,int,int)",java.util.Formatter$FormatSpecifier,flags,Formatter.java,,NOT_IN_CACHE,False,Not In Cache,N/A,False,
java.util.Formatter$FormatSpecifier.getDecimalFormatSymbols(java.util.l),java.util.Formatter$FormatSpecifier,getDecimalFormatSymbols,Formatter.java,,NOT_IN_CACHE,False,Not In Cache,N/A,False,
"java.util.Formatter$FormatSpecifier.hexDouble(double,int)",java.util.Formatter$FormatSpecifier,hexDouble,Formatter.java,,NOT_IN_CACHE,False,Not In Cache,N/A,False,
java.util.Formatter$FormatSpecifier.index(),java.util.Formatter$FormatSpecifier,index,Formatter.java,,NOT_IN_CACHE,False,Not In Cache,N/A,False,
"java.util.Formatter$FormatSpecifier.index(java.lang.String,int,int)",java.util.Formatter$FormatSpecifier,index,Formatter.java,,NOT_IN_CACHE,False,Not In Cache,N/A,False,
"java.util.Formatter$FormatSpecifier.leadingSign(java.lang.StringBuilder,boolean)",java.util.Formatter$FormatSpecifier,leadingSign,Formatter.java,,NOT_IN_CACHE,False,Not In Cache,N/A,False,
"java.util.Formatter$FormatSpecifier.localizedMagnitude(java.util.Formatter,java.lang.StringBuilder,java.lang.CharSequence,java.util.final int,int,int,java.util.Locale)",java.util.Formatter$FormatSpecifier,localizedMagnitude,Formatter.java,,NOT_IN_CACHE,False,Not In Cache,N/A,False,
"java.util.Formatter$FormatSpecifier.localizedMagnitude(java.util.Formatter,java.lang.StringBuilder,long,int,int,java.util.Locale)",java.util.Formatter$FormatSpecifier,localizedMagnitude,Formatter.java,,NOT_IN_CACHE,False,Not In Cache,N/A,False,
"java.util.Formatter$FormatSpecifier.localizedMagnitudeExp(java.util.Formatter,java.lang.StringBuilder,char[],java.util.final int,java.util.Locale)",java.util.Formatter$FormatSpecifier,localizedMagnitudeExp,Formatter.java,,NOT_IN_CACHE,False,Not In Cache,N/A,False,
"java.util.Formatter$FormatSpecifier.precision(java.lang.String,int,int)",java.util.Formatter$FormatSpecifier,precision,Formatter.java,,NOT_IN_CACHE,False,Not In Cache,N/A,False,
"java.util.Formatter$FormatSpecifier.print(java.util.Formatter,byte,java.util.Locale)",java.util.Formatter$FormatSpecifier,print,Formatter.java,,NOT_IN_CACHE,False,Not In Cache,N/A,False,
"java.util.Formatter$FormatSpecifier.print(java.util.Formatter,double,java.util.Locale)",java.util.Formatter$FormatSpecifier,print,Formatter.java,,NOT_IN_CACHE,False,Not In Cache,N/A,False,
"java.util.Formatter$FormatSpecifier.print(java.util.Formatter,float,java.util.Locale)",java.util.Formatter$FormatSpecifier,print,Formatter.java,,NOT_IN_CACHE,False,Not In Cache,N/A,False,
"java.util.Formatter$FormatSpecifier.print(java.util.Formatter,int,java.util.Locale)",java.util.Formatter$FormatSpecifier,print,Formatter.java,,NOT_IN_CACHE,False,Not In Cache,N/A,False,
"java.util.Formatter$FormatSpecifier.print(java.util.Formatter,java.lang.Object,java.util.Locale)",java.util.Formatter$FormatSpecifier,print,Formatter.java,,NOT_IN_CACHE,False,Not In Cache,N/A,False,
"java.util.Formatter$FormatSpecifier.print(java.util.Formatter,java.lang.String,java.util.Locale)",java.util.Formatter$FormatSpecifier,print,Formatter.java,,NOT_IN_CACHE,False,Not In Cache,N/A,False,
"java.util.Formatter$FormatSpecifier.print(java.util.Formatter,java.lang.StringBuilder,double,java.util.Locale,int,char,int,boolean)",java.util.Formatter$FormatSpecifier,print,Formatter.java,,NOT_IN_CACHE,False,Not In Cache,N/A,False,
"java.util.Formatter$FormatSpecifier.print(java.util.Formatter,java.lang.StringBuilder,java.math.BigDecimal,java.util.Locale,int,char,int,boolean)",java.util.Formatter$FormatSpecifier,print,Formatter.java,,NOT_IN_CACHE,False,Not In Cache,N/A,False,
"java.util.Formatter$FormatSpecifier.print(java.util.Formatter,java.lang.StringBuilder,java.time.temporal.TemporalAccessor,char,java.util.Locale)",java.util.Formatter$FormatSpecifier,print,Formatter.java,,NOT_IN_CACHE,False,Not In Cache,N/A,False,
"java.util.Formatter$FormatSpecifier.print(java.util.Formatter,java.lang.StringBuilder,java.util.Calendar,char,java.util.Locale)",java.util.Formatter$FormatSpecifier,print,Formatter.java,,NOT_IN_CACHE,False,Not In Cache,N/A,False,
"java.util.Formatter$FormatSpecifier.print(java.util.Formatter,java.math.BigDecimal,java.util.Locale)",java.util.Formatter$FormatSpecifier,print,Formatter.java,,NOT_IN_CACHE,False,Not In Cache,N/A,False,
"java.util.Formatter$FormatSpecifier.print(java.util.Formatter,java.math.BigInteger,java.util.Locale)",java.util.Formatter$FormatSpecifier,print,Formatter.java,,NOT_IN_CACHE,False,Not In Cache,N/A,False,
"java.util.Formatter$FormatSpecifier.print(java.util.Formatter,java.time.temporal.TemporalAccessor,char,java.util.Locale)",java.util.Formatter$FormatSpecifier,print,Formatter.java,,NOT_IN_CACHE,False,Not In Cache,N/A,False,
"java.util.Formatter$FormatSpecifier.print(java.util.Formatter,java.util.Calendar,char,java.util.Locale)",java.util.Formatter$FormatSpecifier,print,Formatter.java,,NOT_IN_CACHE,False,Not In Cache,N/A,False,
"java.util.Formatter$FormatSpecifier.print(java.util.Formatter,long,java.util.Locale)",java.util.Formatter$FormatSpecifier,print,Formatter.java,,NOT_IN_CACHE,False,Not In Cache,N/A,False,
"java.util.Formatter$FormatSpecifier.print(java.util.Formatter,short,java.util.Locale)",java.util.Formatter$FormatSpecifier,print,Formatter.java,,NOT_IN_CACHE,False,Not In Cache,N/A,False,
"java.util.Formatter$FormatSpecifier.printBoolean(java.util.Formatter,java.lang.Object,java.util.Locale)",java.util.Formatter$FormatSpecifier,printBoolean,Formatter.java,,NOT_IN_CACHE,False,Not In Cache,N/A,False,
"java.util.Formatter$FormatSpecifier.printCharacter(java.util.Formatter,java.lang.Object,java.util.Locale)",java.util.Formatter$FormatSpecifier,printCharacter,Formatter.java,,NOT_IN_CACHE,False,Not In Cache,N/A,False,
"java.util.Formatter$FormatSpecifier.printDateTime(java.util.Formatter,java.lang.Object,java.util.Locale)",java.util.Formatter$FormatSpecifier,printDateTime,Formatter.java,,NOT_IN_CACHE,False,Not In Cache,N/A,False,
"java.util.Formatter$FormatSpecifier.printFloat(java.util.Formatter,java.lang.Object,java.util.Locale)",java.util.Formatter$FormatSpecifier,printFloat,Formatter.java,,NOT_IN_CACHE,False,Not In Cache,N/A,False,
"java.util.Formatter$FormatSpecifier.printHashCode(java.util.Formatter,java.lang.Object,java.util.Locale)",java.util.Formatter$FormatSpecifier,printHashCode,Formatter.java,,NOT_IN_CACHE,False,Not In Cache,N/A,False,
"java.util.Formatter$FormatSpecifier.printInteger(java.util.Formatter,java.lang.Object,java.util.Locale)",java.util.Formatter$FormatSpecifier,printInteger,Formatter.java,,NOT_IN_CACHE,False,Not In Cache,N/A,False,
"java.util.Formatter$FormatSpecifier.printString(java.util.Formatter,java.lang.Object,java.util.Locale)",java.util.Formatter$FormatSpecifier,printString,Formatter.java,,NOT_IN_CACHE,False,Not In Cache,N/A,False,
java.util.Formatter$FormatSpecifier.toString(),java.util.Formatter$FormatSpecifier,toString,Formatter.java,,NOT_IN_CACHE,False,Not In Cache,N/A,False,
"java.util.Formatter$FormatSpecifier.toUpperCaseWithLocale(java.lang.String,java.util.Locale)",java.util.Formatter$FormatSpecifier,toUpperCaseWithLocale,Formatter.java,,NOT_IN_CACHE,False,Not In Cache,N/A,False,
"java.util.Formatter$FormatSpecifier.toUpperCaseWithLocale(java.util.sb$toString(),java.util.l)",java.util.Formatter$FormatSpecifier,toUpperCaseWithLocale,Formatter.java,,NOT_IN_CACHE,False,Not In Cache,N/A,False,
"java.util.Formatter$FormatSpecifier.trailingSign(java.lang.StringBuilder,boolean)",java.util.Formatter$FormatSpecifier,trailingSign,Formatter.java,,NOT_IN_CACHE,False,Not In Cache,N/A,False,
"java.util.Formatter$FormatSpecifier.trailingZeros(java.lang.StringBuilder,int)",java.util.Formatter$FormatSpecifier,trailingZeros,Formatter.java,,NOT_IN_CACHE,False,Not In Cache,N/A,False,
"java.util.Formatter$FormatSpecifier.width(java.lang.String,int,int)",java.util.Formatter$FormatSpecifier,width,Formatter.java,,NOT_IN_CACHE,False,Not In Cache,N/A,False,
java.util.Formatter$FormatString.index(),java.util.Formatter$FormatString,index,Formatter.java,,NOT_IN_CACHE,False,Not In Cache,N/A,False,
"java.util.Formatter$FormatString.print(java.util.Formatter,java.lang.Object,java.util.Locale)",java.util.Formatter$FormatString,print,Formatter.java,,NOT_IN_CACHE,False,Not In Cache,N/A,False,
java.util.Formatter$FormatString.toString(),java.util.Formatter$FormatString,toString,Formatter.java,,NOT_IN_CACHE,False,Not In Cache,N/A,False,
java.util.Formatter.<init>(),java.util.Formatter,<init>,Formatter.java,,NOT_IN_CACHE,False,Not In Cache,N/A,False,
java.util.Formatter.<init>(java.io.File),java.util.Formatter,<init>,Formatter.java,,NOT_IN_CACHE,False,Not In Cache,N/A,False,
"java.util.Formatter.<init>(java.io.File,java.lang.String)",java.util.Formatter,<init>,Formatter.java,,NOT_IN_CACHE,False,Not In Cache,N/A,False,
"java.util.Formatter.<init>(java.io.File,java.lang.String,java.util.Locale)",java.util.Formatter,<init>,Formatter.java,,NOT_IN_CACHE,False,Not In Cache,N/A,False,
"java.util.Formatter.<init>(java.io.File,java.nio.charset.Charset,java.util.Locale)",java.util.Formatter,<init>,Formatter.java,,NOT_IN_CACHE,False,Not In Cache,N/A,False,
java.util.Formatter.<init>(java.io.OutputStream),java.util.Formatter,<init>,Formatter.java,,NOT_IN_CACHE,False,Not In Cache,N/A,False,
"java.util.Formatter.<init>(java.io.OutputStream,java.lang.String)",java.util.Formatter,<init>,Formatter.java,,NOT_IN_CACHE,False,Not In Cache,N/A,False,
"java.util.Formatter.<init>(java.io.OutputStream,java.lang.String,java.util.Locale)",java.util.Formatter,<init>,Formatter.java,,NOT_IN_CACHE,False,Not In Cache,N/A,False,
"java.util.Formatter.<init>(java.io.OutputStream,java.nio.charset.Charset,java.util.Locale)",java.util.Formatter,<init>,Formatter.java,,NOT_IN_CACHE,False,Not In Cache,N/A,False,
java.util.Formatter.<init>(java.io.PrintStream),java.util.Formatter,<init>,Formatter.java,,NOT_IN_CACHE,False,Not In Cache,N/A,False,
java.util.Formatter.<init>(java.lang.String),java.util.Formatter,<init>,Formatter.java,,NOT_IN_CACHE,False,Not In Cache,N/A,False,
"java.util.Formatter.<init>(java.lang.String,java.lang.String)",java.util.Formatter,<init>,Formatter.java,,NOT_IN_CACHE,False,Not In Cache,N/A,False,
"java.util.Formatter.<init>(java.lang.String,java.lang.String,java.util.Locale)",java.util.Formatter,<init>,Formatter.java,,NOT_IN_CACHE,False,Not In Cache,N/A,False,
"java.util.Formatter.<init>(java.lang.String,java.nio.charset.Charset,java.util.Locale)",java.util.Formatter,<init>,Formatter.java,,NOT_IN_CACHE,False,Not In Cache,N/A,False,
"java.util.Formatter.<init>(java.nio.charset.Charset,java.util.Locale,java.io.File)",java.util.Formatter,<init>,Formatter.java,,NOT_IN_CACHE,False,Not In Cache,N/A,False,
java.util.Formatter.<init>(java.util.Appendable),java.util.Formatter,<init>,Formatter.java,,NOT_IN_CACHE,False,Not In Cache,N/A,False,
"java.util.Formatter.<init>(java.util.Appendable,java.util.Locale)",java.util.Formatter,<init>,Formatter.java,,NOT_IN_CACHE,False,Not In Cache,N/A,False,
java.util.Formatter.<init>(java.util.Locale),java.util.Formatter,<init>,Formatter.java,,NOT_IN_CACHE,False,Not In Cache,N/A,False,
"java.util.Formatter.<init>(java.util.Locale,java.util.Appendable)",java.util.Formatter,<init>,Formatter.java,,NOT_IN_CACHE,False,Not In Cache,N/A,False,
"java.util.Formatter.FixedString(java.util.s,java.util.i,java.util.max)",java.util.Formatter,FixedString,Formatter.java,,NOT_IN_CACHE,False,Not In Cache,N/A,False,
"java.util.Formatter.FixedString(java.util.s,java.util.i,java.util.n)",java.util.Formatter,FixedString,Formatter.java,,NOT_IN_CACHE,False,Not In Cache,N/A,False,
java.util.Formatter.FormatSpecifier(java.util.c),java.util.Formatter,FormatSpecifier,Formatter.java,,NOT_IN_CACHE,False,Not In Cache,N/A,False,
"java.util.Formatter.FormatSpecifier(java.util.s,java.util.m)",java.util.Formatter,FormatSpecifier,Formatter.java,,NOT_IN_CACHE,False,Not In Cache,N/A,False,
java.util.Formatter.OutputStreamWriter(java.util.new),java.util.Formatter,OutputStreamWriter,Formatter.java,,NOT_IN_CACHE,False,Not In Cache,N/A,False,
"java.util.Formatter.OutputStreamWriter(java.util.new,java.util.charset)",java.util.Formatter,OutputStreamWriter,Formatter.java,,NOT_IN_CACHE,False,Not In Cache,N/A,False,
java.util.Formatter.OutputStreamWriter(java.util.os),java.util.Formatter,OutputStreamWriter,Formatter.java,,NOT_IN_CACHE,False,Not In Cache,N/A,False,
"java.util.Formatter.OutputStreamWriter(java.util.os,java.util.charset)",java.util.Formatter,OutputStreamWriter,Formatter.java,,NOT_IN_CACHE,False,Not In Cache,N/A,False,
"java.util.Formatter.OutputStreamWriter(java.util.os,java.util.csn)",java.util.Formatter,OutputStreamWriter,Formatter.java,,NOT_IN_CACHE,False,Not In Cache,N/A,False,
java.util.Formatter.close(),java.util.Formatter,close,Formatter.java,,NOT_IN_CACHE,False,Not In Cache,N/A,False,
java.util.Formatter.ensureOpen(),java.util.Formatter,ensureOpen,Formatter.java,,NOT_IN_CACHE,False,Not In Cache,N/A,False,
java.util.Formatter.flush(),java.util.Formatter,flush,Formatter.java,,NOT_IN_CACHE,False,Not In Cache,N/A,False,
"java.util.Formatter.format(java.lang.String,java.lang.Object[])",java.util.Formatter,format,Formatter.java,,NOT_IN_CACHE,False,Not In Cache,N/A,False,
"java.util.Formatter.format(java.util.Locale,java.lang.String,java.lang.Object[])",java.util.Formatter,format,Formatter.java,,NOT_IN_CACHE,False,Not In Cache,N/A,False,
java.util.Formatter.getDecimalFormatSymbols(java.util.Locale),java.util.Formatter,getDecimalFormatSymbols,Formatter.java,,NOT_IN_CACHE,False,Not In Cache,N/A,False,
java.util.Formatter.getDecimalSeparator(java.util.Locale),java.util.Formatter,getDecimalSeparator,Formatter.java,,NOT_IN_CACHE,False,Not In Cache,N/A,False,
java.util.Formatter.getGroupingSeparator(java.util.Locale),java.util.Formatter,getGroupingSeparator,Formatter.java,,NOT_IN_CACHE,False,Not In Cache,N/A,False,
java.util.Formatter.getZero(java.util.Locale),java.util.Formatter,getZero,Formatter.java,,NOT_IN_CACHE,False,Not In Cache,N/A,False,
java.util.Formatter.ioException(),java.util.Formatter,ioException,Formatter.java,,NOT_IN_CACHE,False,Not In Cache,N/A,False,
java.util.Formatter.nonNullAppendable(java.util.Appendable),java.util.Formatter,nonNullAppendable,Formatter.java,,NOT_IN_CACHE,False,Not In Cache,N/A,False,
java.util.Formatter.nonNullAppendable(java.util.a),java.util.Formatter,nonNullAppendable,Formatter.java,,NOT_IN_CACHE,False,Not In Cache,N/A,False,
java.util.Formatter.out(),java.util.Formatter,out,Formatter.java,,NOT_IN_CACHE,False,Not In Cache,N/A,False,
java.util.Formatter.toCharset(java.lang.String),java.util.Formatter,toCharset,Formatter.java,,NOT_IN_CACHE,False,Not In Cache,N/A,False,
java.util.Formatter.toString(),java.util.Formatter,toString,Formatter.java,,NOT_IN_CACHE,True,Not In Cache,N/A,False,
java.util.GregorianCalendar.<init>(),java.util.GregorianCalendar,<init>,GregorianCalendar.java,,NOT_IN_CACHE,False,Not In Cache,N/A,False,
"java.util.GregorianCalendar.<init>(int,int,int)",java.util.GregorianCalendar,<init>,GregorianCalendar.java,,NOT_IN_CACHE,False,Not In Cache,N/A,False,
"java.util.GregorianCalendar.<init>(int,int,int,int,int)",java.util.GregorianCalendar,<init>,GregorianCalendar.java,,NOT_IN_CACHE,False,Not In Cache,N/A,False,
"java.util.GregorianCalendar.<init>(int,int,int,int,int,int)",java.util.GregorianCalendar,<init>,GregorianCalendar.java,,NOT_IN_CACHE,False,Not In Cache,N/A,False,
"java.util.GregorianCalendar.<init>(int,int,int,int,int,int,int)",java.util.GregorianCalendar,<init>,GregorianCalendar.java,,NOT_IN_CACHE,False,Not In Cache,N/A,False,
java.util.GregorianCalendar.<init>(java.util.Locale),java.util.GregorianCalendar,<init>,GregorianCalendar.java,,NOT_IN_CACHE,False,Not In Cache,N/A,False,
java.util.GregorianCalendar.<init>(java.util.TimeZone),java.util.GregorianCalendar,<init>,GregorianCalendar.java,,NOT_IN_CACHE,False,Not In Cache,N/A,False,
"java.util.GregorianCalendar.<init>(java.util.TimeZone,java.util.Locale)",java.util.GregorianCalendar,<init>,GregorianCalendar.java,,NOT_IN_CACHE,False,Not In Cache,N/A,False,
"java.util.GregorianCalendar.<init>(java.util.TimeZone,java.util.Locale,boolean)",java.util.GregorianCalendar,<init>,GregorianCalendar.java,,NOT_IN_CACHE,False,Not In Cache,N/A,False,
java.util.GregorianCalendar.Date(java.lang.Long$MIN_VALUE),java.util.GregorianCalendar,Date,GregorianCalendar.java,,NOT_IN_CACHE,False,Not In Cache,N/A,False,
java.util.GregorianCalendar.GregorianCalendar(java.util.TimeZone$getTimeZone(zdt$getZone())),java.util.GregorianCalendar,GregorianCalendar,GregorianCalendar.java,,NOT_IN_CACHE,False,Not In Cache,N/A,False,
java.util.GregorianCalendar.actualMonthLength(),java.util.GregorianCalendar,actualMonthLength,GregorianCalendar.java,,NOT_IN_CACHE,False,Not In Cache,N/A,False,
"java.util.GregorianCalendar.add(int,int)",java.util.GregorianCalendar,add,GregorianCalendar.java,,NOT_IN_CACHE,False,Not In Cache,N/A,False,
java.util.GregorianCalendar.clone(),java.util.GregorianCalendar,clone,GregorianCalendar.java,SideEffectFree,NOT_IN_CACHE,True,Not In Cache,N/A,False,
java.util.GregorianCalendar.computeFields(),java.util.GregorianCalendar,computeFields,GregorianCalendar.java,,NOT_IN_CACHE,False,Not In Cache,N/A,False,
"java.util.GregorianCalendar.computeFields(int,int)",java.util.GregorianCalendar,computeFields,GregorianCalendar.java,,NOT_IN_CACHE,False,Not In Cache,N/A,False,
java.util.GregorianCalendar.computeTime(),java.util.GregorianCalendar,computeTime,GregorianCalendar.java,,NOT_IN_CACHE,False,Not In Cache,N/A,False,
"java.util.GregorianCalendar.dayInMinWeek(int,int,int)",java.util.GregorianCalendar,dayInMinWeek,GregorianCalendar.java,,NOT_IN_CACHE,False,Not In Cache,N/A,False,
java.util.GregorianCalendar.equals(java.lang.Object),java.util.GregorianCalendar,equals,GregorianCalendar.java,Pure,NOT_IN_CACHE,True,Not In Cache,N/A,False,
java.util.GregorianCalendar.from(java.time.ZonedDateTime),java.util.GregorianCalendar,from,GregorianCalendar.java,,NOT_IN_CACHE,False,Not In Cache,N/A,False,
java.util.GregorianCalendar.getActualMaximum(int),java.util.GregorianCalendar,getActualMaximum,GregorianCalendar.java,,NOT_IN_CACHE,False,Not In Cache,N/A,False,
java.util.GregorianCalendar.getActualMinimum(int),java.util.GregorianCalendar,getActualMinimum,GregorianCalendar.java,,NOT_IN_CACHE,False,Not In Cache,N/A,False,
java.util.GregorianCalendar.getCalendarDate(long),java.util.GregorianCalendar,getCalendarDate,GregorianCalendar.java,,NOT_IN_CACHE,False,Not In Cache,N/A,False,
java.util.GregorianCalendar.getCalendarType(),java.util.GregorianCalendar,getCalendarType,GregorianCalendar.java,,NOT_IN_CACHE,False,Not In Cache,N/A,False,
java.util.GregorianCalendar.getCurrentFixedDate(),java.util.GregorianCalendar,getCurrentFixedDate,GregorianCalendar.java,,NOT_IN_CACHE,False,Not In Cache,N/A,False,
java.util.GregorianCalendar.getCutoverCalendarSystem(),java.util.GregorianCalendar,getCutoverCalendarSystem,GregorianCalendar.java,,NOT_IN_CACHE,False,Not In Cache,N/A,False,
java.util.GregorianCalendar.getFirstDayOfWeek(),java.util.GregorianCalendar,getFirstDayOfWeek,GregorianCalendar.java,,NOT_IN_CACHE,False,Not In Cache,N/A,False,
"java.util.GregorianCalendar.getFixedDate(sun.util.calendar.BaseCalendar,int,int)",java.util.GregorianCalendar,getFixedDate,GregorianCalendar.java,,NOT_IN_CACHE,False,Not In Cache,N/A,False,
"java.util.GregorianCalendar.getFixedDateJan1(sun.util.calendar.BaseCalendar$Date,long)",java.util.GregorianCalendar,getFixedDateJan1,GregorianCalendar.java,,NOT_IN_CACHE,False,Not In Cache,N/A,False,
"java.util.GregorianCalendar.getFixedDateMonth1(sun.util.calendar.BaseCalendar$Date,long)",java.util.GregorianCalendar,getFixedDateMonth1,GregorianCalendar.java,,NOT_IN_CACHE,False,Not In Cache,N/A,False,
java.util.GregorianCalendar.getGreatestMinimum(int),java.util.GregorianCalendar,getGreatestMinimum,GregorianCalendar.java,,NOT_IN_CACHE,False,Not In Cache,N/A,False,
java.util.GregorianCalendar.getGregorianChange(),java.util.GregorianCalendar,getGregorianChange,GregorianCalendar.java,,NOT_IN_CACHE,False,Not In Cache,N/A,False,
java.util.GregorianCalendar.getGregorianCutoverDate(),java.util.GregorianCalendar,getGregorianCutoverDate,GregorianCalendar.java,,NOT_IN_CACHE,False,Not In Cache,N/A,False,
java.util.GregorianCalendar.getJulianCalendarSystem(),java.util.GregorianCalendar,getJulianCalendarSystem,GregorianCalendar.java,,NOT_IN_CACHE,False,Not In Cache,N/A,False,
java.util.GregorianCalendar.getLastJulianDate(),java.util.GregorianCalendar,getLastJulianDate,GregorianCalendar.java,,NOT_IN_CACHE,False,Not In Cache,N/A,False,
java.util.GregorianCalendar.getLeastMaximum(int),java.util.GregorianCalendar,getLeastMaximum,GregorianCalendar.java,,NOT_IN_CACHE,False,Not In Cache,N/A,False,
java.util.GregorianCalendar.getMaximum(int),java.util.GregorianCalendar,getMaximum,GregorianCalendar.java,,NOT_IN_CACHE,False,Not In Cache,N/A,False,
java.util.GregorianCalendar.getMinimum(int),java.util.GregorianCalendar,getMinimum,GregorianCalendar.java,,NOT_IN_CACHE,False,Not In Cache,N/A,False,
java.util.GregorianCalendar.getNormalizedCalendar(),java.util.GregorianCalendar,getNormalizedCalendar,GregorianCalendar.java,,NOT_IN_CACHE,False,Not In Cache,N/A,False,
"java.util.GregorianCalendar.getRolledValue(int,int,int,int)",java.util.GregorianCalendar,getRolledValue,GregorianCalendar.java,,NOT_IN_CACHE,False,Not In Cache,N/A,False,
java.util.GregorianCalendar.getTimeZone(),java.util.GregorianCalendar,getTimeZone,GregorianCalendar.java,,NOT_IN_CACHE,False,Not In Cache,N/A,False,
"java.util.GregorianCalendar.getWeekNumber(long,long)",java.util.GregorianCalendar,getWeekNumber,GregorianCalendar.java,,NOT_IN_CACHE,False,Not In Cache,N/A,False,
java.util.GregorianCalendar.getWeekYear(),java.util.GregorianCalendar,getWeekYear,GregorianCalendar.java,,NOT_IN_CACHE,False,Not In Cache,N/A,False,
java.util.GregorianCalendar.getWeeksInWeekYear(),java.util.GregorianCalendar,getWeeksInWeekYear,GregorianCalendar.java,,NOT_IN_CACHE,False,Not In Cache,N/A,False,
java.util.GregorianCalendar.getYearOffsetInMillis(),java.util.GregorianCalendar,getYearOffsetInMillis,GregorianCalendar.java,,NOT_IN_CACHE,False,Not In Cache,N/A,False,
java.util.GregorianCalendar.getZone(),java.util.GregorianCalendar,getZone,GregorianCalendar.java,,NOT_IN_CACHE,False,Not In Cache,N/A,False,
java.util.GregorianCalendar.hashCode(),java.util.GregorianCalendar,hashCode,GregorianCalendar.java,Pure,NOT_IN_CACHE,True,Not In Cache,N/A,False,
java.util.GregorianCalendar.internalGetEra(),java.util.GregorianCalendar,internalGetEra,GregorianCalendar.java,,NOT_IN_CACHE,False,Not In Cache,N/A,False,
java.util.GregorianCalendar.isCutoverYear(int),java.util.GregorianCalendar,isCutoverYear,GregorianCalendar.java,,NOT_IN_CACHE,False,Not In Cache,N/A,False,
java.util.GregorianCalendar.isInvalidWeek1(),java.util.GregorianCalendar,isInvalidWeek1,GregorianCalendar.java,,NOT_IN_CACHE,False,Not In Cache,N/A,False,
java.util.GregorianCalendar.isLeapYear(int),java.util.GregorianCalendar,isLeapYear,GregorianCalendar.java,Pure,NOT_IN_CACHE,True,Not In Cache,N/A,False,
java.util.GregorianCalendar.isWeekDateSupported(),java.util.GregorianCalendar,isWeekDateSupported,GregorianCalendar.java,,NOT_IN_CACHE,False,Not In Cache,N/A,False,
java.util.GregorianCalendar.monthLength(int),java.util.GregorianCalendar,monthLength,GregorianCalendar.java,,NOT_IN_CACHE,False,Not In Cache,N/A,False,
"java.util.GregorianCalendar.monthLength(int,int)",java.util.GregorianCalendar,monthLength,GregorianCalendar.java,,NOT_IN_CACHE,False,Not In Cache,N/A,False,
java.util.GregorianCalendar.pinDayOfMonth(),java.util.GregorianCalendar,pinDayOfMonth,GregorianCalendar.java,,NOT_IN_CACHE,False,Not In Cache,N/A,False,
java.util.GregorianCalendar.readObject(java.io.ObjectInputStream),java.util.GregorianCalendar,readObject,GregorianCalendar.java,,NOT_IN_CACHE,False,Not In Cache,N/A,False,
"java.util.GregorianCalendar.roll(int,boolean)",java.util.GregorianCalendar,roll,GregorianCalendar.java,,NOT_IN_CACHE,False,Not In Cache,N/A,False,
"java.util.GregorianCalendar.roll(int,int)",java.util.GregorianCalendar,roll,GregorianCalendar.java,,NOT_IN_CACHE,False,Not In Cache,N/A,False,
java.util.GregorianCalendar.setGregorianChange(java.util.Date),java.util.GregorianCalendar,setGregorianChange,GregorianCalendar.java,,NOT_IN_CACHE,False,Not In Cache,N/A,False,
java.util.GregorianCalendar.setGregorianChange(long),java.util.GregorianCalendar,setGregorianChange,GregorianCalendar.java,,NOT_IN_CACHE,False,Not In Cache,N/A,False,
java.util.GregorianCalendar.setTimeZone(java.util.TimeZone),java.util.GregorianCalendar,setTimeZone,GregorianCalendar.java,,NOT_IN_CACHE,False,Not In Cache,N/A,False,
"java.util.GregorianCalendar.setWeekDate(int,int,int)",java.util.GregorianCalendar,setWeekDate,GregorianCalendar.java,,NOT_IN_CACHE,False,Not In Cache,N/A,False,
java.util.GregorianCalendar.toZonedDateTime(),java.util.GregorianCalendar,toZonedDateTime,GregorianCalendar.java,,NOT_IN_CACHE,False,Not In Cache,N/A,False,
java.util.GregorianCalendar.yearLength(),java.util.GregorianCalendar,yearLength,GregorianCalendar.java,,NOT_IN_CACHE,False,Not In Cache,N/A,False,
java.util.GregorianCalendar.yearLength(int),java.util.GregorianCalendar,yearLength,GregorianCalendar.java,,NOT_IN_CACHE,False,Not In Cache,N/A,False,
java.util.HashMap$EntryIterator.next(),java.util.HashMap$EntryIterator,next,HashMap.java,,NOT_IN_CACHE,False,Not In Cache,N/A,False,
java.util.HashMap$EntrySet.clear(),java.util.HashMap$EntrySet,clear,HashMap.java,,NOT_IN_CACHE,False,Not In Cache,N/A,False,
java.util.HashMap$EntrySet.contains(java.lang.Object),java.util.HashMap$EntrySet,contains,HashMap.java,Pure,NOT_IN_CACHE,False,Not In Cache,N/A,False,
java.util.HashMap$EntrySet.forEach(java.util.function.Consumer),java.util.HashMap$EntrySet,forEach,HashMap.java,,NOT_IN_CACHE,False,Not In Cache,N/A,False,
java.util.HashMap$EntrySet.iterator(),java.util.HashMap$EntrySet,iterator,HashMap.java,SideEffectFree,NOT_IN_CACHE,False,Not In Cache,N/A,False,
java.util.HashMap$EntrySet.remove(java.lang.Object),java.util.HashMap$EntrySet,remove,HashMap.java,,NOT_IN_CACHE,False,Not In Cache,N/A,False,
java.util.HashMap$EntrySet.size(),java.util.HashMap$EntrySet,size,HashMap.java,Pure,NOT_IN_CACHE,False,Not In Cache,N/A,False,
java.util.HashMap$EntrySet.spliterator(),java.util.HashMap$EntrySet,spliterator,HashMap.java,SideEffectFree,NOT_IN_CACHE,False,Not In Cache,N/A,False,
"java.util.HashMap$EntrySpliterator.<init>(java.util.HashMap,int,int,int,int)",java.util.HashMap$EntrySpliterator,<init>,HashMap.java,,NOT_IN_CACHE,False,Not In Cache,N/A,False,
java.util.HashMap$HashIterator.<init>(),java.util.HashMap$HashIterator,<init>,HashMap.java,,NOT_IN_CACHE,False,Not In Cache,N/A,False,
java.util.HashMap$HashIterator.hasNext(),java.util.HashMap$HashIterator,hasNext,HashMap.java,Pure,NOT_IN_CACHE,False,Not In Cache,N/A,False,
java.util.HashMap$HashIterator.remove(),java.util.HashMap$HashIterator,remove,HashMap.java,,NOT_IN_CACHE,False,Not In Cache,N/A,False,
java.util.HashMap$KeyIterator.next(),java.util.HashMap$KeyIterator,next,HashMap.java,,NOT_IN_CACHE,False,Not In Cache,N/A,False,
java.util.HashMap$KeySet.clear(),java.util.HashMap$KeySet,clear,HashMap.java,,NOT_IN_CACHE,False,Not In Cache,N/A,False,
java.util.HashMap$KeySet.contains(java.lang.Object),java.util.HashMap$KeySet,contains,HashMap.java,Pure,NOT_IN_CACHE,False,Not In Cache,N/A,False,
java.util.HashMap$KeySet.forEach(java.util.function.Consumer),java.util.HashMap$KeySet,forEach,HashMap.java,,NOT_IN_CACHE,False,Not In Cache,N/A,False,
java.util.HashMap$KeySet.iterator(),java.util.HashMap$KeySet,iterator,HashMap.java,SideEffectFree,NOT_IN_CACHE,False,Not In Cache,N/A,False,
java.util.HashMap$KeySet.remove(java.lang.Object),java.util.HashMap$KeySet,remove,HashMap.java,,NOT_IN_CACHE,False,Not In Cache,N/A,False,
java.util.HashMap$KeySet.size(),java.util.HashMap$KeySet,size,HashMap.java,Pure,NOT_IN_CACHE,False,Not In Cache,N/A,False,
java.util.HashMap$KeySet.spliterator(),java.util.HashMap$KeySet,spliterator,HashMap.java,SideEffectFree,NOT_IN_CACHE,False,Not In Cache,N/A,False,
java.util.HashMap$KeySet.toArray(),java.util.HashMap$KeySet,toArray,HashMap.java,,NOT_IN_CACHE,False,Not In Cache,N/A,False,
java.util.HashMap$KeySet.toArray(java.lang.Object[]),java.util.HashMap$KeySet,toArray,HashMap.java,,NOT_IN_CACHE,False,Not In Cache,N/A,False,
java.util.HashMap$KeySpliterator.forEachRemaining(java.util.function.Consumer),java.util.HashMap$KeySpliterator,forEachRemaining,HashMap.java,,NOT_IN_CACHE,False,Not In Cache,N/A,False,
"java.util.HashMap$Node.<init>(int,java.lang.Object,java.lang.Object,java.util.Node)",java.util.HashMap$Node,<init>,HashMap.java,,NOT_IN_CACHE,False,Not In Cache,N/A,False,
java.util.HashMap$Node.equals(java.lang.Object),java.util.HashMap$Node,equals,HashMap.java,,NOT_IN_CACHE,False,Not In Cache,N/A,False,
java.util.HashMap$Node.hashCode(),java.util.HashMap$Node,hashCode,HashMap.java,,NOT_IN_CACHE,False,Not In Cache,N/A,False,
java.util.HashMap$Node.toString(),java.util.HashMap$Node,toString,HashMap.java,,NOT_IN_CACHE,False,Not In Cache,N/A,False,
"java.util.HashMap$TreeNode.<init>(int,java.lang.Object,java.lang.Object,java.util.Node)",java.util.HashMap$TreeNode,<init>,HashMap.java,,NOT_IN_CACHE,False,Not In Cache,N/A,False,
"java.util.HashMap$TreeNode.balanceDeletion(java.util.TreeNode,java.util.TreeNode)",java.util.HashMap$TreeNode,balanceDeletion,HashMap.java,,NOT_IN_CACHE,False,Not In Cache,N/A,False,
"java.util.HashMap$TreeNode.balanceInsertion(java.util.TreeNode,java.util.TreeNode)",java.util.HashMap$TreeNode,balanceInsertion,HashMap.java,,NOT_IN_CACHE,False,Not In Cache,N/A,False,
java.util.HashMap$TreeNode.checkInvariants(java.util.TreeNode),java.util.HashMap$TreeNode,checkInvariants,HashMap.java,,NOT_IN_CACHE,False,Not In Cache,N/A,False,
"java.util.HashMap$TreeNode.moveRootToFront(java.util.Node[],java.util.TreeNode)",java.util.HashMap$TreeNode,moveRootToFront,HashMap.java,,NOT_IN_CACHE,False,Not In Cache,N/A,False,
"java.util.HashMap$TreeNode.putTreeVal(java.util.HashMap,java.util.Node[],int,java.lang.Object,java.lang.Object)",java.util.HashMap$TreeNode,putTreeVal,HashMap.java,,NOT_IN_CACHE,False,Not In Cache,N/A,False,
"java.util.HashMap$TreeNode.removeTreeNode(java.util.HashMap,java.util.Node[],boolean)",java.util.HashMap$TreeNode,removeTreeNode,HashMap.java,,NOT_IN_CACHE,False,Not In Cache,N/A,False,
"java.util.HashMap$TreeNode.rotateLeft(java.util.TreeNode,java.util.TreeNode)",java.util.HashMap$TreeNode,rotateLeft,HashMap.java,,NOT_IN_CACHE,False,Not In Cache,N/A,False,
"java.util.HashMap$TreeNode.rotateRight(java.util.TreeNode,java.util.TreeNode)",java.util.HashMap$TreeNode,rotateRight,HashMap.java,,NOT_IN_CACHE,False,Not In Cache,N/A,False,
"java.util.HashMap$TreeNode.split(java.util.HashMap,java.util.Node[],int,int)",java.util.HashMap$TreeNode,split,HashMap.java,,NOT_IN_CACHE,False,Not In Cache,N/A,False,
java.util.HashMap$TreeNode.treeify(java.util.Node[]),java.util.HashMap$TreeNode,treeify,HashMap.java,,NOT_IN_CACHE,False,Not In Cache,N/A,False,
java.util.HashMap$UnsafeHolder.<init>(),java.util.HashMap$UnsafeHolder,<init>,HashMap.java,,NOT_IN_CACHE,False,Not In Cache,N/A,False,
java.util.HashMap$ValueIterator.next(),java.util.HashMap$ValueIterator,next,HashMap.java,,NOT_IN_CACHE,False,Not In Cache,N/A,False,
"java.util.HashMap$ValueSpliterator.<init>(java.util.HashMap,int,int,int,int)",java.util.HashMap$ValueSpliterator,<init>,HashMap.java,,NOT_IN_CACHE,False,Not In Cache,N/A,False,
java.util.HashMap$ValueSpliterator.characteristics(),java.util.HashMap$ValueSpliterator,characteristics,HashMap.java,,NOT_IN_CACHE,False,Not In Cache,N/A,False,
java.util.HashMap$ValueSpliterator.forEachRemaining(java.util.function.Consumer),java.util.HashMap$ValueSpliterator,forEachRemaining,HashMap.java,,NOT_IN_CACHE,False,Not In Cache,N/A,False,
java.util.HashMap$ValueSpliterator.tryAdvance(java.util.function.Consumer),java.util.HashMap$ValueSpliterator,tryAdvance,HashMap.java,,NOT_IN_CACHE,False,Not In Cache,N/A,False,
java.util.HashMap$Values.clear(),java.util.HashMap$Values,clear,HashMap.java,,NOT_IN_CACHE,False,Not In Cache,N/A,False,
java.util.HashMap$Values.contains(java.lang.Object),java.util.HashMap$Values,contains,HashMap.java,Pure,NOT_IN_CACHE,False,Not In Cache,N/A,False,
java.util.HashMap$Values.forEach(java.util.function.Consumer),java.util.HashMap$Values,forEach,HashMap.java,,NOT_IN_CACHE,False,Not In Cache,N/A,False,
java.util.HashMap$Values.iterator(),java.util.HashMap$Values,iterator,HashMap.java,SideEffectFree,NOT_IN_CACHE,False,Not In Cache,N/A,False,
java.util.HashMap$Values.size(),java.util.HashMap$Values,size,HashMap.java,Pure,NOT_IN_CACHE,False,Not In Cache,N/A,False,
java.util.HashMap$Values.spliterator(),java.util.HashMap$Values,spliterator,HashMap.java,SideEffectFree,NOT_IN_CACHE,False,Not In Cache,N/A,False,
java.util.HashMap$Values.toArray(),java.util.HashMap$Values,toArray,HashMap.java,,NOT_IN_CACHE,False,Not In Cache,N/A,False,
java.util.HashMap$Values.toArray(java.lang.Object[]),java.util.HashMap$Values,toArray,HashMap.java,,NOT_IN_CACHE,False,Not In Cache,N/A,False,
java.util.HashMap.afterNodeAccess(java.util.Node),java.util.HashMap,afterNodeAccess,HashMap.java,,NOT_IN_CACHE,False,Not In Cache,N/A,False,
java.util.HashMap.afterNodeRemoval(java.util.Node),java.util.HashMap,afterNodeRemoval,HashMap.java,,NOT_IN_CACHE,False,Not In Cache,N/A,False,
java.util.HashMap.clone(),java.util.HashMap,clone,HashMap.java,SideEffectFree,NOT_IN_CACHE,True,Not In Cache,N/A,False,
"java.util.HashMap.compute(java.lang.Object,java.util.function.BiFunction)",java.util.HashMap,compute,HashMap.java,,NOT_IN_CACHE,False,Not In Cache,N/A,False,
"java.util.HashMap.computeIfAbsent(java.lang.Object,java.util.function.Function)",java.util.HashMap,computeIfAbsent,HashMap.java,,NOT_IN_CACHE,False,Not In Cache,N/A,False,
java.util.HashMap.containsValue(java.lang.Object),java.util.HashMap,containsValue,HashMap.java,Pure,NOT_IN_CACHE,True,Not In Cache,N/A,False,
java.util.HashMap.forEach(java.util.function.BiConsumer),java.util.HashMap,forEach,HashMap.java,,NOT_IN_CACHE,False,Not In Cache,N/A,False,
java.util.HashMap.get(java.lang.Object),java.util.HashMap,get,HashMap.java,Pure,NOT_IN_CACHE,True,Not In Cache,N/A,False,
"java.util.HashMap.getOrDefault(java.lang.Object,java.lang.Object)",java.util.HashMap,getOrDefault,HashMap.java,Pure,NOT_IN_CACHE,False,Not In Cache,N/A,False,
java.util.HashMap.internalWriteEntries(java.util.java$io$ObjectOutputStream),java.util.HashMap,internalWriteEntries,HashMap.java,,NOT_IN_CACHE,False,Not In Cache,N/A,False,
"java.util.HashMap.merge(java.lang.Object,java.lang.Object,java.util.function.BiFunction)",java.util.HashMap,merge,HashMap.java,,NOT_IN_CACHE,False,Not In Cache,N/A,False,
"java.util.HashMap.newNode(int,java.lang.Object,java.lang.Object,java.util.Node)",java.util.HashMap,newNode,HashMap.java,,NOT_IN_CACHE,False,Not In Cache,N/A,False,
"java.util.HashMap.newTreeNode(int,java.lang.Object,java.lang.Object,java.util.Node)",java.util.HashMap,newTreeNode,HashMap.java,,NOT_IN_CACHE,False,Not In Cache,N/A,False,
java.util.HashMap.readObject(java.io.ObjectInputStream),java.util.HashMap,readObject,HashMap.java,,NOT_IN_CACHE,False,Not In Cache,N/A,False,
java.util.HashMap.replaceAll(java.util.function.BiFunction),java.util.HashMap,replaceAll,HashMap.java,,NOT_IN_CACHE,False,Not In Cache,N/A,False,
"java.util.HashMap.replacementNode(java.util.Node,java.util.Node)",java.util.HashMap,replacementNode,HashMap.java,,NOT_IN_CACHE,False,Not In Cache,N/A,False,
"java.util.HashMap.replacementTreeNode(java.util.Node,java.util.Node)",java.util.HashMap,replacementTreeNode,HashMap.java,,NOT_IN_CACHE,False,Not In Cache,N/A,False,
"java.util.HashMap.treeifyBin(java.util.Node[],int)",java.util.HashMap,treeifyBin,HashMap.java,,NOT_IN_CACHE,False,Not In Cache,N/A,False,
java.util.HashMap.values(),java.util.HashMap,values,HashMap.java,SideEffectFree,NOT_IN_CACHE,True,Not In Cache,N/A,False,
java.util.HashMap.writeObject(java.util.java$io$ObjectOutputStream),java.util.HashMap,writeObject,HashMap.java,,NOT_IN_CACHE,False,Not In Cache,N/A,False,
java.util.HashSet.<init>(java.util.Collection),java.util.HashSet,<init>,HashSet.java,,NOT_IN_CACHE,False,Not In Cache,N/A,False,
java.util.HashSet.clone(),java.util.HashSet,clone,HashSet.java,SideEffectFree,NOT_IN_CACHE,True,Not In Cache,N/A,False,
java.util.HashSet.newHashSet(int),java.util.HashSet,newHashSet,HashSet.java,,NOT_IN_CACHE,False,Not In Cache,N/A,False,
java.util.HashSet.readObject(java.util.java$io$ObjectInputStream),java.util.HashSet,readObject,HashSet.java,,NOT_IN_CACHE,False,Not In Cache,N/A,False,
java.util.HashSet.size(),java.util.HashSet,size,HashSet.java,Pure,NOT_IN_CACHE,True,Not In Cache,N/A,False,
java.util.HashSet.writeObject(java.util.java$io$ObjectOutputStream),java.util.HashSet,writeObject,HashSet.java,,NOT_IN_CACHE,False,Not In Cache,N/A,False,
"java.util.Hashtable$Entry.<init>(int,java.lang.Object,java.lang.Object,java.util.Entry)",java.util.Hashtable$Entry,<init>,Hashtable.java,,NOT_IN_CACHE,False,Not In Cache,N/A,False,
java.util.Hashtable$Entry.clone(),java.util.Hashtable$Entry,clone,Hashtable.java,SideEffectFree,NOT_IN_CACHE,False,Not In Cache,N/A,False,
java.util.Hashtable$Entry.equals(java.lang.Object),java.util.Hashtable$Entry,equals,Hashtable.java,,NOT_IN_CACHE,False,Not In Cache,N/A,False,
java.util.Hashtable$Entry.getKey(),java.util.Hashtable$Entry,getKey,Hashtable.java,,NOT_IN_CACHE,False,Not In Cache,N/A,False,
java.util.Hashtable$Entry.getValue(),java.util.Hashtable$Entry,getValue,Hashtable.java,,NOT_IN_CACHE,False,Not In Cache,N/A,False,
java.util.Hashtable$Entry.hashCode(),java.util.Hashtable$Entry,hashCode,Hashtable.java,,NOT_IN_CACHE,False,Not In Cache,N/A,False,
java.util.Hashtable$Entry.setValue(java.lang.Object),java.util.Hashtable$Entry,setValue,Hashtable.java,,NOT_IN_CACHE,False,Not In Cache,N/A,False,
java.util.Hashtable$Entry.toString(),java.util.Hashtable$Entry,toString,Hashtable.java,,NOT_IN_CACHE,False,Not In Cache,N/A,False,
java.util.Hashtable$EntrySet.add(java.util.Map$Entry),java.util.Hashtable$EntrySet,add,Hashtable.java,,NOT_IN_CACHE,False,Not In Cache,N/A,False,
java.util.Hashtable$EntrySet.clear(),java.util.Hashtable$EntrySet,clear,Hashtable.java,,NOT_IN_CACHE,False,Not In Cache,N/A,False,
java.util.Hashtable$EntrySet.contains(java.lang.Object),java.util.Hashtable$EntrySet,contains,Hashtable.java,Pure,NOT_IN_CACHE,False,Not In Cache,N/A,False,
java.util.Hashtable$EntrySet.iterator(),java.util.Hashtable$EntrySet,iterator,Hashtable.java,SideEffectFree,NOT_IN_CACHE,False,Not In Cache,N/A,False,
java.util.Hashtable$EntrySet.remove(java.lang.Object),java.util.Hashtable$EntrySet,remove,Hashtable.java,,NOT_IN_CACHE,False,Not In Cache,N/A,False,
java.util.Hashtable$EntrySet.size(),java.util.Hashtable$EntrySet,size,Hashtable.java,Pure,NOT_IN_CACHE,False,Not In Cache,N/A,False,
"java.util.Hashtable$Enumerator.<init>(int,boolean)",java.util.Hashtable$Enumerator,<init>,Hashtable.java,,NOT_IN_CACHE,False,Not In Cache,N/A,False,
java.util.Hashtable$Enumerator.hasMoreElements(),java.util.Hashtable$Enumerator,hasMoreElements,Hashtable.java,,NOT_IN_CACHE,False,Not In Cache,N/A,False,
java.util.Hashtable$Enumerator.hasNext(),java.util.Hashtable$Enumerator,hasNext,Hashtable.java,Pure,NOT_IN_CACHE,False,Not In Cache,N/A,False,
java.util.Hashtable$Enumerator.next(),java.util.Hashtable$Enumerator,next,Hashtable.java,,NOT_IN_CACHE,False,Not In Cache,N/A,False,
java.util.Hashtable$Enumerator.nextElement(),java.util.Hashtable$Enumerator,nextElement,Hashtable.java,,NOT_IN_CACHE,False,Not In Cache,N/A,False,
java.util.Hashtable$Enumerator.remove(),java.util.Hashtable$Enumerator,remove,Hashtable.java,,NOT_IN_CACHE,False,Not In Cache,N/A,False,
java.util.Hashtable$KeySet.clear(),java.util.Hashtable$KeySet,clear,Hashtable.java,,NOT_IN_CACHE,False,Not In Cache,N/A,False,
java.util.Hashtable$KeySet.contains(java.lang.Object),java.util.Hashtable$KeySet,contains,Hashtable.java,Pure,NOT_IN_CACHE,False,Not In Cache,N/A,False,
java.util.Hashtable$KeySet.iterator(),java.util.Hashtable$KeySet,iterator,Hashtable.java,SideEffectFree,NOT_IN_CACHE,False,Not In Cache,N/A,False,
java.util.Hashtable$KeySet.remove(java.lang.Object),java.util.Hashtable$KeySet,remove,Hashtable.java,,NOT_IN_CACHE,False,Not In Cache,N/A,False,
java.util.Hashtable$KeySet.size(),java.util.Hashtable$KeySet,size,Hashtable.java,Pure,NOT_IN_CACHE,False,Not In Cache,N/A,False,
java.util.Hashtable$UnsafeHolder.<init>(),java.util.Hashtable$UnsafeHolder,<init>,Hashtable.java,,NOT_IN_CACHE,False,Not In Cache,N/A,False,
"java.util.Hashtable$UnsafeHolder.putLoadFactor(java.util.Hashtable,float)",java.util.Hashtable$UnsafeHolder,putLoadFactor,Hashtable.java,,NOT_IN_CACHE,False,Not In Cache,N/A,False,
java.util.Hashtable$ValueCollection.clear(),java.util.Hashtable$ValueCollection,clear,Hashtable.java,,NOT_IN_CACHE,False,Not In Cache,N/A,False,
java.util.Hashtable$ValueCollection.contains(java.lang.Object),java.util.Hashtable$ValueCollection,contains,Hashtable.java,Pure,NOT_IN_CACHE,False,Not In Cache,N/A,False,
java.util.Hashtable$ValueCollection.iterator(),java.util.Hashtable$ValueCollection,iterator,Hashtable.java,SideEffectFree,NOT_IN_CACHE,False,Not In Cache,N/A,False,
java.util.Hashtable$ValueCollection.size(),java.util.Hashtable$ValueCollection,size,Hashtable.java,Pure,NOT_IN_CACHE,False,Not In Cache,N/A,False,
java.util.Hashtable.<init>(),java.util.Hashtable,<init>,Hashtable.java,,NOT_IN_CACHE,False,Not In Cache,N/A,False,
java.util.Hashtable.<init>(int),java.util.Hashtable,<init>,Hashtable.java,,NOT_IN_CACHE,False,Not In Cache,N/A,False,
"java.util.Hashtable.<init>(int,float)",java.util.Hashtable,<init>,Hashtable.java,,NOT_IN_CACHE,False,Not In Cache,N/A,False,
java.util.Hashtable.<init>(java.util.Map),java.util.Hashtable,<init>,Hashtable.java,,NOT_IN_CACHE,False,Not In Cache,N/A,False,
java.util.Hashtable.EntrySet(),java.util.Hashtable,EntrySet,Hashtable.java,,NOT_IN_CACHE,False,Not In Cache,N/A,False,
java.util.Hashtable.KeySet(),java.util.Hashtable,KeySet,Hashtable.java,,NOT_IN_CACHE,False,Not In Cache,N/A,False,
java.util.Hashtable.ValueCollection(),java.util.Hashtable,ValueCollection,Hashtable.java,,NOT_IN_CACHE,False,Not In Cache,N/A,False,
java.util.Hashtable.clear(),java.util.Hashtable,clear,Hashtable.java,,NOT_IN_CACHE,False,Not In Cache,N/A,False,
java.util.Hashtable.clone(),java.util.Hashtable,clone,Hashtable.java,SideEffectFree,NOT_IN_CACHE,True,Not In Cache,N/A,False,
java.util.Hashtable.cloneHashtable(),java.util.Hashtable,cloneHashtable,Hashtable.java,,NOT_IN_CACHE,False,Not In Cache,N/A,False,
"java.util.Hashtable.compute(java.lang.Object,java.util.function.BiFunction)",java.util.Hashtable,compute,Hashtable.java,,NOT_IN_CACHE,False,Not In Cache,N/A,False,
"java.util.Hashtable.computeIfAbsent(java.lang.Object,java.util.function.Function)",java.util.Hashtable,computeIfAbsent,Hashtable.java,,NOT_IN_CACHE,False,Not In Cache,N/A,False,
"java.util.Hashtable.computeIfPresent(java.lang.Object,java.util.function.BiFunction)",java.util.Hashtable,computeIfPresent,Hashtable.java,,NOT_IN_CACHE,False,Not In Cache,N/A,False,
java.util.Hashtable.contains(java.lang.Object),java.util.Hashtable,contains,Hashtable.java,Pure,NOT_IN_CACHE,True,Not In Cache,N/A,False,
java.util.Hashtable.containsKey(java.lang.Object),java.util.Hashtable,containsKey,Hashtable.java,Pure,NOT_IN_CACHE,True,Not In Cache,N/A,False,
java.util.Hashtable.containsValue(java.lang.Object),java.util.Hashtable,containsValue,Hashtable.java,Pure,NOT_IN_CACHE,True,Not In Cache,N/A,False,
"java.util.Hashtable.defaultWriteHashtable(java.util.java$io$ObjectOutputStream,int,float)",java.util.Hashtable,defaultWriteHashtable,Hashtable.java,,NOT_IN_CACHE,False,Not In Cache,N/A,False,
java.util.Hashtable.elements(),java.util.Hashtable,elements,Hashtable.java,,NOT_IN_CACHE,False,Not In Cache,N/A,False,
java.util.Hashtable.entrySet(),java.util.Hashtable,entrySet,Hashtable.java,SideEffectFree,NOT_IN_CACHE,True,Not In Cache,N/A,False,
java.util.Hashtable.equals(java.lang.Object),java.util.Hashtable,equals,Hashtable.java,Pure,NOT_IN_CACHE,True,Not In Cache,N/A,False,
java.util.Hashtable.forEach(java.util.function.BiConsumer),java.util.Hashtable,forEach,Hashtable.java,,NOT_IN_CACHE,False,Not In Cache,N/A,False,
java.util.Hashtable.get(java.lang.Object),java.util.Hashtable,get,Hashtable.java,Pure,NOT_IN_CACHE,True,Not In Cache,N/A,False,
"java.util.Hashtable.getOrDefault(java.lang.Object,java.lang.Object)",java.util.Hashtable,getOrDefault,Hashtable.java,Pure,NOT_IN_CACHE,False,Not In Cache,N/A,False,
java.util.Hashtable.hashCode(),java.util.Hashtable,hashCode,Hashtable.java,Pure,NOT_IN_CACHE,True,Not In Cache,N/A,False,
java.util.Hashtable.isEmpty(),java.util.Hashtable,isEmpty,Hashtable.java,Pure,NOT_IN_CACHE,True,Not In Cache,N/A,False,
java.util.Hashtable.keySet(),java.util.Hashtable,keySet,Hashtable.java,SideEffectFree,NOT_IN_CACHE,True,Not In Cache,N/A,False,
"java.util.Hashtable.merge(java.lang.Object,java.lang.Object,java.util.function.BiFunction)",java.util.Hashtable,merge,Hashtable.java,,NOT_IN_CACHE,False,Not In Cache,N/A,False,
"java.util.Hashtable.put(java.lang.Object,java.lang.Object)",java.util.Hashtable,put,Hashtable.java,,NOT_IN_CACHE,False,Not In Cache,N/A,False,
java.util.Hashtable.putAll(java.util.Map),java.util.Hashtable,putAll,Hashtable.java,,NOT_IN_CACHE,False,Not In Cache,N/A,False,
"java.util.Hashtable.putIfAbsent(java.lang.Object,java.lang.Object)",java.util.Hashtable,putIfAbsent,Hashtable.java,,NOT_IN_CACHE,False,Not In Cache,N/A,False,
java.util.Hashtable.readHashtable(java.util.ObjectInputStream),java.util.Hashtable,readHashtable,Hashtable.java,,NOT_IN_CACHE,False,Not In Cache,N/A,False,
java.util.Hashtable.readObject(java.util.ObjectInputStream),java.util.Hashtable,readObject,Hashtable.java,,NOT_IN_CACHE,False,Not In Cache,N/A,False,
"java.util.Hashtable.reconstitutionPut(java.util.Entry[],java.lang.Object,java.lang.Object)",java.util.Hashtable,reconstitutionPut,Hashtable.java,,NOT_IN_CACHE,False,Not In Cache,N/A,False,
java.util.Hashtable.rehash(),java.util.Hashtable,rehash,Hashtable.java,,NOT_IN_CACHE,False,Not In Cache,N/A,False,
java.util.Hashtable.remove(java.lang.Object),java.util.Hashtable,remove,Hashtable.java,,NOT_IN_CACHE,False,Not In Cache,N/A,False,
"java.util.Hashtable.remove(java.lang.Object,java.lang.Object)",java.util.Hashtable,remove,Hashtable.java,,NOT_IN_CACHE,False,Not In Cache,N/A,False,
"java.util.Hashtable.replace(java.lang.Object,java.lang.Object)",java.util.Hashtable,replace,Hashtable.java,,NOT_IN_CACHE,False,Not In Cache,N/A,False,
"java.util.Hashtable.replace(java.lang.Object,java.lang.Object,java.lang.Object)",java.util.Hashtable,replace,Hashtable.java,,NOT_IN_CACHE,False,Not In Cache,N/A,False,
java.util.Hashtable.replaceAll(java.util.function.BiFunction),java.util.Hashtable,replaceAll,Hashtable.java,,NOT_IN_CACHE,False,Not In Cache,N/A,False,
java.util.Hashtable.size(),java.util.Hashtable,size,Hashtable.java,Pure,NOT_IN_CACHE,True,Not In Cache,N/A,False,
java.util.Hashtable.toString(),java.util.Hashtable,toString,Hashtable.java,,NOT_IN_CACHE,True,Not In Cache,N/A,False,
java.util.Hashtable.values(),java.util.Hashtable,values,Hashtable.java,SideEffectFree,NOT_IN_CACHE,True,Not In Cache,N/A,False,
java.util.Hashtable.writeHashtable(java.util.java$io$ObjectOutputStream),java.util.Hashtable,writeHashtable,Hashtable.java,,NOT_IN_CACHE,False,Not In Cache,N/A,False,
java.util.Hashtable.writeObject(java.util.java$io$ObjectOutputStream),java.util.Hashtable,writeObject,Hashtable.java,,NOT_IN_CACHE,False,Not In Cache,N/A,False,
java.util.IdentityHashMap$EntryIterator$Entry.<init>(int),java.util.IdentityHashMap$EntryIterator$Entry,<init>,IdentityHashMap.java,,NOT_IN_CACHE,False,Not In Cache,N/A,False,
java.util.IdentityHashMap$EntryIterator$Entry.checkIndexForEntryUse(),java.util.IdentityHashMap$EntryIterator$Entry,checkIndexForEntryUse,IdentityHashMap.java,,NOT_IN_CACHE,False,Not In Cache,N/A,False,
java.util.IdentityHashMap$EntryIterator$Entry.equals(java.lang.Object),java.util.IdentityHashMap$EntryIterator$Entry,equals,IdentityHashMap.java,,NOT_IN_CACHE,False,Not In Cache,N/A,False,
java.util.IdentityHashMap$EntryIterator$Entry.getKey(),java.util.IdentityHashMap$EntryIterator$Entry,getKey,IdentityHashMap.java,,NOT_IN_CACHE,False,Not In Cache,N/A,False,
java.util.IdentityHashMap$EntryIterator$Entry.getValue(),java.util.IdentityHashMap$EntryIterator$Entry,getValue,IdentityHashMap.java,,NOT_IN_CACHE,False,Not In Cache,N/A,False,
java.util.IdentityHashMap$EntryIterator$Entry.hashCode(),java.util.IdentityHashMap$EntryIterator$Entry,hashCode,IdentityHashMap.java,,NOT_IN_CACHE,False,Not In Cache,N/A,False,
java.util.IdentityHashMap$EntryIterator$Entry.setValue(java.lang.Object),java.util.IdentityHashMap$EntryIterator$Entry,setValue,IdentityHashMap.java,,NOT_IN_CACHE,False,Not In Cache,N/A,False,
java.util.IdentityHashMap$EntryIterator$Entry.toString(),java.util.IdentityHashMap$EntryIterator$Entry,toString,IdentityHashMap.java,,NOT_IN_CACHE,False,Not In Cache,N/A,False,
java.util.IdentityHashMap$EntryIterator.next(),java.util.IdentityHashMap$EntryIterator,next,IdentityHashMap.java,,NOT_IN_CACHE,False,Not In Cache,N/A,False,
java.util.IdentityHashMap$EntryIterator.remove(),java.util.IdentityHashMap$EntryIterator,remove,IdentityHashMap.java,,NOT_IN_CACHE,False,Not In Cache,N/A,False,
java.util.IdentityHashMap$EntrySet.clear(),java.util.IdentityHashMap$EntrySet,clear,IdentityHashMap.java,,NOT_IN_CACHE,False,Not In Cache,N/A,False,
java.util.IdentityHashMap$EntrySet.contains(java.lang.Object),java.util.IdentityHashMap$EntrySet,contains,IdentityHashMap.java,Pure,NOT_IN_CACHE,False,Not In Cache,N/A,False,
java.util.IdentityHashMap$EntrySet.iterator(),java.util.IdentityHashMap$EntrySet,iterator,IdentityHashMap.java,SideEffectFree,NOT_IN_CACHE,False,Not In Cache,N/A,False,
java.util.IdentityHashMap$EntrySet.remove(java.lang.Object),java.util.IdentityHashMap$EntrySet,remove,IdentityHashMap.java,,NOT_IN_CACHE,False,Not In Cache,N/A,False,
java.util.IdentityHashMap$EntrySet.removeAll(java.util.Collection),java.util.IdentityHashMap$EntrySet,removeAll,IdentityHashMap.java,,NOT_IN_CACHE,False,Not In Cache,N/A,False,
java.util.IdentityHashMap$EntrySet.size(),java.util.IdentityHashMap$EntrySet,size,IdentityHashMap.java,Pure,NOT_IN_CACHE,False,Not In Cache,N/A,False,
java.util.IdentityHashMap$EntrySet.spliterator(),java.util.IdentityHashMap$EntrySet,spliterator,IdentityHashMap.java,SideEffectFree,NOT_IN_CACHE,False,Not In Cache,N/A,False,
java.util.IdentityHashMap$EntrySet.toArray(),java.util.IdentityHashMap$EntrySet,toArray,IdentityHashMap.java,SideEffectFree,NOT_IN_CACHE,False,Not In Cache,N/A,False,
java.util.IdentityHashMap$EntrySet.toArray(java.lang.Object[]),java.util.IdentityHashMap$EntrySet,toArray,IdentityHashMap.java,SideEffectFree,NOT_IN_CACHE,False,Not In Cache,N/A,False,
"java.util.IdentityHashMap$EntrySpliterator.<init>(java.util.IdentityHashMap,int,int,int,int)",java.util.IdentityHashMap$EntrySpliterator,<init>,IdentityHashMap.java,,NOT_IN_CACHE,False,Not In Cache,N/A,False,
java.util.IdentityHashMap$EntrySpliterator.characteristics(),java.util.IdentityHashMap$EntrySpliterator,characteristics,IdentityHashMap.java,,NOT_IN_CACHE,False,Not In Cache,N/A,False,
java.util.IdentityHashMap$EntrySpliterator.forEachRemaining(java.util.function.Consumer),java.util.IdentityHashMap$EntrySpliterator,forEachRemaining,IdentityHashMap.java,,NOT_IN_CACHE,False,Not In Cache,N/A,False,
java.util.IdentityHashMap$EntrySpliterator.tryAdvance(java.util.function.Consumer),java.util.IdentityHashMap$EntrySpliterator,tryAdvance,IdentityHashMap.java,,NOT_IN_CACHE,False,Not In Cache,N/A,False,
java.util.IdentityHashMap$EntrySpliterator.trySplit(),java.util.IdentityHashMap$EntrySpliterator,trySplit,IdentityHashMap.java,,NOT_IN_CACHE,False,Not In Cache,N/A,False,
java.util.IdentityHashMap$IdentityHashMapIterator.hasNext(),java.util.IdentityHashMap$IdentityHashMapIterator,hasNext,IdentityHashMap.java,Pure,NOT_IN_CACHE,False,Not In Cache,N/A,False,
java.util.IdentityHashMap$IdentityHashMapIterator.nextIndex(),java.util.IdentityHashMap$IdentityHashMapIterator,nextIndex,IdentityHashMap.java,,NOT_IN_CACHE,False,Not In Cache,N/A,False,
java.util.IdentityHashMap$IdentityHashMapIterator.remove(),java.util.IdentityHashMap$IdentityHashMapIterator,remove,IdentityHashMap.java,,NOT_IN_CACHE,False,Not In Cache,N/A,False,
"java.util.IdentityHashMap$IdentityHashMapSpliterator.<init>(java.util.IdentityHashMap,int,int,int,int)",java.util.IdentityHashMap$IdentityHashMapSpliterator,<init>,IdentityHashMap.java,,NOT_IN_CACHE,False,Not In Cache,N/A,False,
java.util.IdentityHashMap$IdentityHashMapSpliterator.estimateSize(),java.util.IdentityHashMap$IdentityHashMapSpliterator,estimateSize,IdentityHashMap.java,,NOT_IN_CACHE,False,Not In Cache,N/A,False,
java.util.IdentityHashMap$IdentityHashMapSpliterator.getFence(),java.util.IdentityHashMap$IdentityHashMapSpliterator,getFence,IdentityHashMap.java,,NOT_IN_CACHE,False,Not In Cache,N/A,False,
java.util.IdentityHashMap$KeyIterator.next(),java.util.IdentityHashMap$KeyIterator,next,IdentityHashMap.java,,NOT_IN_CACHE,False,Not In Cache,N/A,False,
java.util.IdentityHashMap$KeySet.clear(),java.util.IdentityHashMap$KeySet,clear,IdentityHashMap.java,,NOT_IN_CACHE,False,Not In Cache,N/A,False,
java.util.IdentityHashMap$KeySet.contains(java.lang.Object),java.util.IdentityHashMap$KeySet,contains,IdentityHashMap.java,Pure,NOT_IN_CACHE,False,Not In Cache,N/A,False,
java.util.IdentityHashMap$KeySet.hashCode(),java.util.IdentityHashMap$KeySet,hashCode,IdentityHashMap.java,,NOT_IN_CACHE,False,Not In Cache,N/A,False,
java.util.IdentityHashMap$KeySet.iterator(),java.util.IdentityHashMap$KeySet,iterator,IdentityHashMap.java,SideEffectFree,NOT_IN_CACHE,False,Not In Cache,N/A,False,
java.util.IdentityHashMap$KeySet.remove(java.lang.Object),java.util.IdentityHashMap$KeySet,remove,IdentityHashMap.java,,NOT_IN_CACHE,False,Not In Cache,N/A,False,
java.util.IdentityHashMap$KeySet.removeAll(java.util.Collection),java.util.IdentityHashMap$KeySet,removeAll,IdentityHashMap.java,,NOT_IN_CACHE,False,Not In Cache,N/A,False,
java.util.IdentityHashMap$KeySet.size(),java.util.IdentityHashMap$KeySet,size,IdentityHashMap.java,Pure,NOT_IN_CACHE,False,Not In Cache,N/A,False,
java.util.IdentityHashMap$KeySet.spliterator(),java.util.IdentityHashMap$KeySet,spliterator,IdentityHashMap.java,SideEffectFree,NOT_IN_CACHE,False,Not In Cache,N/A,False,
java.util.IdentityHashMap$KeySet.toArray(),java.util.IdentityHashMap$KeySet,toArray,IdentityHashMap.java,SideEffectFree,NOT_IN_CACHE,False,Not In Cache,N/A,False,
java.util.IdentityHashMap$KeySet.toArray(java.lang.Object[]),java.util.IdentityHashMap$KeySet,toArray,IdentityHashMap.java,SideEffectFree,NOT_IN_CACHE,False,Not In Cache,N/A,False,
"java.util.IdentityHashMap$KeySpliterator.<init>(java.util.IdentityHashMap,int,int,int,int)",java.util.IdentityHashMap$KeySpliterator,<init>,IdentityHashMap.java,,NOT_IN_CACHE,False,Not In Cache,N/A,False,
java.util.IdentityHashMap$KeySpliterator.characteristics(),java.util.IdentityHashMap$KeySpliterator,characteristics,IdentityHashMap.java,,NOT_IN_CACHE,False,Not In Cache,N/A,False,
java.util.IdentityHashMap$KeySpliterator.forEachRemaining(java.util.function.Consumer),java.util.IdentityHashMap$KeySpliterator,forEachRemaining,IdentityHashMap.java,,NOT_IN_CACHE,False,Not In Cache,N/A,False,
java.util.IdentityHashMap$KeySpliterator.tryAdvance(java.util.function.Consumer),java.util.IdentityHashMap$KeySpliterator,tryAdvance,IdentityHashMap.java,,NOT_IN_CACHE,False,Not In Cache,N/A,False,
java.util.IdentityHashMap$KeySpliterator.trySplit(),java.util.IdentityHashMap$KeySpliterator,trySplit,IdentityHashMap.java,,NOT_IN_CACHE,False,Not In Cache,N/A,False,
java.util.IdentityHashMap$ValueIterator.next(),java.util.IdentityHashMap$ValueIterator,next,IdentityHashMap.java,,NOT_IN_CACHE,False,Not In Cache,N/A,False,
"java.util.IdentityHashMap$ValueSpliterator.<init>(java.util.IdentityHashMap,int,int,int,int)",java.util.IdentityHashMap$ValueSpliterator,<init>,IdentityHashMap.java,,NOT_IN_CACHE,False,Not In Cache,N/A,False,
java.util.IdentityHashMap$ValueSpliterator.characteristics(),java.util.IdentityHashMap$ValueSpliterator,characteristics,IdentityHashMap.java,,NOT_IN_CACHE,False,Not In Cache,N/A,False,
java.util.IdentityHashMap$ValueSpliterator.forEachRemaining(java.util.function.Consumer),java.util.IdentityHashMap$ValueSpliterator,forEachRemaining,IdentityHashMap.java,,NOT_IN_CACHE,False,Not In Cache,N/A,False,
java.util.IdentityHashMap$ValueSpliterator.tryAdvance(java.util.function.Consumer),java.util.IdentityHashMap$ValueSpliterator,tryAdvance,IdentityHashMap.java,,NOT_IN_CACHE,False,Not In Cache,N/A,False,
java.util.IdentityHashMap$ValueSpliterator.trySplit(),java.util.IdentityHashMap$ValueSpliterator,trySplit,IdentityHashMap.java,,NOT_IN_CACHE,False,Not In Cache,N/A,False,
java.util.IdentityHashMap$Values.clear(),java.util.IdentityHashMap$Values,clear,IdentityHashMap.java,,NOT_IN_CACHE,False,Not In Cache,N/A,False,
java.util.IdentityHashMap$Values.contains(java.lang.Object),java.util.IdentityHashMap$Values,contains,IdentityHashMap.java,Pure,NOT_IN_CACHE,False,Not In Cache,N/A,False,
java.util.IdentityHashMap$Values.iterator(),java.util.IdentityHashMap$Values,iterator,IdentityHashMap.java,SideEffectFree,NOT_IN_CACHE,False,Not In Cache,N/A,False,
java.util.IdentityHashMap$Values.remove(java.lang.Object),java.util.IdentityHashMap$Values,remove,IdentityHashMap.java,,NOT_IN_CACHE,False,Not In Cache,N/A,False,
java.util.IdentityHashMap$Values.size(),java.util.IdentityHashMap$Values,size,IdentityHashMap.java,Pure,NOT_IN_CACHE,False,Not In Cache,N/A,False,
java.util.IdentityHashMap$Values.spliterator(),java.util.IdentityHashMap$Values,spliterator,IdentityHashMap.java,SideEffectFree,NOT_IN_CACHE,False,Not In Cache,N/A,False,
java.util.IdentityHashMap$Values.toArray(),java.util.IdentityHashMap$Values,toArray,IdentityHashMap.java,SideEffectFree,NOT_IN_CACHE,False,Not In Cache,N/A,False,
java.util.IdentityHashMap$Values.toArray(java.lang.Object[]),java.util.IdentityHashMap$Values,toArray,IdentityHashMap.java,SideEffectFree,NOT_IN_CACHE,False,Not In Cache,N/A,False,
java.util.IdentityHashMap.<init>(),java.util.IdentityHashMap,<init>,IdentityHashMap.java,,NOT_IN_CACHE,False,Not In Cache,N/A,False,
java.util.IdentityHashMap.<init>(int),java.util.IdentityHashMap,<init>,IdentityHashMap.java,,NOT_IN_CACHE,False,Not In Cache,N/A,False,
java.util.IdentityHashMap.<init>(java.util.Map),java.util.IdentityHashMap,<init>,IdentityHashMap.java,,NOT_IN_CACHE,False,Not In Cache,N/A,False,
java.util.IdentityHashMap.capacity(int),java.util.IdentityHashMap,capacity,IdentityHashMap.java,,NOT_IN_CACHE,False,Not In Cache,N/A,False,
java.util.IdentityHashMap.clear(),java.util.IdentityHashMap,clear,IdentityHashMap.java,,NOT_IN_CACHE,False,Not In Cache,N/A,False,
java.util.IdentityHashMap.clone(),java.util.IdentityHashMap,clone,IdentityHashMap.java,SideEffectFree,NOT_IN_CACHE,True,Not In Cache,N/A,False,
java.util.IdentityHashMap.containsKey(java.lang.Object),java.util.IdentityHashMap,containsKey,IdentityHashMap.java,Pure,NOT_IN_CACHE,True,Not In Cache,N/A,False,
"java.util.IdentityHashMap.containsMapping(java.lang.Object,java.lang.Object)",java.util.IdentityHashMap,containsMapping,IdentityHashMap.java,,NOT_IN_CACHE,False,Not In Cache,N/A,False,
java.util.IdentityHashMap.containsValue(java.lang.Object),java.util.IdentityHashMap,containsValue,IdentityHashMap.java,Pure,NOT_IN_CACHE,True,Not In Cache,N/A,False,
java.util.IdentityHashMap.entrySet(),java.util.IdentityHashMap,entrySet,IdentityHashMap.java,SideEffectFree,NOT_IN_CACHE,True,Not In Cache,N/A,False,
java.util.IdentityHashMap.equals(java.lang.Object),java.util.IdentityHashMap,equals,IdentityHashMap.java,Pure,NOT_IN_CACHE,True,Not In Cache,N/A,False,
java.util.IdentityHashMap.forEach(java.util.function.BiConsumer),java.util.IdentityHashMap,forEach,IdentityHashMap.java,,NOT_IN_CACHE,False,Not In Cache,N/A,False,
java.util.IdentityHashMap.get(java.lang.Object),java.util.IdentityHashMap,get,IdentityHashMap.java,Pure,NOT_IN_CACHE,True,Not In Cache,N/A,False,
java.util.IdentityHashMap.hashCode(),java.util.IdentityHashMap,hashCode,IdentityHashMap.java,Pure,NOT_IN_CACHE,True,Not In Cache,N/A,False,
java.util.IdentityHashMap.isEmpty(),java.util.IdentityHashMap,isEmpty,IdentityHashMap.java,Pure,NOT_IN_CACHE,True,Not In Cache,N/A,False,
java.util.IdentityHashMap.keySet(),java.util.IdentityHashMap,keySet,IdentityHashMap.java,SideEffectFree,NOT_IN_CACHE,True,Not In Cache,N/A,False,
"java.util.IdentityHashMap.put(java.lang.Object,java.lang.Object)",java.util.IdentityHashMap,put,IdentityHashMap.java,,NOT_IN_CACHE,False,Not In Cache,N/A,False,
java.util.IdentityHashMap.putAll(java.util.Map),java.util.IdentityHashMap,putAll,IdentityHashMap.java,,NOT_IN_CACHE,False,Not In Cache,N/A,False,
"java.util.IdentityHashMap.putForCreate(java.lang.Object,java.lang.Object)",java.util.IdentityHashMap,putForCreate,IdentityHashMap.java,,NOT_IN_CACHE,False,Not In Cache,N/A,False,
java.util.IdentityHashMap.readObject(java.io.ObjectInputStream),java.util.IdentityHashMap,readObject,IdentityHashMap.java,,NOT_IN_CACHE,False,Not In Cache,N/A,False,
java.util.IdentityHashMap.remove(java.lang.Object),java.util.IdentityHashMap,remove,IdentityHashMap.java,,NOT_IN_CACHE,False,Not In Cache,N/A,False,
"java.util.IdentityHashMap.remove(java.lang.Object,java.lang.Object)",java.util.IdentityHashMap,remove,IdentityHashMap.java,,NOT_IN_CACHE,False,Not In Cache,N/A,False,
"java.util.IdentityHashMap.removeMapping(java.lang.Object,java.lang.Object)",java.util.IdentityHashMap,removeMapping,IdentityHashMap.java,,NOT_IN_CACHE,False,Not In Cache,N/A,False,
"java.util.IdentityHashMap.replace(java.lang.Object,java.lang.Object,java.lang.Object)",java.util.IdentityHashMap,replace,IdentityHashMap.java,,NOT_IN_CACHE,False,Not In Cache,N/A,False,
java.util.IdentityHashMap.replaceAll(java.util.function.BiFunction),java.util.IdentityHashMap,replaceAll,IdentityHashMap.java,,NOT_IN_CACHE,False,Not In Cache,N/A,False,
java.util.IdentityHashMap.size(),java.util.IdentityHashMap,size,IdentityHashMap.java,Pure,NOT_IN_CACHE,True,Not In Cache,N/A,False,
java.util.IdentityHashMap.unmaskNull(java.lang.Object),java.util.IdentityHashMap,unmaskNull,IdentityHashMap.java,,NOT_IN_CACHE,False,Not In Cache,N/A,False,
java.util.IdentityHashMap.unmaskNull(java.util.k),java.util.IdentityHashMap,unmaskNull,IdentityHashMap.java,,NOT_IN_CACHE,False,Not In Cache,N/A,False,
java.util.IdentityHashMap.values(),java.util.IdentityHashMap,values,IdentityHashMap.java,SideEffectFree,NOT_IN_CACHE,True,Not In Cache,N/A,False,
java.util.IdentityHashMap.writeObject(java.io.ObjectOutputStream),java.util.IdentityHashMap,writeObject,IdentityHashMap.java,,NOT_IN_CACHE,False,Not In Cache,N/A,False,
java.util.ImmutableCollections$AbstractImmutableCollection.add(java.lang.Object),java.util.ImmutableCollections$AbstractImmutableCollection,add,ImmutableCollections.java,,NOT_IN_CACHE,False,Not In Cache,N/A,False,
java.util.ImmutableCollections$AbstractImmutableList.contains(java.lang.Object),java.util.ImmutableCollections$AbstractImmutableList,contains,ImmutableCollections.java,Pure,NOT_IN_CACHE,False,Not In Cache,N/A,False,
java.util.ImmutableCollections$AbstractImmutableList.equals(java.lang.Object),java.util.ImmutableCollections$AbstractImmutableList,equals,ImmutableCollections.java,,NOT_IN_CACHE,False,Not In Cache,N/A,False,
java.util.ImmutableCollections$AbstractImmutableList.hashCode(),java.util.ImmutableCollections$AbstractImmutableList,hashCode,ImmutableCollections.java,,NOT_IN_CACHE,False,Not In Cache,N/A,False,
java.util.ImmutableCollections$AbstractImmutableList.iterator(),java.util.ImmutableCollections$AbstractImmutableList,iterator,ImmutableCollections.java,,NOT_IN_CACHE,False,Not In Cache,N/A,False,
java.util.ImmutableCollections$AbstractImmutableList.listIterator(),java.util.ImmutableCollections$AbstractImmutableList,listIterator,ImmutableCollections.java,,NOT_IN_CACHE,False,Not In Cache,N/A,False,
java.util.ImmutableCollections$AbstractImmutableList.listIterator(java.util.final int),java.util.ImmutableCollections$AbstractImmutableList,listIterator,ImmutableCollections.java,,NOT_IN_CACHE,False,Not In Cache,N/A,False,
java.util.ImmutableCollections$AbstractImmutableList.outOfBounds(int),java.util.ImmutableCollections$AbstractImmutableList,outOfBounds,ImmutableCollections.java,,NOT_IN_CACHE,False,Not In Cache,N/A,False,
java.util.ImmutableCollections$AbstractImmutableList.reversed(),java.util.ImmutableCollections$AbstractImmutableList,reversed,ImmutableCollections.java,,NOT_IN_CACHE,False,Not In Cache,N/A,False,
java.util.ImmutableCollections$AbstractImmutableList.size(),java.util.ImmutableCollections$AbstractImmutableList,size,ImmutableCollections.java,,NOT_IN_CACHE,False,Not In Cache,N/A,False,
"java.util.ImmutableCollections$AbstractImmutableList.subList(int,int)",java.util.ImmutableCollections$AbstractImmutableList,subList,ImmutableCollections.java,,NOT_IN_CACHE,False,Not In Cache,N/A,False,
"java.util.ImmutableCollections$AbstractImmutableList.subListRangeCheck(int,int,int)",java.util.ImmutableCollections$AbstractImmutableList,subListRangeCheck,ImmutableCollections.java,,NOT_IN_CACHE,False,Not In Cache,N/A,False,
"java.util.ImmutableCollections$AbstractImmutableMap.getOrDefault(java.lang.Object,java.lang.Object)",java.util.ImmutableCollections$AbstractImmutableMap,getOrDefault,ImmutableCollections.java,,NOT_IN_CACHE,False,Not In Cache,N/A,False,
java.util.ImmutableCollections$AbstractImmutableSet.equals(java.lang.Object),java.util.ImmutableCollections$AbstractImmutableSet,equals,ImmutableCollections.java,,NOT_IN_CACHE,False,Not In Cache,N/A,False,
java.util.ImmutableCollections$AbstractImmutableSet.hashCode(),java.util.ImmutableCollections$AbstractImmutableSet,hashCode,ImmutableCollections.java,,NOT_IN_CACHE,False,Not In Cache,N/A,False,
java.util.ImmutableCollections$Access.JavaUtilCollectionAccess(),java.util.ImmutableCollections$Access,JavaUtilCollectionAccess,ImmutableCollections.java,,NOT_IN_CACHE,False,Not In Cache,N/A,False,
java.util.ImmutableCollections$Access.listFromTrustedArray(java.lang.Object[]),java.util.ImmutableCollections$Access,listFromTrustedArray,ImmutableCollections.java,,NOT_IN_CACHE,False,Not In Cache,N/A,False,
java.util.ImmutableCollections$Access.listFromTrustedArrayNullsAllowed(java.lang.Object[]),java.util.ImmutableCollections$Access,listFromTrustedArrayNullsAllowed,ImmutableCollections.java,,NOT_IN_CACHE,False,Not In Cache,N/A,False,
java.util.ImmutableCollections$List12.get(int),java.util.ImmutableCollections$List12,get,ImmutableCollections.java,,NOT_IN_CACHE,False,Not In Cache,N/A,False,
java.util.ImmutableCollections$List12.indexOf(java.lang.Object),java.util.ImmutableCollections$List12,indexOf,ImmutableCollections.java,,NOT_IN_CACHE,False,Not In Cache,N/A,False,
java.util.ImmutableCollections$List12.isEmpty(),java.util.ImmutableCollections$List12,isEmpty,ImmutableCollections.java,,NOT_IN_CACHE,False,Not In Cache,N/A,False,
java.util.ImmutableCollections$List12.lastIndexOf(java.lang.Object),java.util.ImmutableCollections$List12,lastIndexOf,ImmutableCollections.java,,NOT_IN_CACHE,False,Not In Cache,N/A,False,
java.util.ImmutableCollections$List12.readObject(java.io.ObjectInputStream),java.util.ImmutableCollections$List12,readObject,ImmutableCollections.java,,NOT_IN_CACHE,False,Not In Cache,N/A,False,
java.util.ImmutableCollections$List12.size(),java.util.ImmutableCollections$List12,size,ImmutableCollections.java,Pure,NOT_IN_CACHE,False,Not In Cache,N/A,False,
java.util.ImmutableCollections$List12.toArray(),java.util.ImmutableCollections$List12,toArray,ImmutableCollections.java,,NOT_IN_CACHE,False,Not In Cache,N/A,False,
java.util.ImmutableCollections$List12.toArray(java.lang.Object[]),java.util.ImmutableCollections$List12,toArray,ImmutableCollections.java,,NOT_IN_CACHE,False,Not In Cache,N/A,False,
java.util.ImmutableCollections$List12.writeReplace(),java.util.ImmutableCollections$List12,writeReplace,ImmutableCollections.java,,NOT_IN_CACHE,False,Not In Cache,N/A,False,
"java.util.ImmutableCollections$ListItr.<init>(java.util.List,int)",java.util.ImmutableCollections$ListItr,<init>,ImmutableCollections.java,,NOT_IN_CACHE,False,Not In Cache,N/A,False,
"java.util.ImmutableCollections$ListItr.<init>(java.util.List,int,int)",java.util.ImmutableCollections$ListItr,<init>,ImmutableCollections.java,,NOT_IN_CACHE,False,Not In Cache,N/A,False,
java.util.ImmutableCollections$ListItr.add(java.lang.Object),java.util.ImmutableCollections$ListItr,add,ImmutableCollections.java,,NOT_IN_CACHE,False,Not In Cache,N/A,False,
java.util.ImmutableCollections$ListItr.hasNext(),java.util.ImmutableCollections$ListItr,hasNext,ImmutableCollections.java,Pure,NOT_IN_CACHE,False,Not In Cache,N/A,False,
java.util.ImmutableCollections$ListItr.hasPrevious(),java.util.ImmutableCollections$ListItr,hasPrevious,ImmutableCollections.java,,NOT_IN_CACHE,False,Not In Cache,N/A,False,
java.util.ImmutableCollections$ListItr.next(),java.util.ImmutableCollections$ListItr,next,ImmutableCollections.java,,NOT_IN_CACHE,False,Not In Cache,N/A,False,
java.util.ImmutableCollections$ListItr.nextIndex(),java.util.ImmutableCollections$ListItr,nextIndex,ImmutableCollections.java,,NOT_IN_CACHE,False,Not In Cache,N/A,False,
java.util.ImmutableCollections$ListItr.previous(),java.util.ImmutableCollections$ListItr,previous,ImmutableCollections.java,,NOT_IN_CACHE,False,Not In Cache,N/A,False,
java.util.ImmutableCollections$ListItr.previousIndex(),java.util.ImmutableCollections$ListItr,previousIndex,ImmutableCollections.java,,NOT_IN_CACHE,False,Not In Cache,N/A,False,
java.util.ImmutableCollections$ListItr.remove(),java.util.ImmutableCollections$ListItr,remove,ImmutableCollections.java,,NOT_IN_CACHE,False,Not In Cache,N/A,False,
java.util.ImmutableCollections$ListItr.set(java.lang.Object),java.util.ImmutableCollections$ListItr,set,ImmutableCollections.java,,NOT_IN_CACHE,False,Not In Cache,N/A,False,
java.util.ImmutableCollections$ListN.get(int),java.util.ImmutableCollections$ListN,get,ImmutableCollections.java,,NOT_IN_CACHE,False,Not In Cache,N/A,False,
java.util.ImmutableCollections$ListN.indexOf(java.lang.Object),java.util.ImmutableCollections$ListN,indexOf,ImmutableCollections.java,,NOT_IN_CACHE,False,Not In Cache,N/A,False,
java.util.ImmutableCollections$ListN.isEmpty(),java.util.ImmutableCollections$ListN,isEmpty,ImmutableCollections.java,Pure,NOT_IN_CACHE,False,Not In Cache,N/A,False,
java.util.ImmutableCollections$ListN.lastIndexOf(java.lang.Object),java.util.ImmutableCollections$ListN,lastIndexOf,ImmutableCollections.java,,NOT_IN_CACHE,False,Not In Cache,N/A,False,
java.util.ImmutableCollections$ListN.readObject(java.io.ObjectInputStream),java.util.ImmutableCollections$ListN,readObject,ImmutableCollections.java,,NOT_IN_CACHE,False,Not In Cache,N/A,False,
java.util.ImmutableCollections$ListN.size(),java.util.ImmutableCollections$ListN,size,ImmutableCollections.java,Pure,NOT_IN_CACHE,False,Not In Cache,N/A,False,
java.util.ImmutableCollections$ListN.toArray(),java.util.ImmutableCollections$ListN,toArray,ImmutableCollections.java,,NOT_IN_CACHE,False,Not In Cache,N/A,False,
java.util.ImmutableCollections$ListN.toArray(java.lang.Object[]),java.util.ImmutableCollections$ListN,toArray,ImmutableCollections.java,,NOT_IN_CACHE,False,Not In Cache,N/A,False,
java.util.ImmutableCollections$ListN.writeReplace(),java.util.ImmutableCollections$ListN,writeReplace,ImmutableCollections.java,,NOT_IN_CACHE,False,Not In Cache,N/A,False,
java.util.ImmutableCollections$MapN$MapNIterator.<init>(),java.util.ImmutableCollections$MapN$MapNIterator,<init>,ImmutableCollections.java,,NOT_IN_CACHE,False,Not In Cache,N/A,False,
java.util.ImmutableCollections$MapN$MapNIterator.hasNext(),java.util.ImmutableCollections$MapN$MapNIterator,hasNext,ImmutableCollections.java,Pure,NOT_IN_CACHE,False,Not In Cache,N/A,False,
java.util.ImmutableCollections$MapN$MapNIterator.next(),java.util.ImmutableCollections$MapN$MapNIterator,next,ImmutableCollections.java,,NOT_IN_CACHE,False,Not In Cache,N/A,False,
java.util.ImmutableCollections$MapN$MapNIterator.nextIndex(),java.util.ImmutableCollections$MapN$MapNIterator,nextIndex,ImmutableCollections.java,,NOT_IN_CACHE,False,Not In Cache,N/A,False,
java.util.ImmutableCollections$MapN.containsKey(java.lang.Object),java.util.ImmutableCollections$MapN,containsKey,ImmutableCollections.java,Pure,NOT_IN_CACHE,False,Not In Cache,N/A,False,
java.util.ImmutableCollections$MapN.containsValue(java.lang.Object),java.util.ImmutableCollections$MapN,containsValue,ImmutableCollections.java,Pure,NOT_IN_CACHE,False,Not In Cache,N/A,False,
java.util.ImmutableCollections$MapN.entrySet(),java.util.ImmutableCollections$MapN,entrySet,ImmutableCollections.java,SideEffectFree,NOT_IN_CACHE,False,Not In Cache,N/A,False,
java.util.ImmutableCollections$MapN.get(java.lang.Object),java.util.ImmutableCollections$MapN,get,ImmutableCollections.java,,NOT_IN_CACHE,False,Not In Cache,N/A,False,
java.util.ImmutableCollections$MapN.hashCode(),java.util.ImmutableCollections$MapN,hashCode,ImmutableCollections.java,,NOT_IN_CACHE,False,Not In Cache,N/A,False,
java.util.ImmutableCollections$MapN.isEmpty(),java.util.ImmutableCollections$MapN,isEmpty,ImmutableCollections.java,,NOT_IN_CACHE,False,Not In Cache,N/A,False,
java.util.ImmutableCollections$MapN.iterator(),java.util.ImmutableCollections$MapN,iterator,ImmutableCollections.java,,NOT_IN_CACHE,False,Not In Cache,N/A,False,
java.util.ImmutableCollections$MapN.readObject(java.io.ObjectInputStream),java.util.ImmutableCollections$MapN,readObject,ImmutableCollections.java,,NOT_IN_CACHE,False,Not In Cache,N/A,False,
java.util.ImmutableCollections$MapN.size(),java.util.ImmutableCollections$MapN,size,ImmutableCollections.java,Pure,NOT_IN_CACHE,False,Not In Cache,N/A,False,
java.util.ImmutableCollections$MapN.writeReplace(),java.util.ImmutableCollections$MapN,writeReplace,ImmutableCollections.java,,NOT_IN_CACHE,False,Not In Cache,N/A,False,
java.util.ImmutableCollections$Set12.contains(java.lang.Object),java.util.ImmutableCollections$Set12,contains,ImmutableCollections.java,Pure,NOT_IN_CACHE,False,Not In Cache,N/A,False,
java.util.ImmutableCollections$Set12.hasNext(),java.util.ImmutableCollections$Set12,hasNext,ImmutableCollections.java,Pure,NOT_IN_CACHE,False,Not In Cache,N/A,False,
java.util.ImmutableCollections$Set12.hashCode(),java.util.ImmutableCollections$Set12,hashCode,ImmutableCollections.java,,NOT_IN_CACHE,False,Not In Cache,N/A,False,
java.util.ImmutableCollections$Set12.isEmpty(),java.util.ImmutableCollections$Set12,isEmpty,ImmutableCollections.java,,NOT_IN_CACHE,False,Not In Cache,N/A,False,
java.util.ImmutableCollections$Set12.iterator(),java.util.ImmutableCollections$Set12,iterator,ImmutableCollections.java,,NOT_IN_CACHE,False,Not In Cache,N/A,False,
java.util.ImmutableCollections$Set12.next(java.util./*Iterator),java.util.ImmutableCollections$Set12,next,ImmutableCollections.java,,NOT_IN_CACHE,False,Not In Cache,N/A,False,
java.util.ImmutableCollections$Set12.readObject(java.io.ObjectInputStream),java.util.ImmutableCollections$Set12,readObject,ImmutableCollections.java,,NOT_IN_CACHE,False,Not In Cache,N/A,False,
java.util.ImmutableCollections$Set12.size(),java.util.ImmutableCollections$Set12,size,ImmutableCollections.java,Pure,NOT_IN_CACHE,False,Not In Cache,N/A,False,
java.util.ImmutableCollections$Set12.toArray(),java.util.ImmutableCollections$Set12,toArray,ImmutableCollections.java,,NOT_IN_CACHE,False,Not In Cache,N/A,False,
java.util.ImmutableCollections$Set12.toArray(java.lang.Object[]),java.util.ImmutableCollections$Set12,toArray,ImmutableCollections.java,,NOT_IN_CACHE,False,Not In Cache,N/A,False,
java.util.ImmutableCollections$Set12.writeReplace(),java.util.ImmutableCollections$Set12,writeReplace,ImmutableCollections.java,,NOT_IN_CACHE,False,Not In Cache,N/A,False,
java.util.ImmutableCollections$SetN$SetNIterator.<init>(),java.util.ImmutableCollections$SetN$SetNIterator,<init>,ImmutableCollections.java,,NOT_IN_CACHE,False,Not In Cache,N/A,False,
java.util.ImmutableCollections$SetN$SetNIterator.hasNext(),java.util.ImmutableCollections$SetN$SetNIterator,hasNext,ImmutableCollections.java,Pure,NOT_IN_CACHE,False,Not In Cache,N/A,False,
java.util.ImmutableCollections$SetN$SetNIterator.next(),java.util.ImmutableCollections$SetN$SetNIterator,next,ImmutableCollections.java,,NOT_IN_CACHE,False,Not In Cache,N/A,False,
java.util.ImmutableCollections$SetN.contains(java.lang.Object),java.util.ImmutableCollections$SetN,contains,ImmutableCollections.java,Pure,NOT_IN_CACHE,False,Not In Cache,N/A,False,
java.util.ImmutableCollections$SetN.hashCode(),java.util.ImmutableCollections$SetN,hashCode,ImmutableCollections.java,,NOT_IN_CACHE,False,Not In Cache,N/A,False,
java.util.ImmutableCollections$SetN.isEmpty(),java.util.ImmutableCollections$SetN,isEmpty,ImmutableCollections.java,,NOT_IN_CACHE,False,Not In Cache,N/A,False,
java.util.ImmutableCollections$SetN.iterator(),java.util.ImmutableCollections$SetN,iterator,ImmutableCollections.java,,NOT_IN_CACHE,False,Not In Cache,N/A,False,
java.util.ImmutableCollections$SetN.readObject(java.io.ObjectInputStream),java.util.ImmutableCollections$SetN,readObject,ImmutableCollections.java,,NOT_IN_CACHE,False,Not In Cache,N/A,False,
java.util.ImmutableCollections$SetN.size(),java.util.ImmutableCollections$SetN,size,ImmutableCollections.java,Pure,NOT_IN_CACHE,False,Not In Cache,N/A,False,
java.util.ImmutableCollections$SetN.toArray(),java.util.ImmutableCollections$SetN,toArray,ImmutableCollections.java,,NOT_IN_CACHE,False,Not In Cache,N/A,False,
java.util.ImmutableCollections$SetN.toArray(java.lang.Object[]),java.util.ImmutableCollections$SetN,toArray,ImmutableCollections.java,,NOT_IN_CACHE,False,Not In Cache,N/A,False,
java.util.ImmutableCollections$SetN.writeReplace(),java.util.ImmutableCollections$SetN,writeReplace,ImmutableCollections.java,,NOT_IN_CACHE,False,Not In Cache,N/A,False,
"java.util.ImmutableCollections$SubList.<init>(java.util.AbstractImmutableList,int,int)",java.util.ImmutableCollections$SubList,<init>,ImmutableCollections.java,,NOT_IN_CACHE,False,Not In Cache,N/A,False,
java.util.ImmutableCollections$SubList.allowNulls(),java.util.ImmutableCollections$SubList,allowNulls,ImmutableCollections.java,,NOT_IN_CACHE,False,Not In Cache,N/A,False,
"java.util.ImmutableCollections$SubList.fromList(java.util.AbstractImmutableList,int,int)",java.util.ImmutableCollections$SubList,fromList,ImmutableCollections.java,,NOT_IN_CACHE,False,Not In Cache,N/A,False,
"java.util.ImmutableCollections$SubList.fromSubList(java.util.SubList,int,int)",java.util.ImmutableCollections$SubList,fromSubList,ImmutableCollections.java,,NOT_IN_CACHE,False,Not In Cache,N/A,False,
java.util.ImmutableCollections$SubList.get(int),java.util.ImmutableCollections$SubList,get,ImmutableCollections.java,,NOT_IN_CACHE,False,Not In Cache,N/A,False,
java.util.ImmutableCollections$SubList.get(java.util.i),java.util.ImmutableCollections$SubList,get,ImmutableCollections.java,,NOT_IN_CACHE,False,Not In Cache,N/A,False,
java.util.ImmutableCollections$SubList.indexOf(java.lang.Object),java.util.ImmutableCollections$SubList,indexOf,ImmutableCollections.java,,NOT_IN_CACHE,False,Not In Cache,N/A,False,
java.util.ImmutableCollections$SubList.iterator(),java.util.ImmutableCollections$SubList,iterator,ImmutableCollections.java,,NOT_IN_CACHE,False,Not In Cache,N/A,False,
java.util.ImmutableCollections$SubList.lastIndexOf(java.lang.Object),java.util.ImmutableCollections$SubList,lastIndexOf,ImmutableCollections.java,,NOT_IN_CACHE,False,Not In Cache,N/A,False,
java.util.ImmutableCollections$SubList.listIterator(int),java.util.ImmutableCollections$SubList,listIterator,ImmutableCollections.java,,NOT_IN_CACHE,False,Not In Cache,N/A,False,
java.util.ImmutableCollections$SubList.rangeCheck(int),java.util.ImmutableCollections$SubList,rangeCheck,ImmutableCollections.java,,NOT_IN_CACHE,False,Not In Cache,N/A,False,
java.util.ImmutableCollections$SubList.size(),java.util.ImmutableCollections$SubList,size,ImmutableCollections.java,Pure,NOT_IN_CACHE,False,Not In Cache,N/A,False,
"java.util.ImmutableCollections$SubList.subList(int,int)",java.util.ImmutableCollections$SubList,subList,ImmutableCollections.java,,NOT_IN_CACHE,False,Not In Cache,N/A,False,
java.util.ImmutableCollections$SubList.toArray(),java.util.ImmutableCollections$SubList,toArray,ImmutableCollections.java,,NOT_IN_CACHE,False,Not In Cache,N/A,False,
java.util.ImmutableCollections$SubList.toArray(java.lang.Object[]),java.util.ImmutableCollections$SubList,toArray,ImmutableCollections.java,,NOT_IN_CACHE,False,Not In Cache,N/A,False,
java.util.Iterator.hasNext(),java.util.Iterator,hasNext,Iterator.java,Pure,NOT_IN_CACHE,False,Not In Cache,N/A,False,
java.util.Iterator.next(),java.util.Iterator,next,Iterator.java,,NOT_IN_CACHE,False,Not In Cache,N/A,False,
"java.util.JapaneseImperialCalendar.<init>(java.util.TimeZone,java.util.Locale)",java.util.JapaneseImperialCalendar,<init>,JapaneseImperialCalendar.java,,NOT_IN_CACHE,False,Not In Cache,N/A,False,
"java.util.JapaneseImperialCalendar.<init>(java.util.TimeZone,java.util.Locale,boolean)",java.util.JapaneseImperialCalendar,<init>,JapaneseImperialCalendar.java,,NOT_IN_CACHE,False,Not In Cache,N/A,False,
java.util.JapaneseImperialCalendar.actualMonthLength(),java.util.JapaneseImperialCalendar,actualMonthLength,JapaneseImperialCalendar.java,,NOT_IN_CACHE,False,Not In Cache,N/A,False,
"java.util.JapaneseImperialCalendar.add(int,int)",java.util.JapaneseImperialCalendar,add,JapaneseImperialCalendar.java,,NOT_IN_CACHE,False,Not In Cache,N/A,False,
java.util.JapaneseImperialCalendar.clone(),java.util.JapaneseImperialCalendar,clone,JapaneseImperialCalendar.java,,NOT_IN_CACHE,False,Not In Cache,N/A,False,
java.util.JapaneseImperialCalendar.computeFields(),java.util.JapaneseImperialCalendar,computeFields,JapaneseImperialCalendar.java,,NOT_IN_CACHE,False,Not In Cache,N/A,False,
"java.util.JapaneseImperialCalendar.computeFields(int,int)",java.util.JapaneseImperialCalendar,computeFields,JapaneseImperialCalendar.java,,NOT_IN_CACHE,False,Not In Cache,N/A,False,
java.util.JapaneseImperialCalendar.computeTime(),java.util.JapaneseImperialCalendar,computeTime,JapaneseImperialCalendar.java,,NOT_IN_CACHE,False,Not In Cache,N/A,False,
java.util.JapaneseImperialCalendar.equals(java.lang.Object),java.util.JapaneseImperialCalendar,equals,JapaneseImperialCalendar.java,Pure,NOT_IN_CACHE,False,Not In Cache,N/A,False,
java.util.JapaneseImperialCalendar.getActualMaximum(int),java.util.JapaneseImperialCalendar,getActualMaximum,JapaneseImperialCalendar.java,,NOT_IN_CACHE,False,Not In Cache,N/A,False,
java.util.JapaneseImperialCalendar.getActualMinimum(int),java.util.JapaneseImperialCalendar,getActualMinimum,JapaneseImperialCalendar.java,,NOT_IN_CACHE,False,Not In Cache,N/A,False,
java.util.JapaneseImperialCalendar.getCalendarDate(long),java.util.JapaneseImperialCalendar,getCalendarDate,JapaneseImperialCalendar.java,,NOT_IN_CACHE,False,Not In Cache,N/A,False,
java.util.JapaneseImperialCalendar.getCalendarType(),java.util.JapaneseImperialCalendar,getCalendarType,JapaneseImperialCalendar.java,,NOT_IN_CACHE,False,Not In Cache,N/A,False,
"java.util.JapaneseImperialCalendar.getDisplayName(int,int,java.util.Locale)",java.util.JapaneseImperialCalendar,getDisplayName,JapaneseImperialCalendar.java,,NOT_IN_CACHE,False,Not In Cache,N/A,False,
"java.util.JapaneseImperialCalendar.getDisplayNames(int,int,java.util.Locale)",java.util.JapaneseImperialCalendar,getDisplayNames,JapaneseImperialCalendar.java,,NOT_IN_CACHE,False,Not In Cache,N/A,False,
java.util.JapaneseImperialCalendar.getEraIndex(sun.util.calendar.LocalGregorianCalendar$Date),java.util.JapaneseImperialCalendar,getEraIndex,JapaneseImperialCalendar.java,,NOT_IN_CACHE,False,Not In Cache,N/A,False,
java.util.JapaneseImperialCalendar.getFirstDayOfWeek(),java.util.JapaneseImperialCalendar,getFirstDayOfWeek,JapaneseImperialCalendar.java,,NOT_IN_CACHE,False,Not In Cache,N/A,False,
"java.util.JapaneseImperialCalendar.getFixedDate(int,int,int)",java.util.JapaneseImperialCalendar,getFixedDate,JapaneseImperialCalendar.java,,NOT_IN_CACHE,False,Not In Cache,N/A,False,
"java.util.JapaneseImperialCalendar.getFixedDateJan1(sun.util.calendar.LocalGregorianCalendar$Date,long)",java.util.JapaneseImperialCalendar,getFixedDateJan1,JapaneseImperialCalendar.java,,NOT_IN_CACHE,False,Not In Cache,N/A,False,
"java.util.JapaneseImperialCalendar.getFixedDateMonth1(sun.util.calendar.LocalGregorianCalendar$Date,long)",java.util.JapaneseImperialCalendar,getFixedDateMonth1,JapaneseImperialCalendar.java,,NOT_IN_CACHE,False,Not In Cache,N/A,False,
java.util.JapaneseImperialCalendar.getGreatestMinimum(int),java.util.JapaneseImperialCalendar,getGreatestMinimum,JapaneseImperialCalendar.java,,NOT_IN_CACHE,False,Not In Cache,N/A,False,
java.util.JapaneseImperialCalendar.getLeastMaximum(int),java.util.JapaneseImperialCalendar,getLeastMaximum,JapaneseImperialCalendar.java,,NOT_IN_CACHE,False,Not In Cache,N/A,False,
java.util.JapaneseImperialCalendar.getMaximum(int),java.util.JapaneseImperialCalendar,getMaximum,JapaneseImperialCalendar.java,,NOT_IN_CACHE,False,Not In Cache,N/A,False,
java.util.JapaneseImperialCalendar.getMaximum(java.util.YEAR),java.util.JapaneseImperialCalendar,getMaximum,JapaneseImperialCalendar.java,,NOT_IN_CACHE,False,Not In Cache,N/A,False,
java.util.JapaneseImperialCalendar.getMinimum(int),java.util.JapaneseImperialCalendar,getMinimum,JapaneseImperialCalendar.java,,NOT_IN_CACHE,False,Not In Cache,N/A,False,
java.util.JapaneseImperialCalendar.getNormalizedCalendar(),java.util.JapaneseImperialCalendar,getNormalizedCalendar,JapaneseImperialCalendar.java,,NOT_IN_CACHE,False,Not In Cache,N/A,False,
"java.util.JapaneseImperialCalendar.getRolledValue(int,int,int,int)",java.util.JapaneseImperialCalendar,getRolledValue,JapaneseImperialCalendar.java,,NOT_IN_CACHE,False,Not In Cache,N/A,False,
java.util.JapaneseImperialCalendar.getTimeZone(),java.util.JapaneseImperialCalendar,getTimeZone,JapaneseImperialCalendar.java,,NOT_IN_CACHE,False,Not In Cache,N/A,False,
java.util.JapaneseImperialCalendar.getTransitionEraIndex(sun.util.calendar.LocalGregorianCalendar$Date),java.util.JapaneseImperialCalendar,getTransitionEraIndex,JapaneseImperialCalendar.java,,NOT_IN_CACHE,False,Not In Cache,N/A,False,
"java.util.JapaneseImperialCalendar.getWeekNumber(long,long)",java.util.JapaneseImperialCalendar,getWeekNumber,JapaneseImperialCalendar.java,,NOT_IN_CACHE,False,Not In Cache,N/A,False,
java.util.JapaneseImperialCalendar.getYearOffsetInMillis(sun.util.calendar.CalendarDate),java.util.JapaneseImperialCalendar,getYearOffsetInMillis,JapaneseImperialCalendar.java,,NOT_IN_CACHE,False,Not In Cache,N/A,False,
java.util.JapaneseImperialCalendar.getZone(),java.util.JapaneseImperialCalendar,getZone,JapaneseImperialCalendar.java,,NOT_IN_CACHE,False,Not In Cache,N/A,False,
java.util.JapaneseImperialCalendar.hashCode(),java.util.JapaneseImperialCalendar,hashCode,JapaneseImperialCalendar.java,,NOT_IN_CACHE,False,Not In Cache,N/A,False,
java.util.JapaneseImperialCalendar.internalGetEra(),java.util.JapaneseImperialCalendar,internalGetEra,JapaneseImperialCalendar.java,,NOT_IN_CACHE,False,Not In Cache,N/A,False,
java.util.JapaneseImperialCalendar.isTransitionYear(int),java.util.JapaneseImperialCalendar,isTransitionYear,JapaneseImperialCalendar.java,,NOT_IN_CACHE,False,Not In Cache,N/A,False,
java.util.JapaneseImperialCalendar.monthLength(int),java.util.JapaneseImperialCalendar,monthLength,JapaneseImperialCalendar.java,,NOT_IN_CACHE,False,Not In Cache,N/A,False,
"java.util.JapaneseImperialCalendar.monthLength(int,int)",java.util.JapaneseImperialCalendar,monthLength,JapaneseImperialCalendar.java,,NOT_IN_CACHE,False,Not In Cache,N/A,False,
java.util.JapaneseImperialCalendar.pinDayOfMonth(sun.util.calendar.LocalGregorianCalendar$Date),java.util.JapaneseImperialCalendar,pinDayOfMonth,JapaneseImperialCalendar.java,,NOT_IN_CACHE,False,Not In Cache,N/A,False,
java.util.JapaneseImperialCalendar.readObject(java.io.ObjectInputStream),java.util.JapaneseImperialCalendar,readObject,JapaneseImperialCalendar.java,,NOT_IN_CACHE,False,Not In Cache,N/A,False,
"java.util.JapaneseImperialCalendar.roll(int,boolean)",java.util.JapaneseImperialCalendar,roll,JapaneseImperialCalendar.java,,NOT_IN_CACHE,False,Not In Cache,N/A,False,
"java.util.JapaneseImperialCalendar.roll(int,int)",java.util.JapaneseImperialCalendar,roll,JapaneseImperialCalendar.java,,NOT_IN_CACHE,False,Not In Cache,N/A,False,
java.util.JapaneseImperialCalendar.setTimeZone(java.util.TimeZone),java.util.JapaneseImperialCalendar,setTimeZone,JapaneseImperialCalendar.java,,NOT_IN_CACHE,False,Not In Cache,N/A,False,
java.util.JumboEnumSet$EnumSetIterator.<init>(),java.util.JumboEnumSet$EnumSetIterator,<init>,JumboEnumSet.java,,NOT_IN_CACHE,False,Not In Cache,N/A,False,
java.util.JumboEnumSet$EnumSetIterator.hasNext(),java.util.JumboEnumSet$EnumSetIterator,hasNext,JumboEnumSet.java,Pure,NOT_IN_CACHE,False,Not In Cache,N/A,False,
java.util.JumboEnumSet$EnumSetIterator.next(),java.util.JumboEnumSet$EnumSetIterator,next,JumboEnumSet.java,,NOT_IN_CACHE,False,Not In Cache,N/A,False,
java.util.JumboEnumSet$EnumSetIterator.remove(),java.util.JumboEnumSet$EnumSetIterator,remove,JumboEnumSet.java,,NOT_IN_CACHE,False,Not In Cache,N/A,False,
"java.util.JumboEnumSet.<init>(java.util.ClasselementType,java.lang.Enum[])",java.util.JumboEnumSet,<init>,JumboEnumSet.java,,NOT_IN_CACHE,False,Not In Cache,N/A,False,
java.util.JumboEnumSet.add(java.lang.Object),java.util.JumboEnumSet,add,JumboEnumSet.java,,NOT_IN_CACHE,False,Not In Cache,N/A,False,
java.util.JumboEnumSet.addAll(),java.util.JumboEnumSet,addAll,JumboEnumSet.java,,NOT_IN_CACHE,False,Not In Cache,N/A,False,
java.util.JumboEnumSet.addAll(java.util.Collection),java.util.JumboEnumSet,addAll,JumboEnumSet.java,,NOT_IN_CACHE,False,Not In Cache,N/A,False,
"java.util.JumboEnumSet.addRange(java.lang.Object,java.lang.Object)",java.util.JumboEnumSet,addRange,JumboEnumSet.java,,NOT_IN_CACHE,False,Not In Cache,N/A,False,
java.util.JumboEnumSet.clear(),java.util.JumboEnumSet,clear,JumboEnumSet.java,,NOT_IN_CACHE,False,Not In Cache,N/A,False,
java.util.JumboEnumSet.clone(),java.util.JumboEnumSet,clone,JumboEnumSet.java,,NOT_IN_CACHE,False,Not In Cache,N/A,False,
java.util.JumboEnumSet.complement(),java.util.JumboEnumSet,complement,JumboEnumSet.java,,NOT_IN_CACHE,False,Not In Cache,N/A,False,
java.util.JumboEnumSet.contains(java.lang.Object),java.util.JumboEnumSet,contains,JumboEnumSet.java,Pure,NOT_IN_CACHE,False,Not In Cache,N/A,False,
java.util.JumboEnumSet.containsAll(java.util.Collection),java.util.JumboEnumSet,containsAll,JumboEnumSet.java,Pure,NOT_IN_CACHE,False,Not In Cache,N/A,False,
java.util.JumboEnumSet.equals(java.lang.Object),java.util.JumboEnumSet,equals,JumboEnumSet.java,Pure,NOT_IN_CACHE,False,Not In Cache,N/A,False,
java.util.JumboEnumSet.isEmpty(),java.util.JumboEnumSet,isEmpty,JumboEnumSet.java,Pure,NOT_IN_CACHE,False,Not In Cache,N/A,False,
java.util.JumboEnumSet.iterator(),java.util.JumboEnumSet,iterator,JumboEnumSet.java,,NOT_IN_CACHE,False,Not In Cache,N/A,False,
java.util.JumboEnumSet.recalculateSize(),java.util.JumboEnumSet,recalculateSize,JumboEnumSet.java,,NOT_IN_CACHE,False,Not In Cache,N/A,False,
java.util.JumboEnumSet.remove(java.lang.Object),java.util.JumboEnumSet,remove,JumboEnumSet.java,,NOT_IN_CACHE,False,Not In Cache,N/A,False,
java.util.JumboEnumSet.removeAll(java.util.Collection),java.util.JumboEnumSet,removeAll,JumboEnumSet.java,,NOT_IN_CACHE,False,Not In Cache,N/A,False,
java.util.JumboEnumSet.retainAll(java.util.Collection),java.util.JumboEnumSet,retainAll,JumboEnumSet.java,,NOT_IN_CACHE,False,Not In Cache,N/A,False,
java.util.JumboEnumSet.size(),java.util.JumboEnumSet,size,JumboEnumSet.java,Pure,NOT_IN_CACHE,False,Not In Cache,N/A,False,
"java.util.LinkedHashMap$Entry.<init>(int,java.lang.Object,java.lang.Object,java.util.Node)",java.util.LinkedHashMap$Entry,<init>,LinkedHashMap.java,,NOT_IN_CACHE,False,Not In Cache,N/A,False,
java.util.LinkedHashMap$LinkedEntryIterator.<init>(boolean),java.util.LinkedHashMap$LinkedEntryIterator,<init>,LinkedHashMap.java,,NOT_IN_CACHE,False,Not In Cache,N/A,False,
java.util.LinkedHashMap$LinkedEntrySet.<init>(boolean),java.util.LinkedHashMap$LinkedEntrySet,<init>,LinkedHashMap.java,,NOT_IN_CACHE,False,Not In Cache,N/A,False,
java.util.LinkedHashMap$LinkedEntrySet.LinkedEntrySet(java.util.true),java.util.LinkedHashMap$LinkedEntrySet,LinkedEntrySet,LinkedHashMap.java,,NOT_IN_CACHE,False,Not In Cache,N/A,False,
java.util.LinkedHashMap$LinkedEntrySet.clear(),java.util.LinkedHashMap$LinkedEntrySet,clear,LinkedHashMap.java,,NOT_IN_CACHE,False,Not In Cache,N/A,False,
java.util.LinkedHashMap$LinkedEntrySet.nsee(java.util.Node),java.util.LinkedHashMap$LinkedEntrySet,nsee,LinkedHashMap.java,,NOT_IN_CACHE,False,Not In Cache,N/A,False,
java.util.LinkedHashMap$LinkedEntrySet.size(),java.util.LinkedHashMap$LinkedEntrySet,size,LinkedHashMap.java,Pure,NOT_IN_CACHE,False,Not In Cache,N/A,False,
java.util.LinkedHashMap$LinkedHashIterator.<init>(boolean),java.util.LinkedHashMap$LinkedHashIterator,<init>,LinkedHashMap.java,,NOT_IN_CACHE,False,Not In Cache,N/A,False,
java.util.LinkedHashMap$LinkedKeyIterator.<init>(boolean),java.util.LinkedHashMap$LinkedKeyIterator,<init>,LinkedHashMap.java,,NOT_IN_CACHE,False,Not In Cache,N/A,False,
java.util.LinkedHashMap$LinkedKeyIterator.next(),java.util.LinkedHashMap$LinkedKeyIterator,next,LinkedHashMap.java,,NOT_IN_CACHE,False,Not In Cache,N/A,False,
java.util.LinkedHashMap$LinkedKeySet.<init>(boolean),java.util.LinkedHashMap$LinkedKeySet,<init>,LinkedHashMap.java,,NOT_IN_CACHE,False,Not In Cache,N/A,False,
java.util.LinkedHashMap$LinkedKeySet.LinkedKeySet(java.util.true),java.util.LinkedHashMap$LinkedKeySet,LinkedKeySet,LinkedHashMap.java,,NOT_IN_CACHE,False,Not In Cache,N/A,False,
java.util.LinkedHashMap$LinkedKeySet.addFirst(java.lang.Object),java.util.LinkedHashMap$LinkedKeySet,addFirst,LinkedHashMap.java,,NOT_IN_CACHE,False,Not In Cache,N/A,False,
java.util.LinkedHashMap$LinkedKeySet.addLast(java.lang.Object),java.util.LinkedHashMap$LinkedKeySet,addLast,LinkedHashMap.java,,NOT_IN_CACHE,False,Not In Cache,N/A,False,
java.util.LinkedHashMap$LinkedKeySet.clear(),java.util.LinkedHashMap$LinkedKeySet,clear,LinkedHashMap.java,,NOT_IN_CACHE,False,Not In Cache,N/A,False,
java.util.LinkedHashMap$LinkedKeySet.contains(java.lang.Object),java.util.LinkedHashMap$LinkedKeySet,contains,LinkedHashMap.java,Pure,NOT_IN_CACHE,False,Not In Cache,N/A,False,
java.util.LinkedHashMap$LinkedKeySet.forEach(java.util.function.Consumer),java.util.LinkedHashMap$LinkedKeySet,forEach,LinkedHashMap.java,,NOT_IN_CACHE,False,Not In Cache,N/A,False,
java.util.LinkedHashMap$LinkedKeySet.getFirst(),java.util.LinkedHashMap$LinkedKeySet,getFirst,LinkedHashMap.java,,NOT_IN_CACHE,False,Not In Cache,N/A,False,
java.util.LinkedHashMap$LinkedKeySet.getLast(),java.util.LinkedHashMap$LinkedKeySet,getLast,LinkedHashMap.java,,NOT_IN_CACHE,False,Not In Cache,N/A,False,
java.util.LinkedHashMap$LinkedKeySet.iterator(),java.util.LinkedHashMap$LinkedKeySet,iterator,LinkedHashMap.java,SideEffectFree,NOT_IN_CACHE,False,Not In Cache,N/A,False,
java.util.LinkedHashMap$LinkedKeySet.remove(java.lang.Object),java.util.LinkedHashMap$LinkedKeySet,remove,LinkedHashMap.java,,NOT_IN_CACHE,False,Not In Cache,N/A,False,
java.util.LinkedHashMap$LinkedKeySet.removeFirst(),java.util.LinkedHashMap$LinkedKeySet,removeFirst,LinkedHashMap.java,,NOT_IN_CACHE,False,Not In Cache,N/A,False,
java.util.LinkedHashMap$LinkedKeySet.removeLast(),java.util.LinkedHashMap$LinkedKeySet,removeLast,LinkedHashMap.java,,NOT_IN_CACHE,False,Not In Cache,N/A,False,
java.util.LinkedHashMap$LinkedKeySet.reversed(),java.util.LinkedHashMap$LinkedKeySet,reversed,LinkedHashMap.java,,NOT_IN_CACHE,False,Not In Cache,N/A,False,
java.util.LinkedHashMap$LinkedKeySet.size(),java.util.LinkedHashMap$LinkedKeySet,size,LinkedHashMap.java,Pure,NOT_IN_CACHE,False,Not In Cache,N/A,False,
java.util.LinkedHashMap$LinkedKeySet.spliterator(),java.util.LinkedHashMap$LinkedKeySet,spliterator,LinkedHashMap.java,SideEffectFree,NOT_IN_CACHE,False,Not In Cache,N/A,False,
java.util.LinkedHashMap$LinkedValueIterator.<init>(boolean),java.util.LinkedHashMap$LinkedValueIterator,<init>,LinkedHashMap.java,,NOT_IN_CACHE,False,Not In Cache,N/A,False,
java.util.LinkedHashMap$LinkedValueIterator.next(),java.util.LinkedHashMap$LinkedValueIterator,next,LinkedHashMap.java,,NOT_IN_CACHE,False,Not In Cache,N/A,False,
java.util.LinkedHashMap$LinkedValues.<init>(boolean),java.util.LinkedHashMap$LinkedValues,<init>,LinkedHashMap.java,,NOT_IN_CACHE,False,Not In Cache,N/A,False,
java.util.LinkedHashMap$LinkedValues.LinkedValues(java.util.true),java.util.LinkedHashMap$LinkedValues,LinkedValues,LinkedHashMap.java,,NOT_IN_CACHE,False,Not In Cache,N/A,False,
java.util.LinkedHashMap$LinkedValues.addFirst(java.lang.Object),java.util.LinkedHashMap$LinkedValues,addFirst,LinkedHashMap.java,,NOT_IN_CACHE,False,Not In Cache,N/A,False,
java.util.LinkedHashMap$LinkedValues.addLast(java.lang.Object),java.util.LinkedHashMap$LinkedValues,addLast,LinkedHashMap.java,,NOT_IN_CACHE,False,Not In Cache,N/A,False,
java.util.LinkedHashMap$LinkedValues.clear(),java.util.LinkedHashMap$LinkedValues,clear,LinkedHashMap.java,,NOT_IN_CACHE,False,Not In Cache,N/A,False,
java.util.LinkedHashMap$LinkedValues.contains(java.lang.Object),java.util.LinkedHashMap$LinkedValues,contains,LinkedHashMap.java,Pure,NOT_IN_CACHE,False,Not In Cache,N/A,False,
java.util.LinkedHashMap$LinkedValues.forEach(java.util.function.Consumer),java.util.LinkedHashMap$LinkedValues,forEach,LinkedHashMap.java,,NOT_IN_CACHE,False,Not In Cache,N/A,False,
java.util.LinkedHashMap$LinkedValues.getFirst(),java.util.LinkedHashMap$LinkedValues,getFirst,LinkedHashMap.java,,NOT_IN_CACHE,False,Not In Cache,N/A,False,
java.util.LinkedHashMap$LinkedValues.getLast(),java.util.LinkedHashMap$LinkedValues,getLast,LinkedHashMap.java,,NOT_IN_CACHE,False,Not In Cache,N/A,False,
java.util.LinkedHashMap$LinkedValues.iterator(),java.util.LinkedHashMap$LinkedValues,iterator,LinkedHashMap.java,SideEffectFree,NOT_IN_CACHE,False,Not In Cache,N/A,False,
java.util.LinkedHashMap$LinkedValues.removeFirst(),java.util.LinkedHashMap$LinkedValues,removeFirst,LinkedHashMap.java,,NOT_IN_CACHE,False,Not In Cache,N/A,False,
java.util.LinkedHashMap$LinkedValues.removeLast(),java.util.LinkedHashMap$LinkedValues,removeLast,LinkedHashMap.java,,NOT_IN_CACHE,False,Not In Cache,N/A,False,
java.util.LinkedHashMap$LinkedValues.reversed(),java.util.LinkedHashMap$LinkedValues,reversed,LinkedHashMap.java,,NOT_IN_CACHE,False,Not In Cache,N/A,False,
java.util.LinkedHashMap$LinkedValues.size(),java.util.LinkedHashMap$LinkedValues,size,LinkedHashMap.java,Pure,NOT_IN_CACHE,False,Not In Cache,N/A,False,
java.util.LinkedHashMap$LinkedValues.spliterator(),java.util.LinkedHashMap$LinkedValues,spliterator,LinkedHashMap.java,SideEffectFree,NOT_IN_CACHE,False,Not In Cache,N/A,False,
java.util.LinkedHashMap$LinkedValues.toArray(),java.util.LinkedHashMap$LinkedValues,toArray,LinkedHashMap.java,,NOT_IN_CACHE,False,Not In Cache,N/A,False,
java.util.LinkedHashMap$LinkedValues.toArray(java.lang.Object[]),java.util.LinkedHashMap$LinkedValues,toArray,LinkedHashMap.java,,NOT_IN_CACHE,False,Not In Cache,N/A,False,
java.util.LinkedHashMap$ReversedLinkedHashMapView.clear(),java.util.LinkedHashMap$ReversedLinkedHashMapView,clear,LinkedHashMap.java,,NOT_IN_CACHE,False,Not In Cache,N/A,False,
"java.util.LinkedHashMap$ReversedLinkedHashMapView.computeIfPresent(java.lang.Object,java.util.function.BiFunction)",java.util.LinkedHashMap$ReversedLinkedHashMapView,computeIfPresent,LinkedHashMap.java,,NOT_IN_CACHE,False,Not In Cache,N/A,False,
java.util.LinkedHashMap$ReversedLinkedHashMapView.containsValue(java.lang.Object),java.util.LinkedHashMap$ReversedLinkedHashMapView,containsValue,LinkedHashMap.java,,NOT_IN_CACHE,False,Not In Cache,N/A,False,
java.util.LinkedHashMap$ReversedLinkedHashMapView.entrySet(),java.util.LinkedHashMap$ReversedLinkedHashMapView,entrySet,LinkedHashMap.java,,NOT_IN_CACHE,False,Not In Cache,N/A,False,
java.util.LinkedHashMap$ReversedLinkedHashMapView.equals(java.lang.Object),java.util.LinkedHashMap$ReversedLinkedHashMapView,equals,LinkedHashMap.java,,NOT_IN_CACHE,False,Not In Cache,N/A,False,
java.util.LinkedHashMap$ReversedLinkedHashMapView.forEach(java.util.function.BiConsumer),java.util.LinkedHashMap$ReversedLinkedHashMapView,forEach,LinkedHashMap.java,,NOT_IN_CACHE,False,Not In Cache,N/A,False,
java.util.LinkedHashMap$ReversedLinkedHashMapView.get(java.lang.Object),java.util.LinkedHashMap$ReversedLinkedHashMapView,get,LinkedHashMap.java,,NOT_IN_CACHE,False,Not In Cache,N/A,False,
"java.util.LinkedHashMap$ReversedLinkedHashMapView.getOrDefault(java.lang.Object,java.lang.Object)",java.util.LinkedHashMap$ReversedLinkedHashMapView,getOrDefault,LinkedHashMap.java,,NOT_IN_CACHE,False,Not In Cache,N/A,False,
java.util.LinkedHashMap$ReversedLinkedHashMapView.hashCode(),java.util.LinkedHashMap$ReversedLinkedHashMapView,hashCode,LinkedHashMap.java,,NOT_IN_CACHE,False,Not In Cache,N/A,False,
java.util.LinkedHashMap$ReversedLinkedHashMapView.isEmpty(),java.util.LinkedHashMap$ReversedLinkedHashMapView,isEmpty,LinkedHashMap.java,,NOT_IN_CACHE,False,Not In Cache,N/A,False,
java.util.LinkedHashMap$ReversedLinkedHashMapView.keySet(),java.util.LinkedHashMap$ReversedLinkedHashMapView,keySet,LinkedHashMap.java,,NOT_IN_CACHE,False,Not In Cache,N/A,False,
java.util.LinkedHashMap$ReversedLinkedHashMapView.putAll(java.util.Map),java.util.LinkedHashMap$ReversedLinkedHashMapView,putAll,LinkedHashMap.java,,NOT_IN_CACHE,False,Not In Cache,N/A,False,
"java.util.LinkedHashMap$ReversedLinkedHashMapView.putIfAbsent(java.lang.Object,java.lang.Object)",java.util.LinkedHashMap$ReversedLinkedHashMapView,putIfAbsent,LinkedHashMap.java,,NOT_IN_CACHE,False,Not In Cache,N/A,False,
java.util.LinkedHashMap$ReversedLinkedHashMapView.remove(java.lang.Object),java.util.LinkedHashMap$ReversedLinkedHashMapView,remove,LinkedHashMap.java,,NOT_IN_CACHE,False,Not In Cache,N/A,False,
"java.util.LinkedHashMap$ReversedLinkedHashMapView.remove(java.lang.Object,java.lang.Object)",java.util.LinkedHashMap$ReversedLinkedHashMapView,remove,LinkedHashMap.java,,NOT_IN_CACHE,False,Not In Cache,N/A,False,
"java.util.LinkedHashMap$ReversedLinkedHashMapView.replace(java.lang.Object,java.lang.Object)",java.util.LinkedHashMap$ReversedLinkedHashMapView,replace,LinkedHashMap.java,,NOT_IN_CACHE,False,Not In Cache,N/A,False,
"java.util.LinkedHashMap$ReversedLinkedHashMapView.replace(java.lang.Object,java.lang.Object,java.lang.Object)",java.util.LinkedHashMap$ReversedLinkedHashMapView,replace,LinkedHashMap.java,,NOT_IN_CACHE,False,Not In Cache,N/A,False,
java.util.LinkedHashMap$ReversedLinkedHashMapView.replaceAll(java.util.function.BiFunction),java.util.LinkedHashMap$ReversedLinkedHashMapView,replaceAll,LinkedHashMap.java,,NOT_IN_CACHE,False,Not In Cache,N/A,False,
java.util.LinkedHashMap$ReversedLinkedHashMapView.size(),java.util.LinkedHashMap$ReversedLinkedHashMapView,size,LinkedHashMap.java,,NOT_IN_CACHE,False,Not In Cache,N/A,False,
java.util.LinkedHashMap$ReversedLinkedHashMapView.values(),java.util.LinkedHashMap$ReversedLinkedHashMapView,values,LinkedHashMap.java,,NOT_IN_CACHE,False,Not In Cache,N/A,False,
java.util.LinkedHashMap.<init>(),java.util.LinkedHashMap,<init>,LinkedHashMap.java,,NOT_IN_CACHE,False,Not In Cache,N/A,False,
java.util.LinkedHashMap.afterNodeAccess(java.util.Node),java.util.LinkedHashMap,afterNodeAccess,LinkedHashMap.java,,NOT_IN_CACHE,False,Not In Cache,N/A,False,
java.util.LinkedHashMap.afterNodeRemoval(java.util.Node),java.util.LinkedHashMap,afterNodeRemoval,LinkedHashMap.java,,NOT_IN_CACHE,False,Not In Cache,N/A,False,
java.util.LinkedHashMap.clear(),java.util.LinkedHashMap,clear,LinkedHashMap.java,,NOT_IN_CACHE,False,Not In Cache,N/A,False,
java.util.LinkedHashMap.internalWriteEntries(java.util.java$io$ObjectOutputStream),java.util.LinkedHashMap,internalWriteEntries,LinkedHashMap.java,,NOT_IN_CACHE,False,Not In Cache,N/A,False,
java.util.LinkedHashMap.newLinkedHashMap(int),java.util.LinkedHashMap,newLinkedHashMap,LinkedHashMap.java,,NOT_IN_CACHE,False,Not In Cache,N/A,False,
"java.util.LinkedHashMap.newNode(int,java.lang.Object,java.lang.Object,java.util.Node)",java.util.LinkedHashMap,newNode,LinkedHashMap.java,,NOT_IN_CACHE,False,Not In Cache,N/A,False,
"java.util.LinkedHashMap.newTreeNode(int,java.lang.Object,java.lang.Object,java.util.Node)",java.util.LinkedHashMap,newTreeNode,LinkedHashMap.java,,NOT_IN_CACHE,False,Not In Cache,N/A,False,
java.util.LinkedHashMap.nsee(java.util.Node),java.util.LinkedHashMap,nsee,LinkedHashMap.java,,NOT_IN_CACHE,False,Not In Cache,N/A,False,
"java.util.LinkedHashMap.replacementNode(java.util.Node,java.util.Node)",java.util.LinkedHashMap,replacementNode,LinkedHashMap.java,,NOT_IN_CACHE,False,Not In Cache,N/A,False,
"java.util.LinkedHashMap.replacementTreeNode(java.util.Node,java.util.Node)",java.util.LinkedHashMap,replacementTreeNode,LinkedHashMap.java,,NOT_IN_CACHE,False,Not In Cache,N/A,False,
java.util.LinkedList$DescendingIterator.hasNext(),java.util.LinkedList$DescendingIterator,hasNext,LinkedList.java,Pure,NOT_IN_CACHE,False,Not In Cache,N/A,False,
java.util.LinkedList$DescendingIterator.next(),java.util.LinkedList$DescendingIterator,next,LinkedList.java,,NOT_IN_CACHE,False,Not In Cache,N/A,False,
java.util.LinkedList$DescendingIterator.remove(),java.util.LinkedList$DescendingIterator,remove,LinkedList.java,,NOT_IN_CACHE,False,Not In Cache,N/A,False,
"java.util.LinkedList$LLSpliterator.<init>(java.util.LinkedList,int,int)",java.util.LinkedList$LLSpliterator,<init>,LinkedList.java,,NOT_IN_CACHE,False,Not In Cache,N/A,False,
java.util.LinkedList$LLSpliterator.characteristics(),java.util.LinkedList$LLSpliterator,characteristics,LinkedList.java,,NOT_IN_CACHE,False,Not In Cache,N/A,False,
java.util.LinkedList$LLSpliterator.estimateSize(),java.util.LinkedList$LLSpliterator,estimateSize,LinkedList.java,,NOT_IN_CACHE,False,Not In Cache,N/A,False,
java.util.LinkedList$LLSpliterator.forEachRemaining(java.util.function.Consumer),java.util.LinkedList$LLSpliterator,forEachRemaining,LinkedList.java,,NOT_IN_CACHE,False,Not In Cache,N/A,False,
java.util.LinkedList$LLSpliterator.getEst(),java.util.LinkedList$LLSpliterator,getEst,LinkedList.java,,NOT_IN_CACHE,False,Not In Cache,N/A,False,
java.util.LinkedList$LLSpliterator.tryAdvance(java.util.function.Consumer),java.util.LinkedList$LLSpliterator,tryAdvance,LinkedList.java,,NOT_IN_CACHE,False,Not In Cache,N/A,False,
java.util.LinkedList$LLSpliterator.trySplit(),java.util.LinkedList$LLSpliterator,trySplit,LinkedList.java,,NOT_IN_CACHE,False,Not In Cache,N/A,False,
java.util.LinkedList$ListItr.<init>(int),java.util.LinkedList$ListItr,<init>,LinkedList.java,,NOT_IN_CACHE,False,Not In Cache,N/A,False,
java.util.LinkedList$ListItr.add(java.lang.Object),java.util.LinkedList$ListItr,add,LinkedList.java,,NOT_IN_CACHE,False,Not In Cache,N/A,False,
java.util.LinkedList$ListItr.checkForComodification(),java.util.LinkedList$ListItr,checkForComodification,LinkedList.java,,NOT_IN_CACHE,False,Not In Cache,N/A,False,
java.util.LinkedList$ListItr.forEachRemaining(java.util.function.Consumer),java.util.LinkedList$ListItr,forEachRemaining,LinkedList.java,,NOT_IN_CACHE,False,Not In Cache,N/A,False,
java.util.LinkedList$ListItr.hasNext(),java.util.LinkedList$ListItr,hasNext,LinkedList.java,Pure,NOT_IN_CACHE,False,Not In Cache,N/A,False,
java.util.LinkedList$ListItr.hasPrevious(),java.util.LinkedList$ListItr,hasPrevious,LinkedList.java,,NOT_IN_CACHE,False,Not In Cache,N/A,False,
java.util.LinkedList$ListItr.next(),java.util.LinkedList$ListItr,next,LinkedList.java,,NOT_IN_CACHE,False,Not In Cache,N/A,False,
java.util.LinkedList$ListItr.nextIndex(),java.util.LinkedList$ListItr,nextIndex,LinkedList.java,,NOT_IN_CACHE,False,Not In Cache,N/A,False,
java.util.LinkedList$ListItr.previous(),java.util.LinkedList$ListItr,previous,LinkedList.java,,NOT_IN_CACHE,False,Not In Cache,N/A,False,
java.util.LinkedList$ListItr.previousIndex(),java.util.LinkedList$ListItr,previousIndex,LinkedList.java,,NOT_IN_CACHE,False,Not In Cache,N/A,False,
java.util.LinkedList$ListItr.remove(),java.util.LinkedList$ListItr,remove,LinkedList.java,,NOT_IN_CACHE,False,Not In Cache,N/A,False,
java.util.LinkedList$ListItr.set(java.lang.Object),java.util.LinkedList$ListItr,set,LinkedList.java,,NOT_IN_CACHE,False,Not In Cache,N/A,False,
"java.util.LinkedList$Node.<init>(java.util.Node,java.lang.Object,java.util.Node)",java.util.LinkedList$Node,<init>,LinkedList.java,,NOT_IN_CACHE,False,Not In Cache,N/A,False,
"java.util.LinkedList$ReverseOrderLinkedListView.<init>(java.util.LinkedList,java.util.List,java.util.Deque)",java.util.LinkedList$ReverseOrderLinkedListView,<init>,LinkedList.java,,NOT_IN_CACHE,False,Not In Cache,N/A,False,
"java.util.LinkedList$ReverseOrderLinkedListView.add(int,java.lang.Object)",java.util.LinkedList$ReverseOrderLinkedListView,add,LinkedList.java,,NOT_IN_CACHE,False,Not In Cache,N/A,False,
java.util.LinkedList$ReverseOrderLinkedListView.add(java.lang.Object),java.util.LinkedList$ReverseOrderLinkedListView,add,LinkedList.java,,NOT_IN_CACHE,False,Not In Cache,N/A,False,
"java.util.LinkedList$ReverseOrderLinkedListView.addAll(int,java.util.Collection)",java.util.LinkedList$ReverseOrderLinkedListView,addAll,LinkedList.java,,NOT_IN_CACHE,False,Not In Cache,N/A,False,
java.util.LinkedList$ReverseOrderLinkedListView.addAll(java.util.Collection),java.util.LinkedList$ReverseOrderLinkedListView,addAll,LinkedList.java,,NOT_IN_CACHE,False,Not In Cache,N/A,False,
java.util.LinkedList$ReverseOrderLinkedListView.addFirst(java.lang.Object),java.util.LinkedList$ReverseOrderLinkedListView,addFirst,LinkedList.java,,NOT_IN_CACHE,False,Not In Cache,N/A,False,
java.util.LinkedList$ReverseOrderLinkedListView.addLast(java.lang.Object),java.util.LinkedList$ReverseOrderLinkedListView,addLast,LinkedList.java,,NOT_IN_CACHE,False,Not In Cache,N/A,False,
java.util.LinkedList$ReverseOrderLinkedListView.clear(),java.util.LinkedList$ReverseOrderLinkedListView,clear,LinkedList.java,,NOT_IN_CACHE,False,Not In Cache,N/A,False,
java.util.LinkedList$ReverseOrderLinkedListView.contains(java.lang.Object),java.util.LinkedList$ReverseOrderLinkedListView,contains,LinkedList.java,,NOT_IN_CACHE,False,Not In Cache,N/A,False,
java.util.LinkedList$ReverseOrderLinkedListView.containsAll(java.util.Collection),java.util.LinkedList$ReverseOrderLinkedListView,containsAll,LinkedList.java,,NOT_IN_CACHE,False,Not In Cache,N/A,False,
java.util.LinkedList$ReverseOrderLinkedListView.descendingIterator(),java.util.LinkedList$ReverseOrderLinkedListView,descendingIterator,LinkedList.java,,NOT_IN_CACHE,False,Not In Cache,N/A,False,
java.util.LinkedList$ReverseOrderLinkedListView.element(),java.util.LinkedList$ReverseOrderLinkedListView,element,LinkedList.java,,NOT_IN_CACHE,False,Not In Cache,N/A,False,
java.util.LinkedList$ReverseOrderLinkedListView.equals(java.lang.Object),java.util.LinkedList$ReverseOrderLinkedListView,equals,LinkedList.java,,NOT_IN_CACHE,False,Not In Cache,N/A,False,
java.util.LinkedList$ReverseOrderLinkedListView.forEach(java.util.function.Consumer),java.util.LinkedList$ReverseOrderLinkedListView,forEach,LinkedList.java,,NOT_IN_CACHE,False,Not In Cache,N/A,False,
java.util.LinkedList$ReverseOrderLinkedListView.get(int),java.util.LinkedList$ReverseOrderLinkedListView,get,LinkedList.java,,NOT_IN_CACHE,False,Not In Cache,N/A,False,
java.util.LinkedList$ReverseOrderLinkedListView.getFirst(),java.util.LinkedList$ReverseOrderLinkedListView,getFirst,LinkedList.java,,NOT_IN_CACHE,False,Not In Cache,N/A,False,
java.util.LinkedList$ReverseOrderLinkedListView.getLast(),java.util.LinkedList$ReverseOrderLinkedListView,getLast,LinkedList.java,,NOT_IN_CACHE,False,Not In Cache,N/A,False,
java.util.LinkedList$ReverseOrderLinkedListView.hashCode(),java.util.LinkedList$ReverseOrderLinkedListView,hashCode,LinkedList.java,,NOT_IN_CACHE,False,Not In Cache,N/A,False,
java.util.LinkedList$ReverseOrderLinkedListView.indexOf(java.lang.Object),java.util.LinkedList$ReverseOrderLinkedListView,indexOf,LinkedList.java,,NOT_IN_CACHE,False,Not In Cache,N/A,False,
java.util.LinkedList$ReverseOrderLinkedListView.isEmpty(),java.util.LinkedList$ReverseOrderLinkedListView,isEmpty,LinkedList.java,,NOT_IN_CACHE,False,Not In Cache,N/A,False,
java.util.LinkedList$ReverseOrderLinkedListView.iterator(),java.util.LinkedList$ReverseOrderLinkedListView,iterator,LinkedList.java,,NOT_IN_CACHE,False,Not In Cache,N/A,False,
java.util.LinkedList$ReverseOrderLinkedListView.lastIndexOf(java.lang.Object),java.util.LinkedList$ReverseOrderLinkedListView,lastIndexOf,LinkedList.java,,NOT_IN_CACHE,False,Not In Cache,N/A,False,
java.util.LinkedList$ReverseOrderLinkedListView.listIterator(),java.util.LinkedList$ReverseOrderLinkedListView,listIterator,LinkedList.java,,NOT_IN_CACHE,False,Not In Cache,N/A,False,
java.util.LinkedList$ReverseOrderLinkedListView.listIterator(int),java.util.LinkedList$ReverseOrderLinkedListView,listIterator,LinkedList.java,,NOT_IN_CACHE,False,Not In Cache,N/A,False,
java.util.LinkedList$ReverseOrderLinkedListView.offer(java.lang.Object),java.util.LinkedList$ReverseOrderLinkedListView,offer,LinkedList.java,,NOT_IN_CACHE,False,Not In Cache,N/A,False,
java.util.LinkedList$ReverseOrderLinkedListView.offerFirst(java.lang.Object),java.util.LinkedList$ReverseOrderLinkedListView,offerFirst,LinkedList.java,,NOT_IN_CACHE,False,Not In Cache,N/A,False,
java.util.LinkedList$ReverseOrderLinkedListView.offerLast(java.lang.Object),java.util.LinkedList$ReverseOrderLinkedListView,offerLast,LinkedList.java,,NOT_IN_CACHE,False,Not In Cache,N/A,False,
java.util.LinkedList$ReverseOrderLinkedListView.parallelStream(),java.util.LinkedList$ReverseOrderLinkedListView,parallelStream,LinkedList.java,,NOT_IN_CACHE,False,Not In Cache,N/A,False,
java.util.LinkedList$ReverseOrderLinkedListView.peek(),java.util.LinkedList$ReverseOrderLinkedListView,peek,LinkedList.java,,NOT_IN_CACHE,False,Not In Cache,N/A,False,
java.util.LinkedList$ReverseOrderLinkedListView.peekFirst(),java.util.LinkedList$ReverseOrderLinkedListView,peekFirst,LinkedList.java,,NOT_IN_CACHE,False,Not In Cache,N/A,False,
java.util.LinkedList$ReverseOrderLinkedListView.peekLast(),java.util.LinkedList$ReverseOrderLinkedListView,peekLast,LinkedList.java,,NOT_IN_CACHE,False,Not In Cache,N/A,False,
java.util.LinkedList$ReverseOrderLinkedListView.poll(),java.util.LinkedList$ReverseOrderLinkedListView,poll,LinkedList.java,,NOT_IN_CACHE,False,Not In Cache,N/A,False,
java.util.LinkedList$ReverseOrderLinkedListView.pollFirst(),java.util.LinkedList$ReverseOrderLinkedListView,pollFirst,LinkedList.java,,NOT_IN_CACHE,False,Not In Cache,N/A,False,
java.util.LinkedList$ReverseOrderLinkedListView.pollLast(),java.util.LinkedList$ReverseOrderLinkedListView,pollLast,LinkedList.java,,NOT_IN_CACHE,False,Not In Cache,N/A,False,
java.util.LinkedList$ReverseOrderLinkedListView.pop(),java.util.LinkedList$ReverseOrderLinkedListView,pop,LinkedList.java,,NOT_IN_CACHE,False,Not In Cache,N/A,False,
java.util.LinkedList$ReverseOrderLinkedListView.push(java.lang.Object),java.util.LinkedList$ReverseOrderLinkedListView,push,LinkedList.java,,NOT_IN_CACHE,False,Not In Cache,N/A,False,
java.util.LinkedList$ReverseOrderLinkedListView.readExternal(java.io.ObjectInput),java.util.LinkedList$ReverseOrderLinkedListView,readExternal,LinkedList.java,,NOT_IN_CACHE,False,Not In Cache,N/A,False,
java.util.LinkedList$ReverseOrderLinkedListView.remove(),java.util.LinkedList$ReverseOrderLinkedListView,remove,LinkedList.java,,NOT_IN_CACHE,False,Not In Cache,N/A,False,
java.util.LinkedList$ReverseOrderLinkedListView.remove(int),java.util.LinkedList$ReverseOrderLinkedListView,remove,LinkedList.java,,NOT_IN_CACHE,False,Not In Cache,N/A,False,
java.util.LinkedList$ReverseOrderLinkedListView.remove(java.lang.Object),java.util.LinkedList$ReverseOrderLinkedListView,remove,LinkedList.java,,NOT_IN_CACHE,False,Not In Cache,N/A,False,
java.util.LinkedList$ReverseOrderLinkedListView.removeAll(java.util.Collection),java.util.LinkedList$ReverseOrderLinkedListView,removeAll,LinkedList.java,,NOT_IN_CACHE,False,Not In Cache,N/A,False,
java.util.LinkedList$ReverseOrderLinkedListView.removeFirst(),java.util.LinkedList$ReverseOrderLinkedListView,removeFirst,LinkedList.java,,NOT_IN_CACHE,False,Not In Cache,N/A,False,
java.util.LinkedList$ReverseOrderLinkedListView.removeFirstOccurrence(java.lang.Object),java.util.LinkedList$ReverseOrderLinkedListView,removeFirstOccurrence,LinkedList.java,,NOT_IN_CACHE,False,Not In Cache,N/A,False,
java.util.LinkedList$ReverseOrderLinkedListView.removeIf(java.util.function.Predicate),java.util.LinkedList$ReverseOrderLinkedListView,removeIf,LinkedList.java,,NOT_IN_CACHE,False,Not In Cache,N/A,False,
java.util.LinkedList$ReverseOrderLinkedListView.removeLast(),java.util.LinkedList$ReverseOrderLinkedListView,removeLast,LinkedList.java,,NOT_IN_CACHE,False,Not In Cache,N/A,False,
java.util.LinkedList$ReverseOrderLinkedListView.removeLastOccurrence(java.lang.Object),java.util.LinkedList$ReverseOrderLinkedListView,removeLastOccurrence,LinkedList.java,,NOT_IN_CACHE,False,Not In Cache,N/A,False,
java.util.LinkedList$ReverseOrderLinkedListView.replaceAll(java.util.function.UnaryOperator),java.util.LinkedList$ReverseOrderLinkedListView,replaceAll,LinkedList.java,,NOT_IN_CACHE,False,Not In Cache,N/A,False,
java.util.LinkedList$ReverseOrderLinkedListView.retainAll(java.util.Collection),java.util.LinkedList$ReverseOrderLinkedListView,retainAll,LinkedList.java,,NOT_IN_CACHE,False,Not In Cache,N/A,False,
java.util.LinkedList$ReverseOrderLinkedListView.reversed(),java.util.LinkedList$ReverseOrderLinkedListView,reversed,LinkedList.java,,NOT_IN_CACHE,False,Not In Cache,N/A,False,
"java.util.LinkedList$ReverseOrderLinkedListView.set(int,java.lang.Object)",java.util.LinkedList$ReverseOrderLinkedListView,set,LinkedList.java,,NOT_IN_CACHE,False,Not In Cache,N/A,False,
java.util.LinkedList$ReverseOrderLinkedListView.size(),java.util.LinkedList$ReverseOrderLinkedListView,size,LinkedList.java,,NOT_IN_CACHE,False,Not In Cache,N/A,False,
java.util.LinkedList$ReverseOrderLinkedListView.sort(java.util.Comparator),java.util.LinkedList$ReverseOrderLinkedListView,sort,LinkedList.java,,NOT_IN_CACHE,False,Not In Cache,N/A,False,
java.util.LinkedList$ReverseOrderLinkedListView.spliterator(),java.util.LinkedList$ReverseOrderLinkedListView,spliterator,LinkedList.java,,NOT_IN_CACHE,False,Not In Cache,N/A,False,
java.util.LinkedList$ReverseOrderLinkedListView.stream(),java.util.LinkedList$ReverseOrderLinkedListView,stream,LinkedList.java,,NOT_IN_CACHE,False,Not In Cache,N/A,False,
"java.util.LinkedList$ReverseOrderLinkedListView.subList(int,int)",java.util.LinkedList$ReverseOrderLinkedListView,subList,LinkedList.java,,NOT_IN_CACHE,False,Not In Cache,N/A,False,
java.util.LinkedList$ReverseOrderLinkedListView.toArray(),java.util.LinkedList$ReverseOrderLinkedListView,toArray,LinkedList.java,,NOT_IN_CACHE,False,Not In Cache,N/A,False,
java.util.LinkedList$ReverseOrderLinkedListView.toArray(java.lang.Object[]),java.util.LinkedList$ReverseOrderLinkedListView,toArray,LinkedList.java,,NOT_IN_CACHE,False,Not In Cache,N/A,False,
java.util.LinkedList$ReverseOrderLinkedListView.toArray(java.util.function.IntFunction),java.util.LinkedList$ReverseOrderLinkedListView,toArray,LinkedList.java,,NOT_IN_CACHE,False,Not In Cache,N/A,False,
java.util.LinkedList$ReverseOrderLinkedListView.toString(),java.util.LinkedList$ReverseOrderLinkedListView,toString,LinkedList.java,,NOT_IN_CACHE,False,Not In Cache,N/A,False,
java.util.LinkedList$ReverseOrderLinkedListView.writeExternal(java.io.ObjectOutput),java.util.LinkedList$ReverseOrderLinkedListView,writeExternal,LinkedList.java,,NOT_IN_CACHE,False,Not In Cache,N/A,False,
java.util.LinkedList.<init>(),java.util.LinkedList,<init>,LinkedList.java,,NOT_IN_CACHE,False,Not In Cache,N/A,False,
java.util.LinkedList.<init>(java.util.Collection),java.util.LinkedList,<init>,LinkedList.java,,NOT_IN_CACHE,False,Not In Cache,N/A,False,
"java.util.LinkedList.add(int,java.lang.Object)",java.util.LinkedList,add,LinkedList.java,,NOT_IN_CACHE,False,Not In Cache,N/A,False,
java.util.LinkedList.add(java.lang.Object),java.util.LinkedList,add,LinkedList.java,,NOT_IN_CACHE,False,Not In Cache,N/A,False,
"java.util.LinkedList.addAll(int,java.util.Collection)",java.util.LinkedList,addAll,LinkedList.java,,NOT_IN_CACHE,False,Not In Cache,N/A,False,
java.util.LinkedList.addAll(java.util.Collection),java.util.LinkedList,addAll,LinkedList.java,,NOT_IN_CACHE,False,Not In Cache,N/A,False,
java.util.LinkedList.addFirst(java.lang.Object),java.util.LinkedList,addFirst,LinkedList.java,,NOT_IN_CACHE,False,Not In Cache,N/A,False,
java.util.LinkedList.addLast(java.lang.Object),java.util.LinkedList,addLast,LinkedList.java,,NOT_IN_CACHE,False,Not In Cache,N/A,False,
java.util.LinkedList.checkElementIndex(int),java.util.LinkedList,checkElementIndex,LinkedList.java,,NOT_IN_CACHE,False,Not In Cache,N/A,False,
java.util.LinkedList.checkPositionIndex(int),java.util.LinkedList,checkPositionIndex,LinkedList.java,,NOT_IN_CACHE,False,Not In Cache,N/A,False,
java.util.LinkedList.clear(),java.util.LinkedList,clear,LinkedList.java,,NOT_IN_CACHE,False,Not In Cache,N/A,False,
java.util.LinkedList.clone(),java.util.LinkedList,clone,LinkedList.java,SideEffectFree,NOT_IN_CACHE,True,Not In Cache,N/A,False,
java.util.LinkedList.contains(java.lang.Object),java.util.LinkedList,contains,LinkedList.java,Pure,NOT_IN_CACHE,True,Not In Cache,N/A,False,
java.util.LinkedList.descendingIterator(),java.util.LinkedList,descendingIterator,LinkedList.java,,NOT_IN_CACHE,False,Not In Cache,N/A,False,
java.util.LinkedList.element(),java.util.LinkedList,element,LinkedList.java,,NOT_IN_CACHE,False,Not In Cache,N/A,False,
java.util.LinkedList.get(int),java.util.LinkedList,get,LinkedList.java,Pure,NOT_IN_CACHE,True,Not In Cache,N/A,False,
java.util.LinkedList.getFirst(),java.util.LinkedList,getFirst,LinkedList.java,,NOT_IN_CACHE,False,Not In Cache,N/A,False,
java.util.LinkedList.getLast(),java.util.LinkedList,getLast,LinkedList.java,,NOT_IN_CACHE,False,Not In Cache,N/A,False,
java.util.LinkedList.indexOf(java.lang.Object),java.util.LinkedList,indexOf,LinkedList.java,Pure,NOT_IN_CACHE,True,Not In Cache,N/A,False,
java.util.LinkedList.isElementIndex(int),java.util.LinkedList,isElementIndex,LinkedList.java,,NOT_IN_CACHE,False,Not In Cache,N/A,False,
java.util.LinkedList.isPositionIndex(int),java.util.LinkedList,isPositionIndex,LinkedList.java,,NOT_IN_CACHE,False,Not In Cache,N/A,False,
java.util.LinkedList.lastIndexOf(java.lang.Object),java.util.LinkedList,lastIndexOf,LinkedList.java,Pure,NOT_IN_CACHE,True,Not In Cache,N/A,False,
"java.util.LinkedList.linkBefore(java.lang.Object,java.util.Node)",java.util.LinkedList,linkBefore,LinkedList.java,,NOT_IN_CACHE,False,Not In Cache,N/A,False,
java.util.LinkedList.linkFirst(java.lang.Object),java.util.LinkedList,linkFirst,LinkedList.java,,NOT_IN_CACHE,False,Not In Cache,N/A,False,
java.util.LinkedList.linkLast(java.lang.Object),java.util.LinkedList,linkLast,LinkedList.java,,NOT_IN_CACHE,False,Not In Cache,N/A,False,
java.util.LinkedList.listIterator(int),java.util.LinkedList,listIterator,LinkedList.java,,NOT_IN_CACHE,False,Not In Cache,N/A,False,
java.util.LinkedList.node(int),java.util.LinkedList,node,LinkedList.java,,NOT_IN_CACHE,False,Not In Cache,N/A,False,
java.util.LinkedList.offer(java.lang.Object),java.util.LinkedList,offer,LinkedList.java,,NOT_IN_CACHE,False,Not In Cache,N/A,False,
java.util.LinkedList.offerFirst(java.lang.Object),java.util.LinkedList,offerFirst,LinkedList.java,,NOT_IN_CACHE,False,Not In Cache,N/A,False,
java.util.LinkedList.offerLast(java.lang.Object),java.util.LinkedList,offerLast,LinkedList.java,,NOT_IN_CACHE,False,Not In Cache,N/A,False,
java.util.LinkedList.outOfBoundsMsg(int),java.util.LinkedList,outOfBoundsMsg,LinkedList.java,,NOT_IN_CACHE,False,Not In Cache,N/A,False,
java.util.LinkedList.peek(),java.util.LinkedList,peek,LinkedList.java,Pure,NOT_IN_CACHE,False,Not In Cache,N/A,False,
java.util.LinkedList.peekFirst(),java.util.LinkedList,peekFirst,LinkedList.java,Pure,NOT_IN_CACHE,False,Not In Cache,N/A,False,
java.util.LinkedList.peekLast(),java.util.LinkedList,peekLast,LinkedList.java,Pure,NOT_IN_CACHE,False,Not In Cache,N/A,False,
java.util.LinkedList.poll(),java.util.LinkedList,poll,LinkedList.java,,NOT_IN_CACHE,False,Not In Cache,N/A,False,
java.util.LinkedList.pollFirst(),java.util.LinkedList,pollFirst,LinkedList.java,,NOT_IN_CACHE,False,Not In Cache,N/A,False,
java.util.LinkedList.pollLast(),java.util.LinkedList,pollLast,LinkedList.java,,NOT_IN_CACHE,False,Not In Cache,N/A,False,
java.util.LinkedList.pop(),java.util.LinkedList,pop,LinkedList.java,,NOT_IN_CACHE,False,Not In Cache,N/A,False,
java.util.LinkedList.push(java.lang.Object),java.util.LinkedList,push,LinkedList.java,,NOT_IN_CACHE,False,Not In Cache,N/A,False,
java.util.LinkedList.readObject(java.util.java$io$ObjectInputStream),java.util.LinkedList,readObject,LinkedList.java,,NOT_IN_CACHE,False,Not In Cache,N/A,False,
java.util.LinkedList.remove(),java.util.LinkedList,remove,LinkedList.java,,NOT_IN_CACHE,False,Not In Cache,N/A,False,
java.util.LinkedList.remove(int),java.util.LinkedList,remove,LinkedList.java,,NOT_IN_CACHE,False,Not In Cache,N/A,False,
java.util.LinkedList.remove(java.lang.Object),java.util.LinkedList,remove,LinkedList.java,,NOT_IN_CACHE,False,Not In Cache,N/A,False,
java.util.LinkedList.removeFirst(),java.util.LinkedList,removeFirst,LinkedList.java,,NOT_IN_CACHE,False,Not In Cache,N/A,False,
java.util.LinkedList.removeFirstOccurrence(java.lang.Object),java.util.LinkedList,removeFirstOccurrence,LinkedList.java,,NOT_IN_CACHE,False,Not In Cache,N/A,False,
java.util.LinkedList.removeLast(),java.util.LinkedList,removeLast,LinkedList.java,,NOT_IN_CACHE,False,Not In Cache,N/A,False,
java.util.LinkedList.removeLastOccurrence(java.lang.Object),java.util.LinkedList,removeLastOccurrence,LinkedList.java,,NOT_IN_CACHE,False,Not In Cache,N/A,False,
java.util.LinkedList.reversed(),java.util.LinkedList,reversed,LinkedList.java,,NOT_IN_CACHE,False,Not In Cache,N/A,False,
"java.util.LinkedList.set(int,java.lang.Object)",java.util.LinkedList,set,LinkedList.java,,NOT_IN_CACHE,False,Not In Cache,N/A,False,
java.util.LinkedList.size(),java.util.LinkedList,size,LinkedList.java,Pure,NOT_IN_CACHE,True,Not In Cache,N/A,False,
java.util.LinkedList.spliterator(),java.util.LinkedList,spliterator,LinkedList.java,SideEffectFree,NOT_IN_CACHE,False,Not In Cache,N/A,False,
java.util.LinkedList.superClone(),java.util.LinkedList,superClone,LinkedList.java,,NOT_IN_CACHE,False,Not In Cache,N/A,False,
java.util.LinkedList.toArray(),java.util.LinkedList,toArray,LinkedList.java,SideEffectFree,NOT_IN_CACHE,False,Not In Cache,N/A,False,
java.util.LinkedList.toArray(java.lang.Object[]),java.util.LinkedList,toArray,LinkedList.java,SideEffectFree,NOT_IN_CACHE,False,Not In Cache,N/A,False,
java.util.LinkedList.unlink(java.util.Node),java.util.LinkedList,unlink,LinkedList.java,,NOT_IN_CACHE,False,Not In Cache,N/A,False,
java.util.LinkedList.unlinkFirst(java.util.Node),java.util.LinkedList,unlinkFirst,LinkedList.java,,NOT_IN_CACHE,False,Not In Cache,N/A,False,
java.util.LinkedList.unlinkLast(java.util.Node),java.util.LinkedList,unlinkLast,LinkedList.java,,NOT_IN_CACHE,False,Not In Cache,N/A,False,
java.util.LinkedList.writeObject(java.util.java$io$ObjectOutputStream),java.util.LinkedList,writeObject,LinkedList.java,,NOT_IN_CACHE,False,Not In Cache,N/A,False,
"java.util.List.add(int,java.lang.Object)",java.util.List,add,List.java,,NOT_IN_CACHE,False,Not In Cache,N/A,False,
java.util.List.add(java.lang.Object),java.util.List,add,List.java,,NOT_IN_CACHE,False,Not In Cache,N/A,False,
"java.util.List.addAll(int,java.util.Collection)",java.util.List,addAll,List.java,,NOT_IN_CACHE,False,Not In Cache,N/A,False,
java.util.List.addAll(java.util.Collection),java.util.List,addAll,List.java,,NOT_IN_CACHE,False,Not In Cache,N/A,False,
java.util.List.clear(),java.util.List,clear,List.java,,NOT_IN_CACHE,False,Not In Cache,N/A,False,
java.util.List.contains(java.lang.Object),java.util.List,contains,List.java,Pure,NOT_IN_CACHE,True,Not In Cache,N/A,False,
java.util.List.containsAll(java.util.Collection),java.util.List,containsAll,List.java,Pure,NOT_IN_CACHE,True,Not In Cache,N/A,False,
java.util.List.equals(java.lang.Object),java.util.List,equals,List.java,Pure,NOT_IN_CACHE,True,Not In Cache,N/A,False,
java.util.List.get(int),java.util.List,get,List.java,Pure,NOT_IN_CACHE,True,Not In Cache,N/A,False,
java.util.List.hashCode(),java.util.List,hashCode,List.java,Pure,NOT_IN_CACHE,True,Not In Cache,N/A,False,
java.util.List.indexOf(java.lang.Object),java.util.List,indexOf,List.java,Pure,NOT_IN_CACHE,True,Not In Cache,N/A,False,
java.util.List.isEmpty(),java.util.List,isEmpty,List.java,Pure,NOT_IN_CACHE,True,Not In Cache,N/A,False,
java.util.List.iterator(),java.util.List,iterator,List.java,SideEffectFree,NOT_IN_CACHE,False,Not In Cache,N/A,False,
java.util.List.lastIndexOf(java.lang.Object),java.util.List,lastIndexOf,List.java,Pure,NOT_IN_CACHE,True,Not In Cache,N/A,False,
java.util.List.remove(int),java.util.List,remove,List.java,,NOT_IN_CACHE,False,Not In Cache,N/A,False,
java.util.List.remove(java.lang.Object),java.util.List,remove,List.java,,NOT_IN_CACHE,False,Not In Cache,N/A,False,
java.util.List.removeAll(java.util.Collection),java.util.List,removeAll,List.java,,NOT_IN_CACHE,False,Not In Cache,N/A,False,
java.util.List.retainAll(java.util.Collection),java.util.List,retainAll,List.java,,NOT_IN_CACHE,False,Not In Cache,N/A,False,
"java.util.List.set(int,java.lang.Object)",java.util.List,set,List.java,,NOT_IN_CACHE,False,Not In Cache,N/A,False,
java.util.List.size(),java.util.List,size,List.java,Pure,NOT_IN_CACHE,True,Not In Cache,N/A,False,
"java.util.List.subList(int,int)",java.util.List,subList,List.java,SideEffectFree,NOT_IN_CACHE,False,Not In Cache,N/A,False,
java.util.List.toArray(),java.util.List,toArray,List.java,SideEffectFree,NOT_IN_CACHE,False,Not In Cache,N/A,False,
java.util.List.toArray(java.lang.Object[]),java.util.List,toArray,List.java,SideEffectFree,NOT_IN_CACHE,False,Not In Cache,N/A,False,
java.util.ListIterator.add(java.lang.Object),java.util.ListIterator,add,ListIterator.java,,NOT_IN_CACHE,False,Not In Cache,N/A,False,
java.util.ListIterator.hasNext(),java.util.ListIterator,hasNext,ListIterator.java,,NOT_IN_CACHE,False,Not In Cache,N/A,False,
java.util.ListIterator.hasPrevious(),java.util.ListIterator,hasPrevious,ListIterator.java,Pure,NOT_IN_CACHE,False,Not In Cache,N/A,False,
java.util.ListIterator.next(),java.util.ListIterator,next,ListIterator.java,,NOT_IN_CACHE,False,Not In Cache,N/A,False,
java.util.ListIterator.nextIndex(),java.util.ListIterator,nextIndex,ListIterator.java,Pure,NOT_IN_CACHE,False,Not In Cache,N/A,False,
java.util.ListIterator.previous(),java.util.ListIterator,previous,ListIterator.java,,NOT_IN_CACHE,False,Not In Cache,N/A,False,
java.util.ListIterator.previousIndex(),java.util.ListIterator,previousIndex,ListIterator.java,Pure,NOT_IN_CACHE,False,Not In Cache,N/A,False,
java.util.ListIterator.remove(),java.util.ListIterator,remove,ListIterator.java,,NOT_IN_CACHE,False,Not In Cache,N/A,False,
java.util.ListIterator.set(java.lang.Object),java.util.ListIterator,set,ListIterator.java,,NOT_IN_CACHE,False,Not In Cache,N/A,False,
java.util.Locale$Builder.<init>(),java.util.Locale$Builder,<init>,Locale.java,,NOT_IN_CACHE,False,Not In Cache,N/A,False,
java.util.Locale$Builder.addUnicodeLocaleAttribute(java.lang.String),java.util.Locale$Builder,addUnicodeLocaleAttribute,Locale.java,,NOT_IN_CACHE,False,Not In Cache,N/A,False,
java.util.Locale$Builder.build(),java.util.Locale$Builder,build,Locale.java,,NOT_IN_CACHE,False,Not In Cache,N/A,False,
java.util.Locale$Builder.clear(),java.util.Locale$Builder,clear,Locale.java,,NOT_IN_CACHE,False,Not In Cache,N/A,False,
java.util.Locale$Builder.clearExtensions(),java.util.Locale$Builder,clearExtensions,Locale.java,,NOT_IN_CACHE,False,Not In Cache,N/A,False,
java.util.Locale$Builder.removeUnicodeLocaleAttribute(java.lang.String),java.util.Locale$Builder,removeUnicodeLocaleAttribute,Locale.java,,NOT_IN_CACHE,False,Not In Cache,N/A,False,
"java.util.Locale$Builder.setExtension(char,java.lang.String)",java.util.Locale$Builder,setExtension,Locale.java,,NOT_IN_CACHE,False,Not In Cache,N/A,False,
java.util.Locale$Builder.setLanguage(java.lang.String),java.util.Locale$Builder,setLanguage,Locale.java,,NOT_IN_CACHE,False,Not In Cache,N/A,False,
java.util.Locale$Builder.setLanguageTag(java.lang.String),java.util.Locale$Builder,setLanguageTag,Locale.java,,NOT_IN_CACHE,False,Not In Cache,N/A,False,
java.util.Locale$Builder.setLocale(java.util.Locale),java.util.Locale$Builder,setLocale,Locale.java,,NOT_IN_CACHE,False,Not In Cache,N/A,False,
java.util.Locale$Builder.setRegion(java.lang.String),java.util.Locale$Builder,setRegion,Locale.java,,NOT_IN_CACHE,False,Not In Cache,N/A,False,
java.util.Locale$Builder.setScript(java.lang.String),java.util.Locale$Builder,setScript,Locale.java,,NOT_IN_CACHE,False,Not In Cache,N/A,False,
"java.util.Locale$Builder.setUnicodeLocaleKeyword(java.lang.String,java.lang.String)",java.util.Locale$Builder,setUnicodeLocaleKeyword,Locale.java,,NOT_IN_CACHE,False,Not In Cache,N/A,False,
java.util.Locale$Builder.setVariant(java.lang.String),java.util.Locale$Builder,setVariant,Locale.java,,NOT_IN_CACHE,False,Not In Cache,N/A,False,
java.util.Locale$Cache.<init>(),java.util.Locale$Cache,<init>,Locale.java,,NOT_IN_CACHE,False,Not In Cache,N/A,False,
java.util.Locale$Cache.Cache(),java.util.Locale$Cache,Cache,Locale.java,,NOT_IN_CACHE,False,Not In Cache,N/A,False,
java.util.Locale$Cache.createObject(java.lang.Object),java.util.Locale$Cache,createObject,Locale.java,,NOT_IN_CACHE,False,Not In Cache,N/A,False,
"java.util.Locale$Category.<init>(java.lang.String,java.lang.String,java.lang.String,java.lang.String,java.lang.String)",java.util.Locale$Category,<init>,Locale.java,,NOT_IN_CACHE,False,Not In Cache,N/A,False,
java.util.Locale$IsoCountryCode.createCountryCodeSet(),java.util.Locale$IsoCountryCode,createCountryCodeSet,Locale.java,,NOT_IN_CACHE,False,Not In Cache,N/A,False,
java.util.Locale$IsoCountryCode.retrieveISOCountryCodes(java.util.IsoCountryCode),java.util.Locale$IsoCountryCode,retrieveISOCountryCodes,Locale.java,,NOT_IN_CACHE,False,Not In Cache,N/A,False,
java.util.Locale$LanguageRange.<init>(java.lang.String),java.util.Locale$LanguageRange,<init>,Locale.java,,NOT_IN_CACHE,False,Not In Cache,N/A,False,
"java.util.Locale$LanguageRange.<init>(java.lang.String,double)",java.util.Locale$LanguageRange,<init>,Locale.java,,NOT_IN_CACHE,False,Not In Cache,N/A,False,
java.util.Locale$LanguageRange.equals(java.lang.Object),java.util.Locale$LanguageRange,equals,Locale.java,Pure,NOT_IN_CACHE,True,Not In Cache,N/A,False,
java.util.Locale$LanguageRange.getRange(),java.util.Locale$LanguageRange,getRange,Locale.java,,NOT_IN_CACHE,False,Not In Cache,N/A,False,
java.util.Locale$LanguageRange.getWeight(),java.util.Locale$LanguageRange,getWeight,Locale.java,,NOT_IN_CACHE,False,Not In Cache,N/A,False,
java.util.Locale$LanguageRange.hashCode(),java.util.Locale$LanguageRange,hashCode,Locale.java,,NOT_IN_CACHE,True,Not In Cache,N/A,False,
"java.util.Locale$LanguageRange.isSubtagIllFormed(java.lang.String,boolean)",java.util.Locale$LanguageRange,isSubtagIllFormed,Locale.java,,NOT_IN_CACHE,False,Not In Cache,N/A,False,
"java.util.Locale$LanguageRange.mapEquivalents(java.util.ListpriorityList,java.util.Map)",java.util.Locale$LanguageRange,mapEquivalents,Locale.java,,NOT_IN_CACHE,False,Not In Cache,N/A,False,
java.util.Locale$LanguageRange.parse(java.lang.String),java.util.Locale$LanguageRange,parse,Locale.java,,NOT_IN_CACHE,False,Not In Cache,N/A,False,
"java.util.Locale$LanguageRange.parse(java.lang.String,java.util.Map)",java.util.Locale$LanguageRange,parse,Locale.java,,NOT_IN_CACHE,False,Not In Cache,N/A,False,
java.util.Locale$LanguageRange.toString(),java.util.Locale$LanguageRange,toString,Locale.java,,NOT_IN_CACHE,False,Not In Cache,N/A,False,
"java.util.Locale$LocaleKey.<init>(sun.util.locale.BaseLocale,sun.util.locale.LocaleExtensions)",java.util.Locale$LocaleKey,<init>,Locale.java,,NOT_IN_CACHE,False,Not In Cache,N/A,False,
java.util.Locale$LocaleKey.equals(java.lang.Object),java.util.Locale$LocaleKey,equals,Locale.java,,NOT_IN_CACHE,False,Not In Cache,N/A,False,
java.util.Locale$LocaleKey.hashCode(),java.util.Locale$LocaleKey,hashCode,Locale.java,,NOT_IN_CACHE,False,Not In Cache,N/A,False,
java.util.Locale$LocaleNameGetter.LocaleNameGetter(),java.util.Locale$LocaleNameGetter,LocaleNameGetter,Locale.java,,NOT_IN_CACHE,False,Not In Cache,N/A,False,
"java.util.Locale$LocaleNameGetter.getObject(java.util.spi.LocaleNameProvider,java.util.Locale,java.lang.String,java.lang.Object[])",java.util.Locale$LocaleNameGetter,getObject,Locale.java,,NOT_IN_CACHE,False,Not In Cache,N/A,False,
java.util.Locale.<init>(java.lang.String),java.util.Locale,<init>,Locale.java,,NOT_IN_CACHE,False,Not In Cache,N/A,False,
"java.util.Locale.<init>(java.lang.String,java.lang.String)",java.util.Locale,<init>,Locale.java,,NOT_IN_CACHE,False,Not In Cache,N/A,False,
"java.util.Locale.<init>(java.lang.String,java.lang.String,java.lang.String)",java.util.Locale,<init>,Locale.java,,NOT_IN_CACHE,False,Not In Cache,N/A,False,
"java.util.Locale.<init>(sun.util.locale.BaseLocale,sun.util.locale.LocaleExtensions)",java.util.Locale,<init>,Locale.java,,NOT_IN_CACHE,False,Not In Cache,N/A,False,
"java.util.Locale.Locale(java.util.base,java.util.null)",java.util.Locale,Locale,Locale.java,,NOT_IN_CACHE,False,Not In Cache,N/A,False,
java.util.Locale.availableLocales(),java.util.Locale,availableLocales,Locale.java,,NOT_IN_CACHE,False,Not In Cache,N/A,False,
java.util.Locale.caseFoldLanguageTag(java.lang.String),java.util.Locale,caseFoldLanguageTag,Locale.java,,NOT_IN_CACHE,False,Not In Cache,N/A,False,
java.util.Locale.createConstant(byte),java.util.Locale,createConstant,Locale.java,,NOT_IN_CACHE,False,Not In Cache,N/A,False,
"java.util.Locale.filter(java.util.List,java.util.Collection)",java.util.Locale,filter,Locale.java,,NOT_IN_CACHE,False,Not In Cache,N/A,False,
"java.util.Locale.filter(java.util.List,java.util.Collection,java.util.FilteringMode)",java.util.Locale,filter,Locale.java,,NOT_IN_CACHE,False,Not In Cache,N/A,False,
"java.util.Locale.filterTags(java.util.List,java.util.Collection)",java.util.Locale,filterTags,Locale.java,,NOT_IN_CACHE,False,Not In Cache,N/A,False,
"java.util.Locale.filterTags(java.util.List,java.util.Collection,java.util.FilteringMode)",java.util.Locale,filterTags,Locale.java,,NOT_IN_CACHE,False,Not In Cache,N/A,False,
java.util.Locale.forLanguageTag(java.lang.String),java.util.Locale,forLanguageTag,Locale.java,,NOT_IN_CACHE,False,Not In Cache,N/A,False,
"java.util.Locale.formatList(java.lang.String[],java.lang.String)",java.util.Locale,formatList,Locale.java,,NOT_IN_CACHE,False,Not In Cache,N/A,False,
java.util.Locale.getAvailableLocales(),java.util.Locale,getAvailableLocales,Locale.java,,NOT_IN_CACHE,False,Not In Cache,N/A,False,
java.util.Locale.getBaseLocale(),java.util.Locale,getBaseLocale,Locale.java,,NOT_IN_CACHE,False,Not In Cache,N/A,False,
java.util.Locale.getCountry(),java.util.Locale,getCountry,Locale.java,,NOT_IN_CACHE,False,Not In Cache,N/A,False,
java.util.Locale.getDisplayCountry(),java.util.Locale,getDisplayCountry,Locale.java,,NOT_IN_CACHE,False,Not In Cache,N/A,False,
java.util.Locale.getDisplayCountry(java.util.Locale),java.util.Locale,getDisplayCountry,Locale.java,,NOT_IN_CACHE,False,Not In Cache,N/A,False,
"java.util.Locale.getDisplayKeyTypeExtensionString(java.lang.String,sun.util.locale.provider.LocaleResources,java.util.Locale)",java.util.Locale,getDisplayKeyTypeExtensionString,Locale.java,,NOT_IN_CACHE,False,Not In Cache,N/A,False,
java.util.Locale.getDisplayLanguage(),java.util.Locale,getDisplayLanguage,Locale.java,,NOT_IN_CACHE,False,Not In Cache,N/A,False,
java.util.Locale.getDisplayLanguage(java.util.Locale),java.util.Locale,getDisplayLanguage,Locale.java,,NOT_IN_CACHE,False,Not In Cache,N/A,False,
java.util.Locale.getDisplayName(),java.util.Locale,getDisplayName,Locale.java,,NOT_IN_CACHE,False,Not In Cache,N/A,False,
java.util.Locale.getDisplayName(java.util.Locale),java.util.Locale,getDisplayName,Locale.java,,NOT_IN_CACHE,False,Not In Cache,N/A,False,
java.util.Locale.getDisplayScript(),java.util.Locale,getDisplayScript,Locale.java,,NOT_IN_CACHE,False,Not In Cache,N/A,False,
java.util.Locale.getDisplayScript(java.util.Locale),java.util.Locale,getDisplayScript,Locale.java,,NOT_IN_CACHE,False,Not In Cache,N/A,False,
"java.util.Locale.getDisplayString(java.lang.String,java.lang.String,java.util.Locale,int)",java.util.Locale,getDisplayString,Locale.java,,NOT_IN_CACHE,False,Not In Cache,N/A,False,
java.util.Locale.getDisplayVariant(),java.util.Locale,getDisplayVariant,Locale.java,,NOT_IN_CACHE,False,Not In Cache,N/A,False,
java.util.Locale.getDisplayVariant(java.util.Locale),java.util.Locale,getDisplayVariant,Locale.java,,NOT_IN_CACHE,False,Not In Cache,N/A,False,
java.util.Locale.getDisplayVariantArray(java.util.Locale),java.util.Locale,getDisplayVariantArray,Locale.java,,NOT_IN_CACHE,False,Not In Cache,N/A,False,
java.util.Locale.getExtension(char),java.util.Locale,getExtension,Locale.java,,NOT_IN_CACHE,False,Not In Cache,N/A,False,
java.util.Locale.getExtensionKeys(),java.util.Locale,getExtensionKeys,Locale.java,,NOT_IN_CACHE,False,Not In Cache,N/A,False,
java.util.Locale.getISO2Table(java.lang.String),java.util.Locale,getISO2Table,Locale.java,,NOT_IN_CACHE,False,Not In Cache,N/A,False,
"java.util.Locale.getISO3Code(java.lang.String,java.lang.String)",java.util.Locale,getISO3Code,Locale.java,,NOT_IN_CACHE,False,Not In Cache,N/A,False,
java.util.Locale.getISO3Country(),java.util.Locale,getISO3Country,Locale.java,,NOT_IN_CACHE,False,Not In Cache,N/A,False,
java.util.Locale.getISO3Language(),java.util.Locale,getISO3Language,Locale.java,,NOT_IN_CACHE,False,Not In Cache,N/A,False,
java.util.Locale.getISOCountries(),java.util.Locale,getISOCountries,Locale.java,,NOT_IN_CACHE,False,Not In Cache,N/A,False,
java.util.Locale.getISOCountries(java.util.IsoCountryCode),java.util.Locale,getISOCountries,Locale.java,,NOT_IN_CACHE,False,Not In Cache,N/A,False,
java.util.Locale.getISOLanguages(),java.util.Locale,getISOLanguages,Locale.java,,NOT_IN_CACHE,False,Not In Cache,N/A,False,
"java.util.Locale.getInstance(java.lang.String,java.lang.String,java.lang.String)",java.util.Locale,getInstance,Locale.java,,NOT_IN_CACHE,False,Not In Cache,N/A,False,
java.util.Locale.getUnicodeLocaleAttributes(),java.util.Locale,getUnicodeLocaleAttributes,Locale.java,,NOT_IN_CACHE,False,Not In Cache,N/A,False,
java.util.Locale.getUnicodeLocaleKeys(),java.util.Locale,getUnicodeLocaleKeys,Locale.java,,NOT_IN_CACHE,False,Not In Cache,N/A,False,
java.util.Locale.getUnicodeLocaleType(java.lang.String),java.util.Locale,getUnicodeLocaleType,Locale.java,,NOT_IN_CACHE,False,Not In Cache,N/A,False,
java.util.Locale.hasExtensions(),java.util.Locale,hasExtensions,Locale.java,,NOT_IN_CACHE,False,Not In Cache,N/A,False,
java.util.Locale.hashCode(),java.util.Locale,hashCode,Locale.java,Pure,NOT_IN_CACHE,True,Not In Cache,N/A,False,
java.util.Locale.initDefault(),java.util.Locale,initDefault,Locale.java,,NOT_IN_CACHE,False,Not In Cache,N/A,False,
java.util.Locale.isUnicodeExtensionKey(java.lang.String),java.util.Locale,isUnicodeExtensionKey,Locale.java,,NOT_IN_CACHE,False,Not In Cache,N/A,False,
"java.util.Locale.lookup(java.util.List,java.util.Collection)",java.util.Locale,lookup,Locale.java,,NOT_IN_CACHE,False,Not In Cache,N/A,False,
"java.util.Locale.lookupTag(java.util.List,java.util.Collection)",java.util.Locale,lookupTag,Locale.java,,NOT_IN_CACHE,False,Not In Cache,N/A,False,
java.util.Locale.of(java.lang.String),java.util.Locale,of,Locale.java,,NOT_IN_CACHE,False,Not In Cache,N/A,False,
"java.util.Locale.of(java.lang.String,java.lang.String)",java.util.Locale,of,Locale.java,,NOT_IN_CACHE,False,Not In Cache,N/A,False,
"java.util.Locale.of(java.lang.String,java.lang.String,java.lang.String)",java.util.Locale,of,Locale.java,,NOT_IN_CACHE,False,Not In Cache,N/A,False,
java.util.Locale.readObject(java.io.ObjectInputStream),java.util.Locale,readObject,Locale.java,,NOT_IN_CACHE,False,Not In Cache,N/A,False,
java.util.Locale.readResolve(),java.util.Locale,readResolve,Locale.java,,NOT_IN_CACHE,False,Not In Cache,N/A,False,
"java.util.Locale.setDefault(java.util.Locale$Category,java.util.Locale)",java.util.Locale,setDefault,Locale.java,,NOT_IN_CACHE,False,Not In Cache,N/A,False,
java.util.Locale.setDefault(java.util.Locale),java.util.Locale,setDefault,Locale.java,,NOT_IN_CACHE,False,Not In Cache,N/A,False,
java.util.Locale.stripExtensions(),java.util.Locale,stripExtensions,Locale.java,,NOT_IN_CACHE,False,Not In Cache,N/A,False,
java.util.Locale.toLanguageTag(),java.util.Locale,toLanguageTag,Locale.java,,NOT_IN_CACHE,False,Not In Cache,N/A,False,
java.util.Locale.writeObject(java.io.ObjectOutputStream),java.util.Locale,writeObject,Locale.java,,NOT_IN_CACHE,False,Not In Cache,N/A,False,
java.util.Map$Entry.equals(java.lang.Object),java.util.Map$Entry,equals,Map.java,Pure,NOT_IN_CACHE,True,Not In Cache,N/A,False,
java.util.Map$Entry.getKey(),java.util.Map$Entry,getKey,Map.java,Pure,NOT_IN_CACHE,True,Not In Cache,N/A,False,
java.util.Map$Entry.getValue(),java.util.Map$Entry,getValue,Map.java,Pure,NOT_IN_CACHE,True,Not In Cache,N/A,False,
java.util.Map$Entry.hashCode(),java.util.Map$Entry,hashCode,Map.java,Pure,NOT_IN_CACHE,True,Not In Cache,N/A,False,
java.util.Map$Entry.setValue(java.lang.Object),java.util.Map$Entry,setValue,Map.java,,NOT_IN_CACHE,False,Not In Cache,N/A,False,
java.util.Map.clear(),java.util.Map,clear,Map.java,,NOT_IN_CACHE,False,Not In Cache,N/A,False,
java.util.Map.containsKey(java.lang.Object),java.util.Map,containsKey,Map.java,Pure,NOT_IN_CACHE,True,Not In Cache,N/A,False,
java.util.Map.containsValue(java.lang.Object),java.util.Map,containsValue,Map.java,Pure,NOT_IN_CACHE,True,Not In Cache,N/A,False,
java.util.Map.entrySet(),java.util.Map,entrySet,Map.java,SideEffectFree,NOT_IN_CACHE,True,Not In Cache,N/A,False,
java.util.Map.equals(java.lang.Object),java.util.Map,equals,Map.java,,NOT_IN_CACHE,True,Not In Cache,N/A,False,
java.util.Map.get(java.lang.Object),java.util.Map,get,Map.java,Pure,NOT_IN_CACHE,True,Not In Cache,N/A,False,
java.util.Map.hashCode(),java.util.Map,hashCode,Map.java,,NOT_IN_CACHE,True,Not In Cache,N/A,False,
java.util.Map.isEmpty(),java.util.Map,isEmpty,Map.java,Pure,NOT_IN_CACHE,True,Not In Cache,N/A,False,
java.util.Map.keySet(),java.util.Map,keySet,Map.java,SideEffectFree,NOT_IN_CACHE,True,Not In Cache,N/A,False,
"java.util.Map.of(java.lang.Object,java.lang.Object,java.lang.Object,java.lang.Object,java.lang.Object,java.lang.Object,java.lang.Object,java.lang.Object,java.lang.Object,java.lang.Object,java.lang.Object,java.lang.Object,java.lang.Object,java.lang.Object)",java.util.Map,of,Map.java,,NOT_IN_CACHE,False,Not In Cache,N/A,False,
"java.util.Map.of(java.lang.Object,java.lang.Object,java.lang.Object,java.lang.Object,java.lang.Object,java.lang.Object,java.lang.Object,java.lang.Object,java.lang.Object,java.lang.Object,java.lang.Object,java.lang.Object,java.lang.Object,java.lang.Object,java.lang.Object,java.lang.Object)",java.util.Map,of,Map.java,,NOT_IN_CACHE,False,Not In Cache,N/A,False,
"java.util.Map.of(java.lang.Object,java.lang.Object,java.lang.Object,java.lang.Object,java.lang.Object,java.lang.Object,java.lang.Object,java.lang.Object,java.lang.Object,java.lang.Object,java.lang.Object,java.lang.Object,java.lang.Object,java.lang.Object,java.lang.Object,java.lang.Object,java.lang.Object,java.lang.Object)",java.util.Map,of,Map.java,,NOT_IN_CACHE,False,Not In Cache,N/A,False,
"java.util.Map.of(java.lang.Object,java.lang.Object,java.lang.Object,java.lang.Object,java.lang.Object,java.lang.Object,java.lang.Object,java.lang.Object,java.lang.Object,java.lang.Object,java.lang.Object,java.lang.Object,java.lang.Object,java.lang.Object,java.lang.Object,java.lang.Object,java.lang.Object,java.lang.Object,java.lang.Object,java.lang.Object)",java.util.Map,of,Map.java,,NOT_IN_CACHE,False,Not In Cache,N/A,False,
java.util.Map.ofEntries(java.util.Entry[]),java.util.Map,ofEntries,Map.java,,NOT_IN_CACHE,False,Not In Cache,N/A,False,
java.util.Map.putAll(java.util.Map),java.util.Map,putAll,Map.java,,NOT_IN_CACHE,False,Not In Cache,N/A,False,
java.util.Map.size(),java.util.Map,size,Map.java,Pure,NOT_IN_CACHE,True,Not In Cache,N/A,False,
java.util.Map.values(),java.util.Map,values,Map.java,SideEffectFree,NOT_IN_CACHE,True,Not In Cache,N/A,False,
java.util.NavigableMap.ceilingEntry(java.lang.Object),java.util.NavigableMap,ceilingEntry,NavigableMap.java,,NOT_IN_CACHE,False,Not In Cache,N/A,False,
java.util.NavigableMap.descendingKeySet(),java.util.NavigableMap,descendingKeySet,NavigableMap.java,SideEffectFree,NOT_IN_CACHE,False,Not In Cache,N/A,False,
java.util.NavigableMap.descendingMap(),java.util.NavigableMap,descendingMap,NavigableMap.java,SideEffectFree,NOT_IN_CACHE,False,Not In Cache,N/A,False,
java.util.NavigableMap.firstEntry(),java.util.NavigableMap,firstEntry,NavigableMap.java,,NOT_IN_CACHE,False,Not In Cache,N/A,False,
java.util.NavigableMap.floorEntry(java.lang.Object),java.util.NavigableMap,floorEntry,NavigableMap.java,,NOT_IN_CACHE,False,Not In Cache,N/A,False,
java.util.NavigableMap.headMap(java.lang.Object),java.util.NavigableMap,headMap,NavigableMap.java,SideEffectFree,NOT_IN_CACHE,True,Not In Cache,N/A,False,
"java.util.NavigableMap.headMap(java.lang.Object,boolean)",java.util.NavigableMap,headMap,NavigableMap.java,SideEffectFree,NOT_IN_CACHE,False,Not In Cache,N/A,False,
java.util.NavigableMap.higherEntry(java.lang.Object),java.util.NavigableMap,higherEntry,NavigableMap.java,,NOT_IN_CACHE,False,Not In Cache,N/A,False,
java.util.NavigableMap.lastEntry(),java.util.NavigableMap,lastEntry,NavigableMap.java,,NOT_IN_CACHE,False,Not In Cache,N/A,False,
java.util.NavigableMap.lowerEntry(java.lang.Object),java.util.NavigableMap,lowerEntry,NavigableMap.java,,NOT_IN_CACHE,False,Not In Cache,N/A,False,
java.util.NavigableMap.navigableKeySet(),java.util.NavigableMap,navigableKeySet,NavigableMap.java,SideEffectFree,NOT_IN_CACHE,False,Not In Cache,N/A,False,
java.util.NavigableMap.pollFirstEntry(),java.util.NavigableMap,pollFirstEntry,NavigableMap.java,,NOT_IN_CACHE,False,Not In Cache,N/A,False,
java.util.NavigableMap.pollLastEntry(),java.util.NavigableMap,pollLastEntry,NavigableMap.java,,NOT_IN_CACHE,False,Not In Cache,N/A,False,
java.util.NavigableMap.reversed(),java.util.NavigableMap,reversed,NavigableMap.java,,NOT_IN_CACHE,False,Not In Cache,N/A,False,
"java.util.NavigableMap.subMap(java.lang.Object,boolean,java.lang.Object,boolean)",java.util.NavigableMap,subMap,NavigableMap.java,SideEffectFree,NOT_IN_CACHE,False,Not In Cache,N/A,False,
"java.util.NavigableMap.subMap(java.lang.Object,java.lang.Object)",java.util.NavigableMap,subMap,NavigableMap.java,SideEffectFree,NOT_IN_CACHE,False,Not In Cache,N/A,False,
java.util.NavigableMap.tailMap(java.lang.Object),java.util.NavigableMap,tailMap,NavigableMap.java,SideEffectFree,NOT_IN_CACHE,True,Not In Cache,N/A,False,
"java.util.NavigableMap.tailMap(java.lang.Object,boolean)",java.util.NavigableMap,tailMap,NavigableMap.java,SideEffectFree,NOT_IN_CACHE,False,Not In Cache,N/A,False,
java.util.NavigableSet.descendingIterator(),java.util.NavigableSet,descendingIterator,NavigableSet.java,,NOT_IN_CACHE,False,Not In Cache,N/A,False,
java.util.NavigableSet.descendingSet(),java.util.NavigableSet,descendingSet,NavigableSet.java,,NOT_IN_CACHE,False,Not In Cache,N/A,False,
java.util.NavigableSet.headSet(java.lang.Object),java.util.NavigableSet,headSet,NavigableSet.java,SideEffectFree,NOT_IN_CACHE,True,Not In Cache,N/A,False,
"java.util.NavigableSet.headSet(java.lang.Object,boolean)",java.util.NavigableSet,headSet,NavigableSet.java,SideEffectFree,NOT_IN_CACHE,False,Not In Cache,N/A,False,
java.util.NavigableSet.iterator(),java.util.NavigableSet,iterator,NavigableSet.java,SideEffectFree,NOT_IN_CACHE,False,Not In Cache,N/A,False,
java.util.NavigableSet.removeFirst(),java.util.NavigableSet,removeFirst,NavigableSet.java,,NOT_IN_CACHE,False,Not In Cache,N/A,False,
java.util.NavigableSet.removeLast(),java.util.NavigableSet,removeLast,NavigableSet.java,,NOT_IN_CACHE,False,Not In Cache,N/A,False,
java.util.NavigableSet.reversed(),java.util.NavigableSet,reversed,NavigableSet.java,,NOT_IN_CACHE,False,Not In Cache,N/A,False,
"java.util.NavigableSet.subSet(java.lang.Object,boolean,java.lang.Object,boolean)",java.util.NavigableSet,subSet,NavigableSet.java,SideEffectFree,NOT_IN_CACHE,False,Not In Cache,N/A,False,
"java.util.NavigableSet.subSet(java.lang.Object,java.lang.Object)",java.util.NavigableSet,subSet,NavigableSet.java,SideEffectFree,NOT_IN_CACHE,False,Not In Cache,N/A,False,
java.util.NavigableSet.tailSet(java.lang.Object),java.util.NavigableSet,tailSet,NavigableSet.java,SideEffectFree,NOT_IN_CACHE,True,Not In Cache,N/A,False,
"java.util.NavigableSet.tailSet(java.lang.Object,boolean)",java.util.NavigableSet,tailSet,NavigableSet.java,SideEffectFree,NOT_IN_CACHE,False,Not In Cache,N/A,False,
java.util.OptionalDouble.<init>(),java.util.OptionalDouble,<init>,OptionalDouble.java,,NOT_IN_CACHE,False,Not In Cache,N/A,False,
java.util.OptionalDouble.<init>(double),java.util.OptionalDouble,<init>,OptionalDouble.java,,NOT_IN_CACHE,False,Not In Cache,N/A,False,
java.util.OptionalDouble.OptionalDouble(),java.util.OptionalDouble,OptionalDouble,OptionalDouble.java,,NOT_IN_CACHE,False,Not In Cache,N/A,False,
java.util.OptionalDouble.OptionalDouble(java.util.value),java.util.OptionalDouble,OptionalDouble,OptionalDouble.java,,NOT_IN_CACHE,False,Not In Cache,N/A,False,
java.util.OptionalDouble.empty(),java.util.OptionalDouble,empty,OptionalDouble.java,SideEffectFree,NOT_IN_CACHE,False,Not In Cache,N/A,False,
java.util.OptionalDouble.equals(java.lang.Object),java.util.OptionalDouble,equals,OptionalDouble.java,Pure,NOT_IN_CACHE,False,Not In Cache,N/A,False,
java.util.OptionalDouble.getAsDouble(),java.util.OptionalDouble,getAsDouble,OptionalDouble.java,Pure,NOT_IN_CACHE,False,Not In Cache,N/A,False,
java.util.OptionalDouble.hashCode(),java.util.OptionalDouble,hashCode,OptionalDouble.java,Pure,NOT_IN_CACHE,False,Not In Cache,N/A,False,
java.util.OptionalDouble.ifPresent(java.util.function.DoubleConsumer),java.util.OptionalDouble,ifPresent,OptionalDouble.java,,NOT_IN_CACHE,False,Not In Cache,N/A,False,
"java.util.OptionalDouble.ifPresentOrElse(java.util.function.DoubleConsumer,java.lang.Runnable)",java.util.OptionalDouble,ifPresentOrElse,OptionalDouble.java,,NOT_IN_CACHE,False,Not In Cache,N/A,False,
java.util.OptionalDouble.isEmpty(),java.util.OptionalDouble,isEmpty,OptionalDouble.java,Pure,NOT_IN_CACHE,False,Not In Cache,N/A,False,
java.util.OptionalDouble.isPresent(),java.util.OptionalDouble,isPresent,OptionalDouble.java,Pure,NOT_IN_CACHE,False,Not In Cache,N/A,False,
java.util.OptionalDouble.of(double),java.util.OptionalDouble,of,OptionalDouble.java,SideEffectFree,NOT_IN_CACHE,False,Not In Cache,N/A,False,
java.util.OptionalDouble.orElse(double),java.util.OptionalDouble,orElse,OptionalDouble.java,,NOT_IN_CACHE,False,Not In Cache,N/A,False,
java.util.OptionalDouble.orElseGet(java.util.function.DoubleSupplier),java.util.OptionalDouble,orElseGet,OptionalDouble.java,,NOT_IN_CACHE,False,Not In Cache,N/A,False,
java.util.OptionalDouble.orElseThrow(),java.util.OptionalDouble,orElseThrow,OptionalDouble.java,Pure,NOT_IN_CACHE,False,Not In Cache,N/A,False,
java.util.OptionalDouble.orElseThrow(java.util.function.Supplier),java.util.OptionalDouble,orElseThrow,OptionalDouble.java,,NOT_IN_CACHE,False,Not In Cache,N/A,False,
java.util.OptionalDouble.stream(),java.util.OptionalDouble,stream,OptionalDouble.java,SideEffectFree,NOT_IN_CACHE,False,Not In Cache,N/A,False,
java.util.OptionalDouble.toString(),java.util.OptionalDouble,toString,OptionalDouble.java,,NOT_IN_CACHE,False,Not In Cache,N/A,False,
java.util.OptionalInt.OptionalInt(),java.util.OptionalInt,OptionalInt,OptionalInt.java,,NOT_IN_CACHE,False,Not In Cache,N/A,False,
java.util.OptionalInt.OptionalInt(java.util.value),java.util.OptionalInt,OptionalInt,OptionalInt.java,,NOT_IN_CACHE,False,Not In Cache,N/A,False,
java.util.OptionalLong.<init>(),java.util.OptionalLong,<init>,OptionalLong.java,,NOT_IN_CACHE,False,Not In Cache,N/A,False,
java.util.OptionalLong.<init>(long),java.util.OptionalLong,<init>,OptionalLong.java,,NOT_IN_CACHE,False,Not In Cache,N/A,False,
java.util.OptionalLong.OptionalLong(),java.util.OptionalLong,OptionalLong,OptionalLong.java,,NOT_IN_CACHE,False,Not In Cache,N/A,False,
java.util.OptionalLong.OptionalLong(java.util.value),java.util.OptionalLong,OptionalLong,OptionalLong.java,,NOT_IN_CACHE,False,Not In Cache,N/A,False,
java.util.OptionalLong.empty(),java.util.OptionalLong,empty,OptionalLong.java,SideEffectFree,NOT_IN_CACHE,False,Not In Cache,N/A,False,
java.util.OptionalLong.equals(java.lang.Object),java.util.OptionalLong,equals,OptionalLong.java,Pure,NOT_IN_CACHE,False,Not In Cache,N/A,False,
java.util.OptionalLong.getAsLong(),java.util.OptionalLong,getAsLong,OptionalLong.java,Pure,NOT_IN_CACHE,False,Not In Cache,N/A,False,
java.util.OptionalLong.hashCode(),java.util.OptionalLong,hashCode,OptionalLong.java,Pure,NOT_IN_CACHE,False,Not In Cache,N/A,False,
java.util.OptionalLong.ifPresent(java.util.function.LongConsumer),java.util.OptionalLong,ifPresent,OptionalLong.java,,NOT_IN_CACHE,False,Not In Cache,N/A,False,
"java.util.OptionalLong.ifPresentOrElse(java.util.function.LongConsumer,java.lang.Runnable)",java.util.OptionalLong,ifPresentOrElse,OptionalLong.java,,NOT_IN_CACHE,False,Not In Cache,N/A,False,
java.util.OptionalLong.isEmpty(),java.util.OptionalLong,isEmpty,OptionalLong.java,Pure,NOT_IN_CACHE,False,Not In Cache,N/A,False,
java.util.OptionalLong.isPresent(),java.util.OptionalLong,isPresent,OptionalLong.java,Pure,NOT_IN_CACHE,False,Not In Cache,N/A,False,
java.util.OptionalLong.of(long),java.util.OptionalLong,of,OptionalLong.java,SideEffectFree,NOT_IN_CACHE,False,Not In Cache,N/A,False,
java.util.OptionalLong.orElse(long),java.util.OptionalLong,orElse,OptionalLong.java,,NOT_IN_CACHE,False,Not In Cache,N/A,False,
java.util.OptionalLong.orElseGet(java.util.function.LongSupplier),java.util.OptionalLong,orElseGet,OptionalLong.java,,NOT_IN_CACHE,False,Not In Cache,N/A,False,
java.util.OptionalLong.orElseThrow(),java.util.OptionalLong,orElseThrow,OptionalLong.java,Pure,NOT_IN_CACHE,False,Not In Cache,N/A,False,
java.util.OptionalLong.orElseThrow(java.util.function.Supplier),java.util.OptionalLong,orElseThrow,OptionalLong.java,,NOT_IN_CACHE,False,Not In Cache,N/A,False,
java.util.OptionalLong.stream(),java.util.OptionalLong,stream,OptionalLong.java,SideEffectFree,NOT_IN_CACHE,False,Not In Cache,N/A,False,
java.util.OptionalLong.toString(),java.util.OptionalLong,toString,OptionalLong.java,,NOT_IN_CACHE,False,Not In Cache,N/A,False,
java.util.PriorityQueue$Itr.<init>(),java.util.PriorityQueue$Itr,<init>,PriorityQueue.java,,NOT_IN_CACHE,False,Not In Cache,N/A,False,
java.util.PriorityQueue$Itr.hasNext(),java.util.PriorityQueue$Itr,hasNext,PriorityQueue.java,Pure,NOT_IN_CACHE,False,Not In Cache,N/A,False,
java.util.PriorityQueue$Itr.next(),java.util.PriorityQueue$Itr,next,PriorityQueue.java,,NOT_IN_CACHE,False,Not In Cache,N/A,False,
java.util.PriorityQueue$Itr.remove(),java.util.PriorityQueue$Itr,remove,PriorityQueue.java,,NOT_IN_CACHE,False,Not In Cache,N/A,False,
"java.util.PriorityQueue$PriorityQueueSpliterator.<init>(int,int,int)",java.util.PriorityQueue$PriorityQueueSpliterator,<init>,PriorityQueue.java,,NOT_IN_CACHE,False,Not In Cache,N/A,False,
"java.util.PriorityQueue$PriorityQueueSpliterator.PriorityQueueSpliterator(java.util.lo,java.util.index =,java.util.expectedModCount)",java.util.PriorityQueue$PriorityQueueSpliterator,PriorityQueueSpliterator,PriorityQueue.java,,NOT_IN_CACHE,False,Not In Cache,N/A,False,
java.util.PriorityQueue$PriorityQueueSpliterator.characteristics(),java.util.PriorityQueue$PriorityQueueSpliterator,characteristics,PriorityQueue.java,,NOT_IN_CACHE,False,Not In Cache,N/A,False,
java.util.PriorityQueue$PriorityQueueSpliterator.estimateSize(),java.util.PriorityQueue$PriorityQueueSpliterator,estimateSize,PriorityQueue.java,,NOT_IN_CACHE,False,Not In Cache,N/A,False,
java.util.PriorityQueue$PriorityQueueSpliterator.forEachRemaining(java.util.function.Consumer),java.util.PriorityQueue$PriorityQueueSpliterator,forEachRemaining,PriorityQueue.java,,NOT_IN_CACHE,False,Not In Cache,N/A,False,
java.util.PriorityQueue$PriorityQueueSpliterator.getFence(),java.util.PriorityQueue$PriorityQueueSpliterator,getFence,PriorityQueue.java,,NOT_IN_CACHE,False,Not In Cache,N/A,False,
java.util.PriorityQueue$PriorityQueueSpliterator.tryAdvance(java.util.function.Consumer),java.util.PriorityQueue$PriorityQueueSpliterator,tryAdvance,PriorityQueue.java,,NOT_IN_CACHE,False,Not In Cache,N/A,False,
java.util.PriorityQueue$PriorityQueueSpliterator.trySplit(),java.util.PriorityQueue$PriorityQueueSpliterator,trySplit,PriorityQueue.java,,NOT_IN_CACHE,False,Not In Cache,N/A,False,
java.util.PriorityQueue.<init>(),java.util.PriorityQueue,<init>,PriorityQueue.java,,NOT_IN_CACHE,False,Not In Cache,N/A,False,
java.util.PriorityQueue.<init>(int),java.util.PriorityQueue,<init>,PriorityQueue.java,,NOT_IN_CACHE,False,Not In Cache,N/A,False,
"java.util.PriorityQueue.<init>(int,java.util.Comparator)",java.util.PriorityQueue,<init>,PriorityQueue.java,,NOT_IN_CACHE,False,Not In Cache,N/A,False,
java.util.PriorityQueue.<init>(java.util.Collection),java.util.PriorityQueue,<init>,PriorityQueue.java,,NOT_IN_CACHE,False,Not In Cache,N/A,False,
java.util.PriorityQueue.<init>(java.util.Comparator),java.util.PriorityQueue,<init>,PriorityQueue.java,,NOT_IN_CACHE,False,Not In Cache,N/A,False,
java.util.PriorityQueue.<init>(java.util.PriorityQueue),java.util.PriorityQueue,<init>,PriorityQueue.java,,NOT_IN_CACHE,False,Not In Cache,N/A,False,
java.util.PriorityQueue.<init>(java.util.SortedSet),java.util.PriorityQueue,<init>,PriorityQueue.java,,NOT_IN_CACHE,False,Not In Cache,N/A,False,
java.util.PriorityQueue.add(java.lang.Object),java.util.PriorityQueue,add,PriorityQueue.java,,NOT_IN_CACHE,False,Not In Cache,N/A,False,
java.util.PriorityQueue.bulkRemove(java.util.function.Predicate),java.util.PriorityQueue,bulkRemove,PriorityQueue.java,,NOT_IN_CACHE,False,Not In Cache,N/A,False,
java.util.PriorityQueue.clear(),java.util.PriorityQueue,clear,PriorityQueue.java,,NOT_IN_CACHE,False,Not In Cache,N/A,False,
java.util.PriorityQueue.comparator(),java.util.PriorityQueue,comparator,PriorityQueue.java,Pure,NOT_IN_CACHE,True,Not In Cache,N/A,False,
java.util.PriorityQueue.contains(java.lang.Object),java.util.PriorityQueue,contains,PriorityQueue.java,Pure,NOT_IN_CACHE,True,Not In Cache,N/A,False,
java.util.PriorityQueue.ensureNonEmpty(java.lang.Object[]),java.util.PriorityQueue,ensureNonEmpty,PriorityQueue.java,,NOT_IN_CACHE,False,Not In Cache,N/A,False,
java.util.PriorityQueue.forEach(java.util.function.Consumer),java.util.PriorityQueue,forEach,PriorityQueue.java,,NOT_IN_CACHE,False,Not In Cache,N/A,False,
java.util.PriorityQueue.grow(int),java.util.PriorityQueue,grow,PriorityQueue.java,,NOT_IN_CACHE,False,Not In Cache,N/A,False,
java.util.PriorityQueue.heapify(),java.util.PriorityQueue,heapify,PriorityQueue.java,,NOT_IN_CACHE,False,Not In Cache,N/A,False,
java.util.PriorityQueue.indexOf(java.lang.Object),java.util.PriorityQueue,indexOf,PriorityQueue.java,,NOT_IN_CACHE,False,Not In Cache,N/A,False,
java.util.PriorityQueue.initElementsFromCollection(java.util.Collection),java.util.PriorityQueue,initElementsFromCollection,PriorityQueue.java,,NOT_IN_CACHE,False,Not In Cache,N/A,False,
java.util.PriorityQueue.initFromCollection(java.util.Collection),java.util.PriorityQueue,initFromCollection,PriorityQueue.java,,NOT_IN_CACHE,False,Not In Cache,N/A,False,
java.util.PriorityQueue.initFromPriorityQueue(java.util.PriorityQueue),java.util.PriorityQueue,initFromPriorityQueue,PriorityQueue.java,,NOT_IN_CACHE,False,Not In Cache,N/A,False,
"java.util.PriorityQueue.isClear(long[],int)",java.util.PriorityQueue,isClear,PriorityQueue.java,,NOT_IN_CACHE,False,Not In Cache,N/A,False,
java.util.PriorityQueue.iterator(),java.util.PriorityQueue,iterator,PriorityQueue.java,SideEffectFree,NOT_IN_CACHE,False,Not In Cache,N/A,False,
java.util.PriorityQueue.nBits(int),java.util.PriorityQueue,nBits,PriorityQueue.java,,NOT_IN_CACHE,False,Not In Cache,N/A,False,
java.util.PriorityQueue.offer(java.lang.Object),java.util.PriorityQueue,offer,PriorityQueue.java,,NOT_IN_CACHE,False,Not In Cache,N/A,False,
java.util.PriorityQueue.peek(),java.util.PriorityQueue,peek,PriorityQueue.java,Pure,NOT_IN_CACHE,False,Not In Cache,N/A,False,
java.util.PriorityQueue.poll(),java.util.PriorityQueue,poll,PriorityQueue.java,,NOT_IN_CACHE,False,Not In Cache,N/A,False,
java.util.PriorityQueue.readObject(java.util.java$io$ObjectInputStream),java.util.PriorityQueue,readObject,PriorityQueue.java,,NOT_IN_CACHE,False,Not In Cache,N/A,False,
java.util.PriorityQueue.remove(java.lang.Object),java.util.PriorityQueue,remove,PriorityQueue.java,,NOT_IN_CACHE,False,Not In Cache,N/A,False,
java.util.PriorityQueue.removeAll(java.util.Collection),java.util.PriorityQueue,removeAll,PriorityQueue.java,,NOT_IN_CACHE,False,Not In Cache,N/A,False,
java.util.PriorityQueue.removeAt(int),java.util.PriorityQueue,removeAt,PriorityQueue.java,,NOT_IN_CACHE,False,Not In Cache,N/A,False,
java.util.PriorityQueue.removeEq(java.lang.Object),java.util.PriorityQueue,removeEq,PriorityQueue.java,,NOT_IN_CACHE,False,Not In Cache,N/A,False,
java.util.PriorityQueue.removeIf(java.util.function.Predicate),java.util.PriorityQueue,removeIf,PriorityQueue.java,,NOT_IN_CACHE,False,Not In Cache,N/A,False,
java.util.PriorityQueue.retainAll(java.util.Collection),java.util.PriorityQueue,retainAll,PriorityQueue.java,,NOT_IN_CACHE,False,Not In Cache,N/A,False,
"java.util.PriorityQueue.setBit(long[],int)",java.util.PriorityQueue,setBit,PriorityQueue.java,,NOT_IN_CACHE,False,Not In Cache,N/A,False,
"java.util.PriorityQueue.siftDown(int,java.lang.Object)",java.util.PriorityQueue,siftDown,PriorityQueue.java,,NOT_IN_CACHE,False,Not In Cache,N/A,False,
"java.util.PriorityQueue.siftDownComparable(int,java.lang.Object,java.lang.Object[],int)",java.util.PriorityQueue,siftDownComparable,PriorityQueue.java,,NOT_IN_CACHE,False,Not In Cache,N/A,False,
"java.util.PriorityQueue.siftDownUsingComparator(int,java.lang.Object,java.lang.Object[],int,java.util.Comparator)",java.util.PriorityQueue,siftDownUsingComparator,PriorityQueue.java,,NOT_IN_CACHE,False,Not In Cache,N/A,False,
"java.util.PriorityQueue.siftUp(int,java.lang.Object)",java.util.PriorityQueue,siftUp,PriorityQueue.java,,NOT_IN_CACHE,False,Not In Cache,N/A,False,
"java.util.PriorityQueue.siftUpComparable(int,java.lang.Object,java.lang.Object[])",java.util.PriorityQueue,siftUpComparable,PriorityQueue.java,,NOT_IN_CACHE,False,Not In Cache,N/A,False,
"java.util.PriorityQueue.siftUpUsingComparator(int,java.lang.Object,java.lang.Object[],java.util.Comparator)",java.util.PriorityQueue,siftUpUsingComparator,PriorityQueue.java,,NOT_IN_CACHE,False,Not In Cache,N/A,False,
java.util.PriorityQueue.size(),java.util.PriorityQueue,size,PriorityQueue.java,Pure,NOT_IN_CACHE,True,Not In Cache,N/A,False,
java.util.PriorityQueue.spliterator(),java.util.PriorityQueue,spliterator,PriorityQueue.java,,NOT_IN_CACHE,False,Not In Cache,N/A,False,
java.util.PriorityQueue.toArray(),java.util.PriorityQueue,toArray,PriorityQueue.java,SideEffectFree,NOT_IN_CACHE,False,Not In Cache,N/A,False,
java.util.PriorityQueue.toArray(java.lang.Object[]),java.util.PriorityQueue,toArray,PriorityQueue.java,SideEffectFree,NOT_IN_CACHE,False,Not In Cache,N/A,False,
java.util.PriorityQueue.writeObject(java.util.java$io$ObjectOutputStream),java.util.PriorityQueue,writeObject,PriorityQueue.java,,NOT_IN_CACHE,False,Not In Cache,N/A,False,
java.util.Properties$EntrySet.add(java.util.Map$Entry),java.util.Properties$EntrySet,add,Properties.java,,NOT_IN_CACHE,False,Not In Cache,N/A,False,
java.util.Properties$EntrySet.contains(java.lang.Object),java.util.Properties$EntrySet,contains,Properties.java,Pure,NOT_IN_CACHE,False,Not In Cache,N/A,False,
java.util.Properties$EntrySet.containsAll(java.util.Collection),java.util.Properties$EntrySet,containsAll,Properties.java,Pure,NOT_IN_CACHE,False,Not In Cache,N/A,False,
java.util.Properties$EntrySet.equals(java.lang.Object),java.util.Properties$EntrySet,equals,Properties.java,,NOT_IN_CACHE,False,Not In Cache,N/A,False,
java.util.Properties$EntrySet.hashCode(),java.util.Properties$EntrySet,hashCode,Properties.java,,NOT_IN_CACHE,False,Not In Cache,N/A,False,
java.util.Properties$EntrySet.isEmpty(),java.util.Properties$EntrySet,isEmpty,Properties.java,Pure,NOT_IN_CACHE,False,Not In Cache,N/A,False,
java.util.Properties$EntrySet.iterator(),java.util.Properties$EntrySet,iterator,Properties.java,,NOT_IN_CACHE,False,Not In Cache,N/A,False,
java.util.Properties$EntrySet.removeAll(java.util.Collection),java.util.Properties$EntrySet,removeAll,Properties.java,,NOT_IN_CACHE,False,Not In Cache,N/A,False,
java.util.Properties$EntrySet.toString(),java.util.Properties$EntrySet,toString,Properties.java,,NOT_IN_CACHE,False,Not In Cache,N/A,False,
java.util.Properties$LineReader.<init>(java.io.InputStream),java.util.Properties$LineReader,<init>,Properties.java,,NOT_IN_CACHE,False,Not In Cache,N/A,False,
java.util.Properties.<init>(),java.util.Properties,<init>,Properties.java,,NOT_IN_CACHE,False,Not In Cache,N/A,False,
java.util.Properties.<init>(int),java.util.Properties,<init>,Properties.java,,NOT_IN_CACHE,False,Not In Cache,N/A,False,
java.util.Properties.EntrySet(java.util.map$entrySet()),java.util.Properties,EntrySet,Properties.java,,NOT_IN_CACHE,False,Not In Cache,N/A,False,
"java.util.Properties.OutputStreamWriter(java.util.out,sun.nio.cs.ISO_8859_1$INSTANCE)",java.util.Properties,OutputStreamWriter,Properties.java,,NOT_IN_CACHE,False,Not In Cache,N/A,False,
java.util.Properties.clear(),java.util.Properties,clear,Properties.java,,NOT_IN_CACHE,False,Not In Cache,N/A,False,
java.util.Properties.entrySet(),java.util.Properties,entrySet,Properties.java,SideEffectFree,NOT_IN_CACHE,False,Not In Cache,N/A,False,
java.util.Properties.equals(java.lang.Object),java.util.Properties,equals,Properties.java,,NOT_IN_CACHE,False,Not In Cache,N/A,False,
java.util.Properties.hashCode(),java.util.Properties,hashCode,Properties.java,,NOT_IN_CACHE,False,Not In Cache,N/A,False,
java.util.Properties.isEmpty(),java.util.Properties,isEmpty,Properties.java,Pure,NOT_IN_CACHE,False,Not In Cache,N/A,False,
java.util.Properties.keySet(),java.util.Properties,keySet,Properties.java,,NOT_IN_CACHE,False,Not In Cache,N/A,False,
java.util.Properties.keys(),java.util.Properties,keys,Properties.java,,NOT_IN_CACHE,False,Not In Cache,N/A,False,
java.util.Properties.list(java.io.PrintStream),java.util.Properties,list,Properties.java,,NOT_IN_CACHE,False,Not In Cache,N/A,False,
java.util.Properties.list(java.io.PrintWriter),java.util.Properties,list,Properties.java,,NOT_IN_CACHE,False,Not In Cache,N/A,False,
java.util.Properties.load0(java.util.LineReader),java.util.Properties,load0,Properties.java,,NOT_IN_CACHE,False,Not In Cache,N/A,False,
"java.util.Properties.loadConvert(char[],int,int,java.lang.StringBuilder)",java.util.Properties,loadConvert,Properties.java,,NOT_IN_CACHE,False,Not In Cache,N/A,False,
java.util.Properties.readHashtable(java.io.ObjectInputStream),java.util.Properties,readHashtable,Properties.java,,NOT_IN_CACHE,False,Not In Cache,N/A,False,
"java.util.Properties.saveConvert(java.lang.String,boolean,boolean)",java.util.Properties,saveConvert,Properties.java,,NOT_IN_CACHE,False,Not In Cache,N/A,False,
java.util.Properties.size(),java.util.Properties,size,Properties.java,Pure,NOT_IN_CACHE,False,Not In Cache,N/A,False,
"java.util.Properties.store0(java.io.BufferedWriter,java.lang.String,boolean)",java.util.Properties,store0,Properties.java,,NOT_IN_CACHE,False,Not In Cache,N/A,False,
java.util.Properties.toString(),java.util.Properties,toString,Properties.java,,NOT_IN_CACHE,False,Not In Cache,N/A,False,
java.util.Properties.writeDateComment(java.io.BufferedWriter),java.util.Properties,writeDateComment,Properties.java,,NOT_IN_CACHE,False,Not In Cache,N/A,False,
"java.util.PropertyPermission.<init>(java.lang.String,int)",java.util.PropertyPermission,<init>,PropertyPermission.java,,NOT_IN_CACHE,False,Not In Cache,N/A,False,
java.util.PropertyPermission.equals(java.lang.Object),java.util.PropertyPermission,equals,PropertyPermission.java,Pure,NOT_IN_CACHE,True,Not In Cache,N/A,False,
java.util.PropertyPermission.getActions(),java.util.PropertyPermission,getActions,PropertyPermission.java,,NOT_IN_CACHE,False,Not In Cache,N/A,False,
java.util.PropertyPermission.getActions(int),java.util.PropertyPermission,getActions,PropertyPermission.java,,NOT_IN_CACHE,False,Not In Cache,N/A,False,
java.util.PropertyPermission.getMask(),java.util.PropertyPermission,getMask,PropertyPermission.java,,NOT_IN_CACHE,False,Not In Cache,N/A,False,
java.util.PropertyPermission.getMask(java.lang.String),java.util.PropertyPermission,getMask,PropertyPermission.java,,NOT_IN_CACHE,False,Not In Cache,N/A,False,
java.util.PropertyPermission.hashCode(),java.util.PropertyPermission,hashCode,PropertyPermission.java,Pure,NOT_IN_CACHE,True,Not In Cache,N/A,False,
java.util.PropertyPermission.implies(java.util.Permission),java.util.PropertyPermission,implies,PropertyPermission.java,,NOT_IN_CACHE,False,Not In Cache,N/A,False,
java.util.PropertyPermission.newPermissionCollection(),java.util.PropertyPermission,newPermissionCollection,PropertyPermission.java,,NOT_IN_CACHE,False,Not In Cache,N/A,False,
java.util.PropertyPermission.readObject(java.util.java$io$ObjectInputStream),java.util.PropertyPermission,readObject,PropertyPermission.java,,NOT_IN_CACHE,False,Not In Cache,N/A,False,
java.util.PropertyPermission.writeObject(java.util.java$io$ObjectOutputStream),java.util.PropertyPermission,writeObject,PropertyPermission.java,,NOT_IN_CACHE,False,Not In Cache,N/A,False,
java.util.PropertyPermissionCollection.<init>(),java.util.PropertyPermissionCollection,<init>,PropertyPermission.java,,NOT_IN_CACHE,False,Not In Cache,N/A,False,
java.util.PropertyPermissionCollection.add(java.util.Permission),java.util.PropertyPermissionCollection,add,PropertyPermission.java,,NOT_IN_CACHE,False,Not In Cache,N/A,False,
java.util.PropertyPermissionCollection.elements(),java.util.PropertyPermissionCollection,elements,PropertyPermission.java,,NOT_IN_CACHE,False,Not In Cache,N/A,False,
java.util.PropertyPermissionCollection.implies(java.util.Permission),java.util.PropertyPermissionCollection,implies,PropertyPermission.java,,NOT_IN_CACHE,False,Not In Cache,N/A,False,
java.util.PropertyPermissionCollection.readObject(java.io.ObjectInputStream),java.util.PropertyPermissionCollection,readObject,PropertyPermission.java,,NOT_IN_CACHE,False,Not In Cache,N/A,False,
java.util.PropertyPermissionCollection.writeObject(java.io.ObjectOutputStream),java.util.PropertyPermissionCollection,writeObject,PropertyPermission.java,,NOT_IN_CACHE,False,Not In Cache,N/A,False,
java.util.RegularEnumSet$EnumSetIterator.<init>(),java.util.RegularEnumSet$EnumSetIterator,<init>,RegularEnumSet.java,,NOT_IN_CACHE,False,Not In Cache,N/A,False,
java.util.RegularEnumSet$EnumSetIterator.hasNext(),java.util.RegularEnumSet$EnumSetIterator,hasNext,RegularEnumSet.java,Pure,NOT_IN_CACHE,False,Not In Cache,N/A,False,
java.util.RegularEnumSet$EnumSetIterator.next(),java.util.RegularEnumSet$EnumSetIterator,next,RegularEnumSet.java,,NOT_IN_CACHE,False,Not In Cache,N/A,False,
java.util.RegularEnumSet$EnumSetIterator.remove(),java.util.RegularEnumSet$EnumSetIterator,remove,RegularEnumSet.java,,NOT_IN_CACHE,False,Not In Cache,N/A,False,
"java.util.RegularEnumSet.<init>(java.util.ClasselementType,java.lang.Enum[])",java.util.RegularEnumSet,<init>,RegularEnumSet.java,,NOT_IN_CACHE,False,Not In Cache,N/A,False,
java.util.RegularEnumSet.add(java.lang.Object),java.util.RegularEnumSet,add,RegularEnumSet.java,,NOT_IN_CACHE,False,Not In Cache,N/A,False,
java.util.RegularEnumSet.addAll(),java.util.RegularEnumSet,addAll,RegularEnumSet.java,,NOT_IN_CACHE,False,Not In Cache,N/A,False,
java.util.RegularEnumSet.addAll(java.util.Collection),java.util.RegularEnumSet,addAll,RegularEnumSet.java,,NOT_IN_CACHE,False,Not In Cache,N/A,False,
"java.util.RegularEnumSet.addRange(java.lang.Object,java.lang.Object)",java.util.RegularEnumSet,addRange,RegularEnumSet.java,,NOT_IN_CACHE,False,Not In Cache,N/A,False,
java.util.RegularEnumSet.clear(),java.util.RegularEnumSet,clear,RegularEnumSet.java,,NOT_IN_CACHE,False,Not In Cache,N/A,False,
java.util.RegularEnumSet.complement(),java.util.RegularEnumSet,complement,RegularEnumSet.java,,NOT_IN_CACHE,False,Not In Cache,N/A,False,
java.util.RegularEnumSet.contains(java.lang.Object),java.util.RegularEnumSet,contains,RegularEnumSet.java,Pure,NOT_IN_CACHE,False,Not In Cache,N/A,False,
java.util.RegularEnumSet.containsAll(java.util.Collection),java.util.RegularEnumSet,containsAll,RegularEnumSet.java,Pure,NOT_IN_CACHE,False,Not In Cache,N/A,False,
java.util.RegularEnumSet.equals(java.lang.Object),java.util.RegularEnumSet,equals,RegularEnumSet.java,Pure,NOT_IN_CACHE,False,Not In Cache,N/A,False,
java.util.RegularEnumSet.isEmpty(),java.util.RegularEnumSet,isEmpty,RegularEnumSet.java,Pure,NOT_IN_CACHE,False,Not In Cache,N/A,False,
java.util.RegularEnumSet.iterator(),java.util.RegularEnumSet,iterator,RegularEnumSet.java,,NOT_IN_CACHE,False,Not In Cache,N/A,False,
java.util.RegularEnumSet.remove(java.lang.Object),java.util.RegularEnumSet,remove,RegularEnumSet.java,,NOT_IN_CACHE,False,Not In Cache,N/A,False,
java.util.RegularEnumSet.removeAll(java.util.Collection),java.util.RegularEnumSet,removeAll,RegularEnumSet.java,,NOT_IN_CACHE,False,Not In Cache,N/A,False,
java.util.RegularEnumSet.retainAll(java.util.Collection),java.util.RegularEnumSet,retainAll,RegularEnumSet.java,,NOT_IN_CACHE,False,Not In Cache,N/A,False,
java.util.RegularEnumSet.size(),java.util.RegularEnumSet,size,RegularEnumSet.java,Pure,NOT_IN_CACHE,False,Not In Cache,N/A,False,
"java.util.ResourceBundle$BundleReference.<init>(java.util.ResourceBundle,java.lang.ref.ReferenceQueue,java.util.CacheKey)",java.util.ResourceBundle$BundleReference,<init>,ResourceBundle.java,,NOT_IN_CACHE,False,Not In Cache,N/A,False,
java.util.ResourceBundle$BundleReference.getCacheKey(),java.util.ResourceBundle$BundleReference,getCacheKey,ResourceBundle.java,,NOT_IN_CACHE,False,Not In Cache,N/A,False,
"java.util.ResourceBundle$CacheKey.<init>(java.lang.String,java.util.Locale,java.util.Module,java.util.Module)",java.util.ResourceBundle$CacheKey,<init>,ResourceBundle.java,,NOT_IN_CACHE,False,Not In Cache,N/A,False,
java.util.ResourceBundle$CacheKey.<init>(java.util.CacheKey),java.util.ResourceBundle$CacheKey,<init>,ResourceBundle.java,,NOT_IN_CACHE,False,Not In Cache,N/A,False,
java.util.ResourceBundle$CacheKey.callerHasProvider(),java.util.ResourceBundle$CacheKey,callerHasProvider,ResourceBundle.java,,NOT_IN_CACHE,False,Not In Cache,N/A,False,
java.util.ResourceBundle$CacheKey.equals(java.lang.Object),java.util.ResourceBundle$CacheKey,equals,ResourceBundle.java,,NOT_IN_CACHE,False,Not In Cache,N/A,False,
java.util.ResourceBundle$CacheKey.getCallerModule(),java.util.ResourceBundle$CacheKey,getCallerModule,ResourceBundle.java,,NOT_IN_CACHE,False,Not In Cache,N/A,False,
java.util.ResourceBundle$CacheKey.getCause(),java.util.ResourceBundle$CacheKey,getCause,ResourceBundle.java,,NOT_IN_CACHE,False,Not In Cache,N/A,False,
java.util.ResourceBundle$CacheKey.getFormat(),java.util.ResourceBundle$CacheKey,getFormat,ResourceBundle.java,,NOT_IN_CACHE,False,Not In Cache,N/A,False,
java.util.ResourceBundle$CacheKey.getLocale(),java.util.ResourceBundle$CacheKey,getLocale,ResourceBundle.java,,NOT_IN_CACHE,False,Not In Cache,N/A,False,
java.util.ResourceBundle$CacheKey.getModule(),java.util.ResourceBundle$CacheKey,getModule,ResourceBundle.java,,NOT_IN_CACHE,False,Not In Cache,N/A,False,
java.util.ResourceBundle$CacheKey.getName(),java.util.ResourceBundle$CacheKey,getName,ResourceBundle.java,,NOT_IN_CACHE,False,Not In Cache,N/A,False,
java.util.ResourceBundle$CacheKey.getProviders(),java.util.ResourceBundle$CacheKey,getProviders,ResourceBundle.java,,NOT_IN_CACHE,False,Not In Cache,N/A,False,
java.util.ResourceBundle$CacheKey.hasProviders(),java.util.ResourceBundle$CacheKey,hasProviders,ResourceBundle.java,,NOT_IN_CACHE,False,Not In Cache,N/A,False,
java.util.ResourceBundle$CacheKey.hashCode(),java.util.ResourceBundle$CacheKey,hashCode,ResourceBundle.java,,NOT_IN_CACHE,False,Not In Cache,N/A,False,
java.util.ResourceBundle$CacheKey.setCause(java.lang.Throwable),java.util.ResourceBundle$CacheKey,setCause,ResourceBundle.java,,NOT_IN_CACHE,False,Not In Cache,N/A,False,
java.util.ResourceBundle$CacheKey.setFormat(java.lang.String),java.util.ResourceBundle$CacheKey,setFormat,ResourceBundle.java,,NOT_IN_CACHE,False,Not In Cache,N/A,False,
java.util.ResourceBundle$CacheKey.setLocale(java.util.Locale),java.util.ResourceBundle$CacheKey,setLocale,ResourceBundle.java,,NOT_IN_CACHE,False,Not In Cache,N/A,False,
java.util.ResourceBundle$CacheKey.toString(),java.util.ResourceBundle$CacheKey,toString,ResourceBundle.java,,NOT_IN_CACHE,False,Not In Cache,N/A,False,
java.util.ResourceBundle$CacheKeyReference.getCacheKey(),java.util.ResourceBundle$CacheKeyReference,getCacheKey,ResourceBundle.java,,NOT_IN_CACHE,False,Not In Cache,N/A,False,
java.util.ResourceBundle$Control$CandidateListCache.createObject(sun.util.locale.BaseLocale),java.util.ResourceBundle$Control$CandidateListCache,createObject,ResourceBundle.java,,NOT_IN_CACHE,False,Not In Cache,N/A,False,
"java.util.ResourceBundle$Control$CandidateListCache.getDefaultList(java.lang.String,java.lang.String,java.lang.String,java.lang.String)",java.util.ResourceBundle$Control$CandidateListCache,getDefaultList,ResourceBundle.java,,NOT_IN_CACHE,False,Not In Cache,N/A,False,
java.util.ResourceBundle$Control.<init>(),java.util.ResourceBundle$Control,<init>,ResourceBundle.java,,NOT_IN_CACHE,False,Not In Cache,N/A,False,
java.util.ResourceBundle$Control.Control(),java.util.ResourceBundle$Control,Control,ResourceBundle.java,,NOT_IN_CACHE,False,Not In Cache,N/A,False,
"java.util.ResourceBundle$Control.getCandidateLocales(java.lang.String,java.util.Locale)",java.util.ResourceBundle$Control,getCandidateLocales,ResourceBundle.java,,NOT_IN_CACHE,False,Not In Cache,N/A,False,
java.util.ResourceBundle$Control.getControl(java.util.List),java.util.ResourceBundle$Control,getControl,ResourceBundle.java,,NOT_IN_CACHE,False,Not In Cache,N/A,False,
"java.util.ResourceBundle$Control.getFallbackLocale(java.lang.String,java.util.Locale)",java.util.ResourceBundle$Control,getFallbackLocale,ResourceBundle.java,,NOT_IN_CACHE,False,Not In Cache,N/A,False,
java.util.ResourceBundle$Control.getFormats(java.lang.String),java.util.ResourceBundle$Control,getFormats,ResourceBundle.java,,NOT_IN_CACHE,False,Not In Cache,N/A,False,
java.util.ResourceBundle$Control.getNoFallbackControl(java.util.List),java.util.ResourceBundle$Control,getNoFallbackControl,ResourceBundle.java,,NOT_IN_CACHE,False,Not In Cache,N/A,False,
"java.util.ResourceBundle$Control.getTimeToLive(java.lang.String,java.util.Locale)",java.util.ResourceBundle$Control,getTimeToLive,ResourceBundle.java,,NOT_IN_CACHE,False,Not In Cache,N/A,False,
"java.util.ResourceBundle$Control.needsReload(java.lang.String,java.util.Locale,java.lang.String,java.lang.ClassLoader,java.util.ResourceBundle,long)",java.util.ResourceBundle$Control,needsReload,ResourceBundle.java,,NOT_IN_CACHE,False,Not In Cache,N/A,False,
"java.util.ResourceBundle$Control.newBundle(java.lang.String,java.util.Locale,java.lang.String,java.lang.ClassLoader,boolean)",java.util.ResourceBundle$Control,newBundle,ResourceBundle.java,,NOT_IN_CACHE,False,Not In Cache,N/A,False,
"java.util.ResourceBundle$Control.newBundle0(java.lang.String,java.lang.String,java.lang.ClassLoader,boolean)",java.util.ResourceBundle$Control,newBundle0,ResourceBundle.java,,NOT_IN_CACHE,False,Not In Cache,N/A,False,
java.util.ResourceBundle$Control.run(),java.util.ResourceBundle$Control,run,ResourceBundle.java,,NOT_IN_CACHE,False,Not In Cache,N/A,False,
"java.util.ResourceBundle$Control.toBundleName(java.lang.String,java.util.Locale)",java.util.ResourceBundle$Control,toBundleName,ResourceBundle.java,,NOT_IN_CACHE,False,Not In Cache,N/A,False,
"java.util.ResourceBundle$Control.toResourceName(java.lang.String,java.lang.String)",java.util.ResourceBundle$Control,toResourceName,ResourceBundle.java,,NOT_IN_CACHE,False,Not In Cache,N/A,False,
"java.util.ResourceBundle$Control.toResourceName0(java.lang.String,java.lang.String)",java.util.ResourceBundle$Control,toResourceName0,ResourceBundle.java,,NOT_IN_CACHE,False,Not In Cache,N/A,False,
"java.util.ResourceBundle$KeyElementReference.<init>(java.lang.Object,java.lang.ref.ReferenceQueue,java.util.CacheKey)",java.util.ResourceBundle$KeyElementReference,<init>,ResourceBundle.java,,NOT_IN_CACHE,False,Not In Cache,N/A,False,
java.util.ResourceBundle$KeyElementReference.getCacheKey(),java.util.ResourceBundle$KeyElementReference,getCacheKey,ResourceBundle.java,,NOT_IN_CACHE,False,Not In Cache,N/A,False,
java.util.ResourceBundle$NoFallbackControl.<init>(java.util.List),java.util.ResourceBundle$NoFallbackControl,<init>,ResourceBundle.java,,NOT_IN_CACHE,False,Not In Cache,N/A,False,
java.util.ResourceBundle$NoFallbackControl.NoFallbackControl(java.util.FORMAT_CLASS),java.util.ResourceBundle$NoFallbackControl,NoFallbackControl,ResourceBundle.java,,NOT_IN_CACHE,False,Not In Cache,N/A,False,
java.util.ResourceBundle$NoFallbackControl.NoFallbackControl(java.util.FORMAT_DEFAULT),java.util.ResourceBundle$NoFallbackControl,NoFallbackControl,ResourceBundle.java,,NOT_IN_CACHE,False,Not In Cache,N/A,False,
java.util.ResourceBundle$NoFallbackControl.NoFallbackControl(java.util.FORMAT_PROPERTIES),java.util.ResourceBundle$NoFallbackControl,NoFallbackControl,ResourceBundle.java,,NOT_IN_CACHE,False,Not In Cache,N/A,False,
"java.util.ResourceBundle$NoFallbackControl.getFallbackLocale(java.lang.String,java.util.Locale)",java.util.ResourceBundle$NoFallbackControl,getFallbackLocale,ResourceBundle.java,,NOT_IN_CACHE,False,Not In Cache,N/A,False,
java.util.ResourceBundle$ResourceBundleControlProviderHolder.getControl(java.lang.String),java.util.ResourceBundle$ResourceBundleControlProviderHolder,getControl,ResourceBundle.java,,NOT_IN_CACHE,False,Not In Cache,N/A,False,
"java.util.ResourceBundle$ResourceBundleProviderHelper.isAccessible(java.util.Module,java.util.Module,java.lang.String)",java.util.ResourceBundle$ResourceBundleProviderHelper,isAccessible,ResourceBundle.java,,NOT_IN_CACHE,False,Not In Cache,N/A,False,
"java.util.ResourceBundle$ResourceBundleProviderHelper.loadPropertyResourceBundle(java.util.Module,java.util.Module,java.lang.String,java.util.Locale)",java.util.ResourceBundle$ResourceBundleProviderHelper,loadPropertyResourceBundle,ResourceBundle.java,,NOT_IN_CACHE,False,Not In Cache,N/A,False,
"java.util.ResourceBundle$ResourceBundleProviderHelper.loadResourceBundle(java.util.Module,java.util.Module,java.lang.String,java.util.Locale)",java.util.ResourceBundle$ResourceBundleProviderHelper,loadResourceBundle,ResourceBundle.java,,NOT_IN_CACHE,False,Not In Cache,N/A,False,
java.util.ResourceBundle$ResourceBundleProviderHelper.newResourceBundle(java.lang.Class),java.util.ResourceBundle$ResourceBundleProviderHelper,newResourceBundle,ResourceBundle.java,,NOT_IN_CACHE,False,Not In Cache,N/A,False,
java.util.ResourceBundle$ResourceBundleProviderHelper.toPackageName(java.lang.String),java.util.ResourceBundle$ResourceBundleProviderHelper,toPackageName,ResourceBundle.java,,NOT_IN_CACHE,False,Not In Cache,N/A,False,
java.util.ResourceBundle$SingleFormatControl.<init>(java.util.List),java.util.ResourceBundle$SingleFormatControl,<init>,ResourceBundle.java,,NOT_IN_CACHE,False,Not In Cache,N/A,False,
java.util.ResourceBundle$SingleFormatControl.SingleFormatControl(java.util.FORMAT_CLASS),java.util.ResourceBundle$SingleFormatControl,SingleFormatControl,ResourceBundle.java,,NOT_IN_CACHE,False,Not In Cache,N/A,False,
java.util.ResourceBundle$SingleFormatControl.SingleFormatControl(java.util.FORMAT_PROPERTIES),java.util.ResourceBundle$SingleFormatControl,SingleFormatControl,ResourceBundle.java,,NOT_IN_CACHE,False,Not In Cache,N/A,False,
java.util.ResourceBundle$SingleFormatControl.getFormats(java.lang.String),java.util.ResourceBundle$SingleFormatControl,getFormats,ResourceBundle.java,,NOT_IN_CACHE,False,Not In Cache,N/A,False,
java.util.ResourceBundle.<init>(),java.util.ResourceBundle,<init>,ResourceBundle.java,,NOT_IN_CACHE,False,Not In Cache,N/A,False,
java.util.ResourceBundle.ResourceBundle(),java.util.ResourceBundle,ResourceBundle,ResourceBundle.java,,NOT_IN_CACHE,False,Not In Cache,N/A,False,
java.util.ResourceBundle.checkList(java.util.List),java.util.ResourceBundle,checkList,ResourceBundle.java,,NOT_IN_CACHE,False,Not In Cache,N/A,False,
java.util.ResourceBundle.checkNamedModule(java.lang.Class),java.util.ResourceBundle,checkNamedModule,ResourceBundle.java,,NOT_IN_CACHE,False,Not In Cache,N/A,False,
java.util.ResourceBundle.clearCache(),java.util.ResourceBundle,clearCache,ResourceBundle.java,,NOT_IN_CACHE,False,Not In Cache,N/A,False,
java.util.ResourceBundle.clearCache(java.lang.ClassLoader),java.util.ResourceBundle,clearCache,ResourceBundle.java,,NOT_IN_CACHE,False,Not In Cache,N/A,False,
java.util.ResourceBundle.containsKey(java.lang.String),java.util.ResourceBundle,containsKey,ResourceBundle.java,Pure,NOT_IN_CACHE,True,Not In Cache,N/A,False,
"java.util.ResourceBundle.findBundle(java.util.Module,java.util.Module,java.util.CacheKey,java.util.List,java.util.List,int,java.util.Control,java.util.ResourceBundle)",java.util.ResourceBundle,findBundle,ResourceBundle.java,,NOT_IN_CACHE,False,Not In Cache,N/A,False,
"java.util.ResourceBundle.findBundleInCache(java.util.CacheKey,java.util.Control)",java.util.ResourceBundle,findBundleInCache,ResourceBundle.java,,NOT_IN_CACHE,False,Not In Cache,N/A,False,
java.util.ResourceBundle.getBaseBundleName(),java.util.ResourceBundle,getBaseBundleName,ResourceBundle.java,,NOT_IN_CACHE,False,Not In Cache,N/A,False,
java.util.ResourceBundle.getBundle(java.lang.String),java.util.ResourceBundle,getBundle,ResourceBundle.java,,NOT_IN_CACHE,False,Not In Cache,N/A,False,
"java.util.ResourceBundle.getBundle(java.lang.String,java.util.Control)",java.util.ResourceBundle,getBundle,ResourceBundle.java,,NOT_IN_CACHE,False,Not In Cache,N/A,False,
"java.util.ResourceBundle.getBundle(java.lang.String,java.util.Locale)",java.util.ResourceBundle,getBundle,ResourceBundle.java,,NOT_IN_CACHE,False,Not In Cache,N/A,False,
"java.util.ResourceBundle.getBundle(java.lang.String,java.util.Locale,java.lang.ClassLoader)",java.util.ResourceBundle,getBundle,ResourceBundle.java,,NOT_IN_CACHE,False,Not In Cache,N/A,False,
"java.util.ResourceBundle.getBundle(java.lang.String,java.util.Locale,java.lang.ClassLoader,java.util.Control)",java.util.ResourceBundle,getBundle,ResourceBundle.java,,NOT_IN_CACHE,False,Not In Cache,N/A,False,
"java.util.ResourceBundle.getBundle(java.lang.String,java.util.Locale,java.util.Control)",java.util.ResourceBundle,getBundle,ResourceBundle.java,,NOT_IN_CACHE,False,Not In Cache,N/A,False,
"java.util.ResourceBundle.getBundle(java.lang.String,java.util.Locale,java.util.Module)",java.util.ResourceBundle,getBundle,ResourceBundle.java,,NOT_IN_CACHE,False,Not In Cache,N/A,False,
"java.util.ResourceBundle.getBundle(java.lang.String,java.util.Module)",java.util.ResourceBundle,getBundle,ResourceBundle.java,,NOT_IN_CACHE,False,Not In Cache,N/A,False,
"java.util.ResourceBundle.getBundleFromModule(java.lang.Class,java.util.Module,java.lang.String,java.util.Locale,java.util.Control)",java.util.ResourceBundle,getBundleFromModule,ResourceBundle.java,,NOT_IN_CACHE,False,Not In Cache,N/A,False,
"java.util.ResourceBundle.getBundleImpl(java.lang.String,java.util.Locale,java.lang.Class,java.lang.ClassLoader,java.util.Control)",java.util.ResourceBundle,getBundleImpl,ResourceBundle.java,,NOT_IN_CACHE,False,Not In Cache,N/A,False,
"java.util.ResourceBundle.getBundleImpl(java.lang.String,java.util.Locale,java.lang.Class,java.util.Control)",java.util.ResourceBundle,getBundleImpl,ResourceBundle.java,,NOT_IN_CACHE,False,Not In Cache,N/A,False,
"java.util.ResourceBundle.getBundleImpl(java.util.Module,java.util.Module,java.lang.String,java.util.Locale,java.util.Control)",java.util.ResourceBundle,getBundleImpl,ResourceBundle.java,,NOT_IN_CACHE,False,Not In Cache,N/A,False,
java.util.ResourceBundle.getCallerModule(java.lang.Class),java.util.ResourceBundle,getCallerModule,ResourceBundle.java,,NOT_IN_CACHE,False,Not In Cache,N/A,False,
"java.util.ResourceBundle.getDefaultControl(java.lang.Class,java.lang.String)",java.util.ResourceBundle,getDefaultControl,ResourceBundle.java,,NOT_IN_CACHE,False,Not In Cache,N/A,False,
"java.util.ResourceBundle.getDefaultControl(java.util.Module,java.lang.String)",java.util.ResourceBundle,getDefaultControl,ResourceBundle.java,,NOT_IN_CACHE,False,Not In Cache,N/A,False,
java.util.ResourceBundle.getKeys(),java.util.ResourceBundle,getKeys,ResourceBundle.java,SideEffectFree,NOT_IN_CACHE,True,Not In Cache,N/A,False,
java.util.ResourceBundle.getLoader(java.util.Module),java.util.ResourceBundle,getLoader,ResourceBundle.java,,NOT_IN_CACHE,False,Not In Cache,N/A,False,
java.util.ResourceBundle.getLoaderForControl(java.util.Module),java.util.ResourceBundle,getLoaderForControl,ResourceBundle.java,,NOT_IN_CACHE,False,Not In Cache,N/A,False,
java.util.ResourceBundle.getLocale(),java.util.ResourceBundle,getLocale,ResourceBundle.java,,NOT_IN_CACHE,False,Not In Cache,N/A,False,
java.util.ResourceBundle.getObject(java.lang.String),java.util.ResourceBundle,getObject,ResourceBundle.java,,NOT_IN_CACHE,False,Not In Cache,N/A,False,
java.util.ResourceBundle.getObject(java.util.key),java.util.ResourceBundle,getObject,ResourceBundle.java,,NOT_IN_CACHE,False,Not In Cache,N/A,False,
java.util.ResourceBundle.getParent(java.util.ResourceBundle),java.util.ResourceBundle,getParent,ResourceBundle.java,,NOT_IN_CACHE,False,Not In Cache,N/A,False,
"java.util.ResourceBundle.getServiceLoader(java.util.Module,java.lang.String)",java.util.ResourceBundle,getServiceLoader,ResourceBundle.java,,NOT_IN_CACHE,False,Not In Cache,N/A,False,
java.util.ResourceBundle.getString(java.lang.String),java.util.ResourceBundle,getString,ResourceBundle.java,,NOT_IN_CACHE,False,Not In Cache,N/A,False,
java.util.ResourceBundle.getStringArray(java.lang.String),java.util.ResourceBundle,getStringArray,ResourceBundle.java,,NOT_IN_CACHE,False,Not In Cache,N/A,False,
java.util.ResourceBundle.handleGetObject(java.lang.String),java.util.ResourceBundle,handleGetObject,ResourceBundle.java,,NOT_IN_CACHE,False,Not In Cache,N/A,False,
java.util.ResourceBundle.handleKeySet(),java.util.ResourceBundle,handleKeySet,ResourceBundle.java,,NOT_IN_CACHE,False,Not In Cache,N/A,False,
java.util.ResourceBundle.hasValidParentChain(java.util.ResourceBundle),java.util.ResourceBundle,hasValidParentChain,ResourceBundle.java,,NOT_IN_CACHE,False,Not In Cache,N/A,False,
java.util.ResourceBundle.isValidBundle(java.util.ResourceBundle),java.util.ResourceBundle,isValidBundle,ResourceBundle.java,,NOT_IN_CACHE,False,Not In Cache,N/A,False,
java.util.ResourceBundle.keySet(),java.util.ResourceBundle,keySet,ResourceBundle.java,SideEffectFree,NOT_IN_CACHE,True,Not In Cache,N/A,False,
"java.util.ResourceBundle.loadBundle(java.util.CacheKey,java.util.List,java.util.Control,boolean)",java.util.ResourceBundle,loadBundle,ResourceBundle.java,,NOT_IN_CACHE,False,Not In Cache,N/A,False,
"java.util.ResourceBundle.loadBundle(java.util.CacheKey,java.util.List,java.util.Control,java.util.Module,java.util.Module)",java.util.ResourceBundle,loadBundle,ResourceBundle.java,,NOT_IN_CACHE,False,Not In Cache,N/A,False,
"java.util.ResourceBundle.loadBundleFromProviders(java.lang.String,java.util.Locale,java.util.ServiceLoader,java.util.CacheKey)",java.util.ResourceBundle,loadBundleFromProviders,ResourceBundle.java,,NOT_IN_CACHE,False,Not In Cache,N/A,False,
java.util.ResourceBundle.newResourceBundle(java.lang.Class),java.util.ResourceBundle,newResourceBundle,ResourceBundle.java,,NOT_IN_CACHE,False,Not In Cache,N/A,False,
"java.util.ResourceBundle.putBundleInCache(java.util.CacheKey,java.util.ResourceBundle,java.util.Control)",java.util.ResourceBundle,putBundleInCache,ResourceBundle.java,,NOT_IN_CACHE,False,Not In Cache,N/A,False,
java.util.ResourceBundle.run(),java.util.ResourceBundle,run,ResourceBundle.java,,NOT_IN_CACHE,False,Not In Cache,N/A,False,
"java.util.ResourceBundle.setExpirationTime(java.util.CacheKey,java.util.Control)",java.util.ResourceBundle,setExpirationTime,ResourceBundle.java,,NOT_IN_CACHE,False,Not In Cache,N/A,False,
"java.util.ResourceBundle.setLocale(java.util.ResourceBundle,java.util.Locale)",java.util.ResourceBundle,setLocale,ResourceBundle.java,,NOT_IN_CACHE,False,Not In Cache,N/A,False,
"java.util.ResourceBundle.setName(java.util.ResourceBundle,java.lang.String)",java.util.ResourceBundle,setName,ResourceBundle.java,,NOT_IN_CACHE,False,Not In Cache,N/A,False,
java.util.ResourceBundle.setParent(java.util.ResourceBundle),java.util.ResourceBundle,setParent,ResourceBundle.java,,NOT_IN_CACHE,False,Not In Cache,N/A,False,
"java.util.ResourceBundle.setParent(java.util.ResourceBundle,java.util.ResourceBundle)",java.util.ResourceBundle,setParent,ResourceBundle.java,,NOT_IN_CACHE,False,Not In Cache,N/A,False,
"java.util.ResourceBundle.throwMissingResourceException(java.lang.String,java.util.Locale,java.lang.Throwable)",java.util.ResourceBundle,throwMissingResourceException,ResourceBundle.java,,NOT_IN_CACHE,False,Not In Cache,N/A,False,
java.util.ResourceBundle.toString(),java.util.ResourceBundle,toString,ResourceBundle.java,,NOT_IN_CACHE,False,Not In Cache,N/A,False,
"java.util.ResourceBundle.trace(java.lang.String,java.lang.Object[])",java.util.ResourceBundle,trace,ResourceBundle.java,,NOT_IN_CACHE,False,Not In Cache,N/A,False,
java.util.ResourceBundle.uncheckedThrow(java.lang.Throwable),java.util.ResourceBundle,uncheckedThrow,ResourceBundle.java,,NOT_IN_CACHE,False,Not In Cache,N/A,False,
java.util.Scanner$FindSpliterator.<init>(java.util.Pattern),java.util.Scanner$FindSpliterator,<init>,Scanner.java,,NOT_IN_CACHE,False,Not In Cache,N/A,False,
java.util.Scanner$FindSpliterator.nextInBuffer(),java.util.Scanner$FindSpliterator,nextInBuffer,Scanner.java,,NOT_IN_CACHE,False,Not In Cache,N/A,False,
java.util.Scanner$FindSpliterator.tryAdvance(java.util.function.Consumer),java.util.Scanner$FindSpliterator,tryAdvance,Scanner.java,,NOT_IN_CACHE,False,Not In Cache,N/A,False,
java.util.Scanner$PatternLRUCache.<init>(int),java.util.Scanner$PatternLRUCache,<init>,Scanner.java,,NOT_IN_CACHE,False,Not In Cache,N/A,False,
java.util.Scanner$PatternLRUCache.forName(java.lang.String),java.util.Scanner$PatternLRUCache,forName,Scanner.java,,NOT_IN_CACHE,False,Not In Cache,N/A,False,
"java.util.Scanner$PatternLRUCache.hasName(java.util.Pattern,java.lang.String)",java.util.Scanner$PatternLRUCache,hasName,Scanner.java,,NOT_IN_CACHE,False,Not In Cache,N/A,False,
"java.util.Scanner$PatternLRUCache.moveToFront(java.lang.Object[],int)",java.util.Scanner$PatternLRUCache,moveToFront,Scanner.java,,NOT_IN_CACHE,False,Not In Cache,N/A,False,
java.util.Scanner$TokenSpliterator.<init>(),java.util.Scanner$TokenSpliterator,<init>,Scanner.java,,NOT_IN_CACHE,False,Not In Cache,N/A,False,
java.util.Scanner$TokenSpliterator.tryAdvance(java.util.function.Consumer),java.util.Scanner$TokenSpliterator,tryAdvance,Scanner.java,,NOT_IN_CACHE,False,Not In Cache,N/A,False,
java.util.Scanner.<init>(java.lang.String),java.util.Scanner,<init>,Scanner.java,,NOT_IN_CACHE,False,Not In Cache,N/A,False,
java.util.Scanner.<init>(java.nio.file.Path),java.util.Scanner,<init>,Scanner.java,,NOT_IN_CACHE,False,Not In Cache,N/A,False,
"java.util.Scanner.<init>(java.nio.file.Path,java.lang.String)",java.util.Scanner,<init>,Scanner.java,,NOT_IN_CACHE,False,Not In Cache,N/A,False,
"java.util.Scanner.<init>(java.nio.file.Path,java.util.Charset)",java.util.Scanner,<init>,Scanner.java,,NOT_IN_CACHE,False,Not In Cache,N/A,False,
java.util.Scanner.<init>(java.util.File),java.util.Scanner,<init>,Scanner.java,,NOT_IN_CACHE,False,Not In Cache,N/A,False,
"java.util.Scanner.<init>(java.util.File,java.lang.String)",java.util.Scanner,<init>,Scanner.java,,NOT_IN_CACHE,False,Not In Cache,N/A,False,
"java.util.Scanner.<init>(java.util.File,java.util.Charset)",java.util.Scanner,<init>,Scanner.java,,NOT_IN_CACHE,False,Not In Cache,N/A,False,
"java.util.Scanner.<init>(java.util.File,java.util.CharsetDecoder)",java.util.Scanner,<init>,Scanner.java,,NOT_IN_CACHE,False,Not In Cache,N/A,False,
java.util.Scanner.<init>(java.util.InputStream),java.util.Scanner,<init>,Scanner.java,,NOT_IN_CACHE,False,Not In Cache,N/A,False,
"java.util.Scanner.<init>(java.util.InputStream,java.lang.String)",java.util.Scanner,<init>,Scanner.java,,NOT_IN_CACHE,False,Not In Cache,N/A,False,
"java.util.Scanner.<init>(java.util.InputStream,java.util.Charset)",java.util.Scanner,<init>,Scanner.java,,NOT_IN_CACHE,False,Not In Cache,N/A,False,
java.util.Scanner.<init>(java.util.Readable),java.util.Scanner,<init>,Scanner.java,,NOT_IN_CACHE,False,Not In Cache,N/A,False,
"java.util.Scanner.<init>(java.util.Readable,java.util.Pattern)",java.util.Scanner,<init>,Scanner.java,,NOT_IN_CACHE,False,Not In Cache,N/A,False,
java.util.Scanner.<init>(java.util.ReadableByteChannel),java.util.Scanner,<init>,Scanner.java,,NOT_IN_CACHE,False,Not In Cache,N/A,False,
"java.util.Scanner.<init>(java.util.ReadableByteChannel,java.lang.String)",java.util.Scanner,<init>,Scanner.java,,NOT_IN_CACHE,False,Not In Cache,N/A,False,
"java.util.Scanner.<init>(java.util.ReadableByteChannel,java.util.Charset)",java.util.Scanner,<init>,Scanner.java,,NOT_IN_CACHE,False,Not In Cache,N/A,False,
java.util.Scanner.FindSpliterator(java.util.pattern),java.util.Scanner,FindSpliterator,Scanner.java,,NOT_IN_CACHE,False,Not In Cache,N/A,False,
java.util.Scanner.TokenSpliterator(),java.util.Scanner,TokenSpliterator,Scanner.java,,NOT_IN_CACHE,False,Not In Cache,N/A,False,
java.util.Scanner.boolPattern(),java.util.Scanner,boolPattern,Scanner.java,,NOT_IN_CACHE,False,Not In Cache,N/A,False,
java.util.Scanner.buildFloatAndDecimalPattern(),java.util.Scanner,buildFloatAndDecimalPattern,Scanner.java,,NOT_IN_CACHE,False,Not In Cache,N/A,False,
java.util.Scanner.buildIntegerPatternString(),java.util.Scanner,buildIntegerPatternString,Scanner.java,,NOT_IN_CACHE,False,Not In Cache,N/A,False,
java.util.Scanner.cacheResult(),java.util.Scanner,cacheResult,Scanner.java,,NOT_IN_CACHE,False,Not In Cache,N/A,False,
java.util.Scanner.cacheResult(java.lang.String),java.util.Scanner,cacheResult,Scanner.java,,NOT_IN_CACHE,False,Not In Cache,N/A,False,
java.util.Scanner.clearCaches(),java.util.Scanner,clearCaches,Scanner.java,,NOT_IN_CACHE,False,Not In Cache,N/A,False,
java.util.Scanner.close(),java.util.Scanner,close,Scanner.java,,NOT_IN_CACHE,False,Not In Cache,N/A,False,
java.util.Scanner.decimalPattern(),java.util.Scanner,decimalPattern,Scanner.java,,NOT_IN_CACHE,False,Not In Cache,N/A,False,
java.util.Scanner.delimiter(),java.util.Scanner,delimiter,Scanner.java,,NOT_IN_CACHE,False,Not In Cache,N/A,False,
java.util.Scanner.ensureOpen(),java.util.Scanner,ensureOpen,Scanner.java,,NOT_IN_CACHE,False,Not In Cache,N/A,False,
java.util.Scanner.findAll(java.lang.String),java.util.Scanner,findAll,Scanner.java,,NOT_IN_CACHE,False,Not In Cache,N/A,False,
java.util.Scanner.findAll(java.util.Pattern),java.util.Scanner,findAll,Scanner.java,,NOT_IN_CACHE,False,Not In Cache,N/A,False,
java.util.Scanner.findInLine(java.lang.String),java.util.Scanner,findInLine,Scanner.java,,NOT_IN_CACHE,False,Not In Cache,N/A,False,
java.util.Scanner.findInLine(java.util.Pattern),java.util.Scanner,findInLine,Scanner.java,,NOT_IN_CACHE,False,Not In Cache,N/A,False,
"java.util.Scanner.findPatternInBuffer(java.util.Pattern,int)",java.util.Scanner,findPatternInBuffer,Scanner.java,,NOT_IN_CACHE,False,Not In Cache,N/A,False,
"java.util.Scanner.findWithinHorizon(java.lang.String,int)",java.util.Scanner,findWithinHorizon,Scanner.java,,NOT_IN_CACHE,False,Not In Cache,N/A,False,
"java.util.Scanner.findWithinHorizon(java.util.Pattern,int)",java.util.Scanner,findWithinHorizon,Scanner.java,,NOT_IN_CACHE,False,Not In Cache,N/A,False,
java.util.Scanner.floatPattern(),java.util.Scanner,floatPattern,Scanner.java,,NOT_IN_CACHE,False,Not In Cache,N/A,False,
java.util.Scanner.getCachedResult(),java.util.Scanner,getCachedResult,Scanner.java,,NOT_IN_CACHE,False,Not In Cache,N/A,False,
java.util.Scanner.getCompleteTokenInBuffer(java.util.Pattern),java.util.Scanner,getCompleteTokenInBuffer,Scanner.java,,NOT_IN_CACHE,False,Not In Cache,N/A,False,
java.util.Scanner.hasNext(),java.util.Scanner,hasNext,Scanner.java,Pure,NOT_IN_CACHE,False,Not In Cache,N/A,False,
java.util.Scanner.hasNext(java.lang.String),java.util.Scanner,hasNext,Scanner.java,Pure,NOT_IN_CACHE,False,Not In Cache,N/A,False,
java.util.Scanner.hasNext(java.util.Pattern),java.util.Scanner,hasNext,Scanner.java,Pure,NOT_IN_CACHE,False,Not In Cache,N/A,False,
java.util.Scanner.hasNextBigDecimal(),java.util.Scanner,hasNextBigDecimal,Scanner.java,Pure,NOT_IN_CACHE,False,Not In Cache,N/A,False,
java.util.Scanner.hasNextBigInteger(),java.util.Scanner,hasNextBigInteger,Scanner.java,Pure,NOT_IN_CACHE,False,Not In Cache,N/A,False,
java.util.Scanner.hasNextBigInteger(int),java.util.Scanner,hasNextBigInteger,Scanner.java,Pure,NOT_IN_CACHE,False,Not In Cache,N/A,False,
"java.util.Scanner.hasNextBigInteger(java.util.(from =,java.util.to = 36) int)",java.util.Scanner,hasNextBigInteger,Scanner.java,,NOT_IN_CACHE,False,Not In Cache,N/A,False,
java.util.Scanner.hasNextBoolean(),java.util.Scanner,hasNextBoolean,Scanner.java,Pure,NOT_IN_CACHE,False,Not In Cache,N/A,False,
java.util.Scanner.hasNextByte(),java.util.Scanner,hasNextByte,Scanner.java,Pure,NOT_IN_CACHE,False,Not In Cache,N/A,False,
java.util.Scanner.hasNextByte(int),java.util.Scanner,hasNextByte,Scanner.java,Pure,NOT_IN_CACHE,False,Not In Cache,N/A,False,
"java.util.Scanner.hasNextByte(java.util.(from =,java.util.to = 36) int)",java.util.Scanner,hasNextByte,Scanner.java,,NOT_IN_CACHE,False,Not In Cache,N/A,False,
java.util.Scanner.hasNextDouble(),java.util.Scanner,hasNextDouble,Scanner.java,Pure,NOT_IN_CACHE,False,Not In Cache,N/A,False,
java.util.Scanner.hasNextFloat(),java.util.Scanner,hasNextFloat,Scanner.java,Pure,NOT_IN_CACHE,False,Not In Cache,N/A,False,
java.util.Scanner.hasNextInt(),java.util.Scanner,hasNextInt,Scanner.java,Pure,NOT_IN_CACHE,False,Not In Cache,N/A,False,
java.util.Scanner.hasNextInt(int),java.util.Scanner,hasNextInt,Scanner.java,Pure,NOT_IN_CACHE,False,Not In Cache,N/A,False,
"java.util.Scanner.hasNextInt(java.util.(from =,java.util.to = 36) int)",java.util.Scanner,hasNextInt,Scanner.java,,NOT_IN_CACHE,False,Not In Cache,N/A,False,
java.util.Scanner.hasNextLine(),java.util.Scanner,hasNextLine,Scanner.java,Pure,NOT_IN_CACHE,False,Not In Cache,N/A,False,
java.util.Scanner.hasNextLong(),java.util.Scanner,hasNextLong,Scanner.java,Pure,NOT_IN_CACHE,False,Not In Cache,N/A,False,
java.util.Scanner.hasNextLong(int),java.util.Scanner,hasNextLong,Scanner.java,Pure,NOT_IN_CACHE,False,Not In Cache,N/A,False,
"java.util.Scanner.hasNextLong(java.util.(from =,java.util.to = 36) int)",java.util.Scanner,hasNextLong,Scanner.java,,NOT_IN_CACHE,False,Not In Cache,N/A,False,
java.util.Scanner.hasNextShort(),java.util.Scanner,hasNextShort,Scanner.java,Pure,NOT_IN_CACHE,False,Not In Cache,N/A,False,
java.util.Scanner.hasNextShort(int),java.util.Scanner,hasNextShort,Scanner.java,Pure,NOT_IN_CACHE,False,Not In Cache,N/A,False,
"java.util.Scanner.hasNextShort(java.util.(from =,java.util.to = 36) int)",java.util.Scanner,hasNextShort,Scanner.java,,NOT_IN_CACHE,False,Not In Cache,N/A,False,
java.util.Scanner.hasTokenInBuffer(),java.util.Scanner,hasTokenInBuffer,Scanner.java,,NOT_IN_CACHE,False,Not In Cache,N/A,False,
java.util.Scanner.integerPattern(),java.util.Scanner,integerPattern,Scanner.java,,NOT_IN_CACHE,False,Not In Cache,N/A,False,
java.util.Scanner.ioException(),java.util.Scanner,ioException,Scanner.java,,NOT_IN_CACHE,False,Not In Cache,N/A,False,
java.util.Scanner.linePattern(),java.util.Scanner,linePattern,Scanner.java,,NOT_IN_CACHE,False,Not In Cache,N/A,False,
java.util.Scanner.locale(),java.util.Scanner,locale,Scanner.java,,NOT_IN_CACHE,False,Not In Cache,N/A,False,
"java.util.Scanner.makeReadable(java.nio.file.Path,java.util.Charset)",java.util.Scanner,makeReadable,Scanner.java,,NOT_IN_CACHE,False,Not In Cache,N/A,False,
"java.util.Scanner.makeReadable(java.util.InputStream,java.util.Charset)",java.util.Scanner,makeReadable,Scanner.java,,NOT_IN_CACHE,False,Not In Cache,N/A,False,
java.util.Scanner.makeReadable(java.util.ReadableByteChannel),java.util.Scanner,makeReadable,Scanner.java,,NOT_IN_CACHE,False,Not In Cache,N/A,False,
"java.util.Scanner.makeReadable(java.util.ReadableByteChannel,java.util.Charset)",java.util.Scanner,makeReadable,Scanner.java,,NOT_IN_CACHE,False,Not In Cache,N/A,False,
"java.util.Scanner.makeReadable(java.util.ReadableByteChannel,java.util.CharsetDecoder)",java.util.Scanner,makeReadable,Scanner.java,,NOT_IN_CACHE,False,Not In Cache,N/A,False,
java.util.Scanner.makeSpace(),java.util.Scanner,makeSpace,Scanner.java,,NOT_IN_CACHE,False,Not In Cache,N/A,False,
java.util.Scanner.match(),java.util.Scanner,match,Scanner.java,,NOT_IN_CACHE,False,Not In Cache,N/A,False,
java.util.Scanner.matchPatternInBuffer(java.util.Pattern),java.util.Scanner,matchPatternInBuffer,Scanner.java,,NOT_IN_CACHE,False,Not In Cache,N/A,False,
java.util.Scanner.next(),java.util.Scanner,next,Scanner.java,,NOT_IN_CACHE,False,Not In Cache,N/A,False,
java.util.Scanner.next(java.lang.String),java.util.Scanner,next,Scanner.java,,NOT_IN_CACHE,False,Not In Cache,N/A,False,
java.util.Scanner.next(java.util.Pattern),java.util.Scanner,next,Scanner.java,,NOT_IN_CACHE,False,Not In Cache,N/A,False,
java.util.Scanner.nextBigDecimal(),java.util.Scanner,nextBigDecimal,Scanner.java,,NOT_IN_CACHE,False,Not In Cache,N/A,False,
java.util.Scanner.nextBigInteger(),java.util.Scanner,nextBigInteger,Scanner.java,,NOT_IN_CACHE,False,Not In Cache,N/A,False,
"java.util.Scanner.nextBigInteger(java.util.(from =,java.util.to = 36) int)",java.util.Scanner,nextBigInteger,Scanner.java,,NOT_IN_CACHE,False,Not In Cache,N/A,False,
java.util.Scanner.nextBoolean(),java.util.Scanner,nextBoolean,Scanner.java,,NOT_IN_CACHE,False,Not In Cache,N/A,False,
java.util.Scanner.nextByte(),java.util.Scanner,nextByte,Scanner.java,,NOT_IN_CACHE,False,Not In Cache,N/A,False,
"java.util.Scanner.nextByte(java.util.(from =,java.util.to = 36) int)",java.util.Scanner,nextByte,Scanner.java,,NOT_IN_CACHE,False,Not In Cache,N/A,False,
java.util.Scanner.nextDouble(),java.util.Scanner,nextDouble,Scanner.java,,NOT_IN_CACHE,False,Not In Cache,N/A,False,
java.util.Scanner.nextFloat(),java.util.Scanner,nextFloat,Scanner.java,,NOT_IN_CACHE,False,Not In Cache,N/A,False,
java.util.Scanner.nextInt(),java.util.Scanner,nextInt,Scanner.java,,NOT_IN_CACHE,False,Not In Cache,N/A,False,
"java.util.Scanner.nextInt(java.util.(from =,java.util.to = 36) int)",java.util.Scanner,nextInt,Scanner.java,,NOT_IN_CACHE,False,Not In Cache,N/A,False,
java.util.Scanner.nextLine(),java.util.Scanner,nextLine,Scanner.java,,NOT_IN_CACHE,False,Not In Cache,N/A,False,
java.util.Scanner.nextLong(),java.util.Scanner,nextLong,Scanner.java,,NOT_IN_CACHE,False,Not In Cache,N/A,False,
"java.util.Scanner.nextLong(java.util.(from =,java.util.to = 36) int)",java.util.Scanner,nextLong,Scanner.java,,NOT_IN_CACHE,False,Not In Cache,N/A,False,
java.util.Scanner.nextShort(),java.util.Scanner,nextShort,Scanner.java,,NOT_IN_CACHE,False,Not In Cache,N/A,False,
"java.util.Scanner.nextShort(java.util.(from =,java.util.to = 36) int)",java.util.Scanner,nextShort,Scanner.java,,NOT_IN_CACHE,False,Not In Cache,N/A,False,
java.util.Scanner.processFloatToken(java.lang.String),java.util.Scanner,processFloatToken,Scanner.java,,NOT_IN_CACHE,False,Not In Cache,N/A,False,
java.util.Scanner.processIntegerToken(java.lang.String),java.util.Scanner,processIntegerToken,Scanner.java,,NOT_IN_CACHE,False,Not In Cache,N/A,False,
java.util.Scanner.radix(),java.util.Scanner,radix,Scanner.java,,NOT_IN_CACHE,False,Not In Cache,N/A,False,
java.util.Scanner.readInput(),java.util.Scanner,readInput,Scanner.java,,NOT_IN_CACHE,False,Not In Cache,N/A,False,
java.util.Scanner.remove(),java.util.Scanner,remove,Scanner.java,,NOT_IN_CACHE,False,Not In Cache,N/A,False,
java.util.Scanner.reset(),java.util.Scanner,reset,Scanner.java,,NOT_IN_CACHE,False,Not In Cache,N/A,False,
java.util.Scanner.revertState(),java.util.Scanner,revertState,Scanner.java,,NOT_IN_CACHE,False,Not In Cache,N/A,False,
java.util.Scanner.revertState(boolean),java.util.Scanner,revertState,Scanner.java,,NOT_IN_CACHE,False,Not In Cache,N/A,False,
java.util.Scanner.saveState(),java.util.Scanner,saveState,Scanner.java,,NOT_IN_CACHE,False,Not In Cache,N/A,False,
java.util.Scanner.separatorPattern(),java.util.Scanner,separatorPattern,Scanner.java,,NOT_IN_CACHE,False,Not In Cache,N/A,False,
"java.util.Scanner.setRadix(java.util.(from =,java.util.to = 36) int)",java.util.Scanner,setRadix,Scanner.java,,NOT_IN_CACHE,False,Not In Cache,N/A,False,
java.util.Scanner.skip(java.lang.String),java.util.Scanner,skip,Scanner.java,,NOT_IN_CACHE,False,Not In Cache,N/A,False,
java.util.Scanner.skip(java.util.Pattern),java.util.Scanner,skip,Scanner.java,,NOT_IN_CACHE,False,Not In Cache,N/A,False,
java.util.Scanner.throwFor(),java.util.Scanner,throwFor,Scanner.java,,NOT_IN_CACHE,False,Not In Cache,N/A,False,
java.util.Scanner.toCharset(java.lang.String),java.util.Scanner,toCharset,Scanner.java,,NOT_IN_CACHE,False,Not In Cache,N/A,False,
java.util.Scanner.toCharset(java.util.charsetName),java.util.Scanner,toCharset,Scanner.java,,NOT_IN_CACHE,False,Not In Cache,N/A,False,
java.util.Scanner.toDecoder(java.lang.String),java.util.Scanner,toDecoder,Scanner.java,,NOT_IN_CACHE,False,Not In Cache,N/A,False,
java.util.Scanner.toDecoder(java.util.charsetName),java.util.Scanner,toDecoder,Scanner.java,,NOT_IN_CACHE,False,Not In Cache,N/A,False,
java.util.Scanner.toString(),java.util.Scanner,toString,Scanner.java,SideEffectFree,NOT_IN_CACHE,True,Not In Cache,N/A,False,
java.util.Scanner.tokens(),java.util.Scanner,tokens,Scanner.java,,NOT_IN_CACHE,False,Not In Cache,N/A,False,
java.util.Scanner.translateSavedIndexes(int),java.util.Scanner,translateSavedIndexes,Scanner.java,,NOT_IN_CACHE,False,Not In Cache,N/A,False,
java.util.Scanner.useDelimiter(java.lang.String),java.util.Scanner,useDelimiter,Scanner.java,,NOT_IN_CACHE,False,Not In Cache,N/A,False,
java.util.Scanner.useDelimiter(java.util.Pattern),java.util.Scanner,useDelimiter,Scanner.java,,NOT_IN_CACHE,False,Not In Cache,N/A,False,
java.util.Scanner.useLocale(java.util.Locale),java.util.Scanner,useLocale,Scanner.java,,NOT_IN_CACHE,False,Not In Cache,N/A,False,
"java.util.Scanner.useRadix(java.util.(from =,java.util.to = 36) int)",java.util.Scanner,useRadix,Scanner.java,,NOT_IN_CACHE,False,Not In Cache,N/A,False,
java.util.Scanner.useTypeCache(),java.util.Scanner,useTypeCache,Scanner.java,,NOT_IN_CACHE,False,Not In Cache,N/A,False,
java.util.ServiceLoader$LayerLookupIterator.<init>(),java.util.ServiceLoader$LayerLookupIterator,<init>,ServiceLoader.java,,NOT_IN_CACHE,False,Not In Cache,N/A,False,
java.util.ServiceLoader$LayerLookupIterator.hasNext(),java.util.ServiceLoader$LayerLookupIterator,hasNext,ServiceLoader.java,Pure,NOT_IN_CACHE,False,Not In Cache,N/A,False,
java.util.ServiceLoader$LayerLookupIterator.next(),java.util.ServiceLoader$LayerLookupIterator,next,ServiceLoader.java,,NOT_IN_CACHE,False,Not In Cache,N/A,False,
java.util.ServiceLoader$LayerLookupIterator.providers(java.util.ModuleLayer),java.util.ServiceLoader$LayerLookupIterator,providers,ServiceLoader.java,,NOT_IN_CACHE,False,Not In Cache,N/A,False,
java.util.ServiceLoader$LazyClassPathLookupIterator.<init>(),java.util.ServiceLoader$LazyClassPathLookupIterator,<init>,ServiceLoader.java,,NOT_IN_CACHE,False,Not In Cache,N/A,False,
"java.util.ServiceLoader$LazyClassPathLookupIterator.InputStreamReader(java.util.in,sun.nio.cs.UTF_8$INSTANCE)",java.util.ServiceLoader$LazyClassPathLookupIterator,InputStreamReader,ServiceLoader.java,,NOT_IN_CACHE,False,Not In Cache,N/A,False,
java.util.ServiceLoader$LazyClassPathLookupIterator.hasNext(),java.util.ServiceLoader$LazyClassPathLookupIterator,hasNext,ServiceLoader.java,Pure,NOT_IN_CACHE,False,Not In Cache,N/A,False,
java.util.ServiceLoader$LazyClassPathLookupIterator.hasNextService(),java.util.ServiceLoader$LazyClassPathLookupIterator,hasNextService,ServiceLoader.java,,NOT_IN_CACHE,False,Not In Cache,N/A,False,
java.util.ServiceLoader$LazyClassPathLookupIterator.next(),java.util.ServiceLoader$LazyClassPathLookupIterator,next,ServiceLoader.java,,NOT_IN_CACHE,False,Not In Cache,N/A,False,
java.util.ServiceLoader$LazyClassPathLookupIterator.nextProviderClass(),java.util.ServiceLoader$LazyClassPathLookupIterator,nextProviderClass,ServiceLoader.java,,NOT_IN_CACHE,False,Not In Cache,N/A,False,
java.util.ServiceLoader$LazyClassPathLookupIterator.nextService(),java.util.ServiceLoader$LazyClassPathLookupIterator,nextService,ServiceLoader.java,,NOT_IN_CACHE,False,Not In Cache,N/A,False,
java.util.ServiceLoader$LazyClassPathLookupIterator.parse(java.net.URL),java.util.ServiceLoader$LazyClassPathLookupIterator,parse,ServiceLoader.java,,NOT_IN_CACHE,False,Not In Cache,N/A,False,
"java.util.ServiceLoader$LazyClassPathLookupIterator.parseLine(java.net.URL,java.io.BufferedReader,int,java.util.Set)",java.util.ServiceLoader$LazyClassPathLookupIterator,parseLine,ServiceLoader.java,,NOT_IN_CACHE,False,Not In Cache,N/A,False,
java.util.ServiceLoader$LazyClassPathLookupIterator.run(),java.util.ServiceLoader$LazyClassPathLookupIterator,run,ServiceLoader.java,,NOT_IN_CACHE,False,Not In Cache,N/A,False,
java.util.ServiceLoader$ModuleServicesLookupIterator.<init>(),java.util.ServiceLoader$ModuleServicesLookupIterator,<init>,ServiceLoader.java,,NOT_IN_CACHE,False,Not In Cache,N/A,False,
java.util.ServiceLoader$ModuleServicesLookupIterator.hasNext(),java.util.ServiceLoader$ModuleServicesLookupIterator,hasNext,ServiceLoader.java,Pure,NOT_IN_CACHE,False,Not In Cache,N/A,False,
java.util.ServiceLoader$ModuleServicesLookupIterator.iteratorFor(java.lang.ClassLoader),java.util.ServiceLoader$ModuleServicesLookupIterator,iteratorFor,ServiceLoader.java,,NOT_IN_CACHE,False,Not In Cache,N/A,False,
java.util.ServiceLoader$ModuleServicesLookupIterator.loaderFor(java.util.Module),java.util.ServiceLoader$ModuleServicesLookupIterator,loaderFor,ServiceLoader.java,,NOT_IN_CACHE,False,Not In Cache,N/A,False,
java.util.ServiceLoader$ModuleServicesLookupIterator.next(),java.util.ServiceLoader$ModuleServicesLookupIterator,next,ServiceLoader.java,,NOT_IN_CACHE,False,Not In Cache,N/A,False,
java.util.ServiceLoader$ModuleServicesLookupIterator.providers(java.util.ModuleLayer),java.util.ServiceLoader$ModuleServicesLookupIterator,providers,ServiceLoader.java,,NOT_IN_CACHE,False,Not In Cache,N/A,False,
java.util.ServiceLoader$Provider.type(),java.util.ServiceLoader$Provider,type,ServiceLoader.java,,NOT_IN_CACHE,False,Not In Cache,N/A,False,
"java.util.ServiceLoader$ProviderImpl.<init>(java.lang.Class,java.lang.Class,java.lang.reflect.Constructor,java.security.AccessControlContext)",java.util.ServiceLoader$ProviderImpl,<init>,ServiceLoader.java,,NOT_IN_CACHE,False,Not In Cache,N/A,False,
"java.util.ServiceLoader$ProviderImpl.<init>(java.lang.Class,java.lang.Class,java.lang.reflect.Method,java.security.AccessControlContext)",java.util.ServiceLoader$ProviderImpl,<init>,ServiceLoader.java,,NOT_IN_CACHE,False,Not In Cache,N/A,False,
java.util.ServiceLoader$ProviderImpl.equals(java.lang.Object),java.util.ServiceLoader$ProviderImpl,equals,ServiceLoader.java,,NOT_IN_CACHE,False,Not In Cache,N/A,False,
java.util.ServiceLoader$ProviderImpl.get(),java.util.ServiceLoader$ProviderImpl,get,ServiceLoader.java,,NOT_IN_CACHE,False,Not In Cache,N/A,False,
java.util.ServiceLoader$ProviderImpl.hashCode(),java.util.ServiceLoader$ProviderImpl,hashCode,ServiceLoader.java,,NOT_IN_CACHE,False,Not In Cache,N/A,False,
java.util.ServiceLoader$ProviderImpl.invokeFactoryMethod(),java.util.ServiceLoader$ProviderImpl,invokeFactoryMethod,ServiceLoader.java,,NOT_IN_CACHE,False,Not In Cache,N/A,False,
java.util.ServiceLoader$ProviderImpl.newInstance(),java.util.ServiceLoader$ProviderImpl,newInstance,ServiceLoader.java,,NOT_IN_CACHE,False,Not In Cache,N/A,False,
java.util.ServiceLoader$ProviderImpl.run(),java.util.ServiceLoader$ProviderImpl,run,ServiceLoader.java,,NOT_IN_CACHE,False,Not In Cache,N/A,False,
java.util.ServiceLoader$ProviderImpl.type(),java.util.ServiceLoader$ProviderImpl,type,ServiceLoader.java,,NOT_IN_CACHE,False,Not In Cache,N/A,False,
java.util.ServiceLoader$ProviderSpliterator.<init>(java.util.Iterator),java.util.ServiceLoader$ProviderSpliterator,<init>,ServiceLoader.java,,NOT_IN_CACHE,False,Not In Cache,N/A,False,
java.util.ServiceLoader$ProviderSpliterator.characteristics(),java.util.ServiceLoader$ProviderSpliterator,characteristics,ServiceLoader.java,,NOT_IN_CACHE,False,Not In Cache,N/A,False,
java.util.ServiceLoader$ProviderSpliterator.estimateSize(),java.util.ServiceLoader$ProviderSpliterator,estimateSize,ServiceLoader.java,,NOT_IN_CACHE,False,Not In Cache,N/A,False,
java.util.ServiceLoader$ProviderSpliterator.tryAdvance(java.util.function.Consumer),java.util.ServiceLoader$ProviderSpliterator,tryAdvance,ServiceLoader.java,,NOT_IN_CACHE,False,Not In Cache,N/A,False,
java.util.ServiceLoader$ProviderSpliterator.trySplit(),java.util.ServiceLoader$ProviderSpliterator,trySplit,ServiceLoader.java,,NOT_IN_CACHE,False,Not In Cache,N/A,False,
"java.util.ServiceLoader.<init>(java.lang.Class,java.lang.Class,java.lang.ClassLoader)",java.util.ServiceLoader,<init>,ServiceLoader.java,,NOT_IN_CACHE,False,Not In Cache,N/A,False,
"java.util.ServiceLoader.<init>(java.lang.Class,java.util.ModuleLayer,java.lang.Class)",java.util.ServiceLoader,<init>,ServiceLoader.java,,NOT_IN_CACHE,False,Not In Cache,N/A,False,
"java.util.ServiceLoader.<init>(java.util.Module,java.lang.Class,java.lang.ClassLoader)",java.util.ServiceLoader,<init>,ServiceLoader.java,,NOT_IN_CACHE,False,Not In Cache,N/A,False,
"java.util.ServiceLoader.checkCaller(java.lang.Class,java.lang.Class)",java.util.ServiceLoader,checkCaller,ServiceLoader.java,,NOT_IN_CACHE,False,Not In Cache,N/A,False,
java.util.ServiceLoader.checkReloadCount(),java.util.ServiceLoader,checkReloadCount,ServiceLoader.java,,NOT_IN_CACHE,False,Not In Cache,N/A,False,
"java.util.ServiceLoader.fail(java.lang.Class,java.lang.String)",java.util.ServiceLoader,fail,ServiceLoader.java,,NOT_IN_CACHE,False,Not In Cache,N/A,False,
"java.util.ServiceLoader.fail(java.lang.Class,java.lang.String,java.lang.Throwable)",java.util.ServiceLoader,fail,ServiceLoader.java,,NOT_IN_CACHE,False,Not In Cache,N/A,False,
"java.util.ServiceLoader.fail(java.lang.Class,java.net.URL,int,java.lang.String)",java.util.ServiceLoader,fail,ServiceLoader.java,,NOT_IN_CACHE,False,Not In Cache,N/A,False,
java.util.ServiceLoader.findFirst(),java.util.ServiceLoader,findFirst,ServiceLoader.java,,NOT_IN_CACHE,False,Not In Cache,N/A,False,
java.util.ServiceLoader.findStaticProviderMethod(java.lang.Class),java.util.ServiceLoader,findStaticProviderMethod,ServiceLoader.java,,NOT_IN_CACHE,False,Not In Cache,N/A,False,
java.util.ServiceLoader.getConstructor(java.lang.Class),java.util.ServiceLoader,getConstructor,ServiceLoader.java,,NOT_IN_CACHE,False,Not In Cache,N/A,False,
java.util.ServiceLoader.hasNext(),java.util.ServiceLoader,hasNext,ServiceLoader.java,Pure,NOT_IN_CACHE,False,Not In Cache,N/A,False,
java.util.ServiceLoader.inExplicitModule(java.lang.Class),java.util.ServiceLoader,inExplicitModule,ServiceLoader.java,,NOT_IN_CACHE,False,Not In Cache,N/A,False,
java.util.ServiceLoader.iterator(),java.util.ServiceLoader,iterator,ServiceLoader.java,SideEffectFree,NOT_IN_CACHE,False,Not In Cache,N/A,False,
java.util.ServiceLoader.load(java.lang.Class),java.util.ServiceLoader,load,ServiceLoader.java,,NOT_IN_CACHE,False,Not In Cache,N/A,False,
"java.util.ServiceLoader.load(java.lang.Class,java.lang.ClassLoader)",java.util.ServiceLoader,load,ServiceLoader.java,,NOT_IN_CACHE,False,Not In Cache,N/A,False,
"java.util.ServiceLoader.load(java.lang.Class,java.lang.ClassLoader,java.util.Module)",java.util.ServiceLoader,load,ServiceLoader.java,,NOT_IN_CACHE,False,Not In Cache,N/A,False,
"java.util.ServiceLoader.load(java.util.ModuleLayer,java.lang.Class)",java.util.ServiceLoader,load,ServiceLoader.java,,NOT_IN_CACHE,False,Not In Cache,N/A,False,
java.util.ServiceLoader.loadInstalled(java.lang.Class),java.util.ServiceLoader,loadInstalled,ServiceLoader.java,,NOT_IN_CACHE,False,Not In Cache,N/A,False,
java.util.ServiceLoader.loadProvider(jdk.internal.module.ServicesCatalog.ServiceProvider),java.util.ServiceLoader,loadProvider,ServiceLoader.java,,NOT_IN_CACHE,False,Not In Cache,N/A,False,
java.util.ServiceLoader.newLookupIterator(),java.util.ServiceLoader,newLookupIterator,ServiceLoader.java,,NOT_IN_CACHE,False,Not In Cache,N/A,False,
java.util.ServiceLoader.next(java.util./*Iterator),java.util.ServiceLoader,next,ServiceLoader.java,,NOT_IN_CACHE,False,Not In Cache,N/A,False,
java.util.ServiceLoader.reload(),java.util.ServiceLoader,reload,ServiceLoader.java,,NOT_IN_CACHE,False,Not In Cache,N/A,False,
java.util.ServiceLoader.run(),java.util.ServiceLoader,run,ServiceLoader.java,,NOT_IN_CACHE,False,Not In Cache,N/A,False,
java.util.ServiceLoader.stream(),java.util.ServiceLoader,stream,ServiceLoader.java,,NOT_IN_CACHE,False,Not In Cache,N/A,False,
java.util.ServiceLoader.toString(),java.util.ServiceLoader,toString,ServiceLoader.java,SideEffectFree,NOT_IN_CACHE,True,Not In Cache,N/A,False,
java.util.Set.add(java.lang.Object),java.util.Set,add,Set.java,,NOT_IN_CACHE,False,Not In Cache,N/A,False,
java.util.Set.addAll(java.util.Collection),java.util.Set,addAll,Set.java,,NOT_IN_CACHE,False,Not In Cache,N/A,False,
java.util.Set.clear(),java.util.Set,clear,Set.java,,NOT_IN_CACHE,False,Not In Cache,N/A,False,
java.util.Set.contains(java.lang.Object),java.util.Set,contains,Set.java,Pure,NOT_IN_CACHE,True,Not In Cache,N/A,False,
java.util.Set.containsAll(java.util.Collection),java.util.Set,containsAll,Set.java,Pure,NOT_IN_CACHE,True,Not In Cache,N/A,False,
java.util.Set.equals(java.lang.Object),java.util.Set,equals,Set.java,Pure,NOT_IN_CACHE,True,Not In Cache,N/A,False,
java.util.Set.hashCode(),java.util.Set,hashCode,Set.java,Pure,NOT_IN_CACHE,True,Not In Cache,N/A,False,
java.util.Set.isEmpty(),java.util.Set,isEmpty,Set.java,Pure,NOT_IN_CACHE,True,Not In Cache,N/A,False,
java.util.Set.iterator(),java.util.Set,iterator,Set.java,SideEffectFree,NOT_IN_CACHE,False,Not In Cache,N/A,False,
"java.util.Set.of(java.lang.Object,java.lang.Object)",java.util.Set,of,Set.java,,NOT_IN_CACHE,False,Not In Cache,N/A,False,
"java.util.Set.of(java.lang.Object,java.lang.Object,java.lang.Object)",java.util.Set,of,Set.java,,NOT_IN_CACHE,False,Not In Cache,N/A,False,
"java.util.Set.of(java.lang.Object,java.lang.Object,java.lang.Object,java.lang.Object)",java.util.Set,of,Set.java,,NOT_IN_CACHE,False,Not In Cache,N/A,False,
"java.util.Set.of(java.lang.Object,java.lang.Object,java.lang.Object,java.lang.Object,java.lang.Object)",java.util.Set,of,Set.java,,NOT_IN_CACHE,False,Not In Cache,N/A,False,
"java.util.Set.of(java.lang.Object,java.lang.Object,java.lang.Object,java.lang.Object,java.lang.Object,java.lang.Object,java.lang.Object)",java.util.Set,of,Set.java,,NOT_IN_CACHE,False,Not In Cache,N/A,False,
"java.util.Set.of(java.lang.Object,java.lang.Object,java.lang.Object,java.lang.Object,java.lang.Object,java.lang.Object,java.lang.Object,java.lang.Object,java.lang.Object)",java.util.Set,of,Set.java,,NOT_IN_CACHE,False,Not In Cache,N/A,False,
"java.util.Set.of(java.lang.Object,java.lang.Object,java.lang.Object,java.lang.Object,java.lang.Object,java.lang.Object,java.lang.Object,java.lang.Object,java.lang.Object,java.lang.Object)",java.util.Set,of,Set.java,,NOT_IN_CACHE,False,Not In Cache,N/A,False,
java.util.Set.of(java.lang.Object[]),java.util.Set,of,Set.java,,NOT_IN_CACHE,False,Not In Cache,N/A,False,
java.util.Set.remove(java.lang.Object),java.util.Set,remove,Set.java,,NOT_IN_CACHE,False,Not In Cache,N/A,False,
java.util.Set.removeAll(java.util.Collection),java.util.Set,removeAll,Set.java,,NOT_IN_CACHE,False,Not In Cache,N/A,False,
java.util.Set.retainAll(java.util.Collection),java.util.Set,retainAll,Set.java,,NOT_IN_CACHE,False,Not In Cache,N/A,False,
java.util.Set.size(),java.util.Set,size,Set.java,Pure,NOT_IN_CACHE,True,Not In Cache,N/A,False,
java.util.Set.spliterator(),java.util.Set,spliterator,Set.java,,NOT_IN_CACHE,False,Not In Cache,N/A,False,
java.util.Set.toArray(),java.util.Set,toArray,Set.java,SideEffectFree,NOT_IN_CACHE,False,Not In Cache,N/A,False,
java.util.Set.toArray(java.lang.Object[]),java.util.Set,toArray,Set.java,SideEffectFree,NOT_IN_CACHE,False,Not In Cache,N/A,False,
"java.util.SimpleTimeZone$Cache.<init>(long,long,long)",java.util.SimpleTimeZone$Cache,<init>,SimpleTimeZone.java,,NOT_IN_CACHE,False,Not In Cache,N/A,False,
"java.util.SimpleTimeZone.<init>(int,java.lang.String)",java.util.SimpleTimeZone,<init>,SimpleTimeZone.java,,NOT_IN_CACHE,False,Not In Cache,N/A,False,
"java.util.SimpleTimeZone.<init>(int,java.lang.String,int,int,int,int,int,int,int,int)",java.util.SimpleTimeZone,<init>,SimpleTimeZone.java,,NOT_IN_CACHE,False,Not In Cache,N/A,False,
"java.util.SimpleTimeZone.<init>(int,java.lang.String,int,int,int,int,int,int,int,int,int)",java.util.SimpleTimeZone,<init>,SimpleTimeZone.java,,NOT_IN_CACHE,False,Not In Cache,N/A,False,
"java.util.SimpleTimeZone.<init>(int,java.lang.String,int,int,int,int,int,int,int,int,int,int,int)",java.util.SimpleTimeZone,<init>,SimpleTimeZone.java,,NOT_IN_CACHE,False,Not In Cache,N/A,False,
java.util.SimpleTimeZone.clone(),java.util.SimpleTimeZone,clone,SimpleTimeZone.java,SideEffectFree,NOT_IN_CACHE,True,Not In Cache,N/A,False,
java.util.SimpleTimeZone.decodeEndRule(),java.util.SimpleTimeZone,decodeEndRule,SimpleTimeZone.java,,NOT_IN_CACHE,False,Not In Cache,N/A,False,
java.util.SimpleTimeZone.decodeRules(),java.util.SimpleTimeZone,decodeRules,SimpleTimeZone.java,,NOT_IN_CACHE,False,Not In Cache,N/A,False,
java.util.SimpleTimeZone.decodeStartRule(),java.util.SimpleTimeZone,decodeStartRule,SimpleTimeZone.java,,NOT_IN_CACHE,False,Not In Cache,N/A,False,
java.util.SimpleTimeZone.equals(java.lang.Object),java.util.SimpleTimeZone,equals,SimpleTimeZone.java,Pure,NOT_IN_CACHE,True,Not In Cache,N/A,False,
java.util.SimpleTimeZone.getDSTSavings(),java.util.SimpleTimeZone,getDSTSavings,SimpleTimeZone.java,,NOT_IN_CACHE,True,Not In Cache,N/A,False,
"java.util.SimpleTimeZone.getEnd(sun.util.calendar.BaseCalendar,sun.util.calendar.BaseCalendar$Date,int)",java.util.SimpleTimeZone,getEnd,SimpleTimeZone.java,,NOT_IN_CACHE,False,Not In Cache,N/A,False,
"java.util.SimpleTimeZone.getOffset(int,int,int,int,int,int)",java.util.SimpleTimeZone,getOffset,SimpleTimeZone.java,,NOT_IN_CACHE,False,Not In Cache,N/A,False,
java.util.SimpleTimeZone.getOffset(long),java.util.SimpleTimeZone,getOffset,SimpleTimeZone.java,,NOT_IN_CACHE,False,Not In Cache,N/A,False,
"java.util.SimpleTimeZone.getOffset(sun.util.calendar.BaseCalendar,sun.util.calendar.BaseCalendar$Date,int,long)",java.util.SimpleTimeZone,getOffset,SimpleTimeZone.java,,NOT_IN_CACHE,False,Not In Cache,N/A,False,
"java.util.SimpleTimeZone.getOffsets(long,int[])",java.util.SimpleTimeZone,getOffsets,SimpleTimeZone.java,,NOT_IN_CACHE,False,Not In Cache,N/A,False,
java.util.SimpleTimeZone.getRawOffset(),java.util.SimpleTimeZone,getRawOffset,SimpleTimeZone.java,,NOT_IN_CACHE,False,Not In Cache,N/A,False,
"java.util.SimpleTimeZone.getStart(sun.util.calendar.BaseCalendar,sun.util.calendar.BaseCalendar$Date,int)",java.util.SimpleTimeZone,getStart,SimpleTimeZone.java,,NOT_IN_CACHE,False,Not In Cache,N/A,False,
"java.util.SimpleTimeZone.getTransition(sun.util.calendar.BaseCalendar,sun.util.calendar.BaseCalendar$Date,int,int,int,int,int,int)",java.util.SimpleTimeZone,getTransition,SimpleTimeZone.java,,NOT_IN_CACHE,False,Not In Cache,N/A,False,
java.util.SimpleTimeZone.hasSameRules(java.util.TimeZone),java.util.SimpleTimeZone,hasSameRules,SimpleTimeZone.java,,NOT_IN_CACHE,False,Not In Cache,N/A,False,
java.util.SimpleTimeZone.hashCode(),java.util.SimpleTimeZone,hashCode,SimpleTimeZone.java,Pure,NOT_IN_CACHE,True,Not In Cache,N/A,False,
java.util.SimpleTimeZone.inDaylightTime(java.util.Date),java.util.SimpleTimeZone,inDaylightTime,SimpleTimeZone.java,,NOT_IN_CACHE,True,Not In Cache,N/A,False,
java.util.SimpleTimeZone.invalidateCache(),java.util.SimpleTimeZone,invalidateCache,SimpleTimeZone.java,,NOT_IN_CACHE,False,Not In Cache,N/A,False,
java.util.SimpleTimeZone.makeRulesCompatible(),java.util.SimpleTimeZone,makeRulesCompatible,SimpleTimeZone.java,,NOT_IN_CACHE,False,Not In Cache,N/A,False,
java.util.SimpleTimeZone.observesDaylightTime(),java.util.SimpleTimeZone,observesDaylightTime,SimpleTimeZone.java,,NOT_IN_CACHE,False,Not In Cache,N/A,False,
java.util.SimpleTimeZone.packRules(),java.util.SimpleTimeZone,packRules,SimpleTimeZone.java,,NOT_IN_CACHE,False,Not In Cache,N/A,False,
java.util.SimpleTimeZone.packTimes(),java.util.SimpleTimeZone,packTimes,SimpleTimeZone.java,,NOT_IN_CACHE,False,Not In Cache,N/A,False,
java.util.SimpleTimeZone.readObject(java.io.ObjectInputStream),java.util.SimpleTimeZone,readObject,SimpleTimeZone.java,,NOT_IN_CACHE,False,Not In Cache,N/A,False,
java.util.SimpleTimeZone.setDSTSavings(int),java.util.SimpleTimeZone,setDSTSavings,SimpleTimeZone.java,,NOT_IN_CACHE,False,Not In Cache,N/A,False,
"java.util.SimpleTimeZone.setEndRule(int,int,int)",java.util.SimpleTimeZone,setEndRule,SimpleTimeZone.java,,NOT_IN_CACHE,False,Not In Cache,N/A,False,
"java.util.SimpleTimeZone.setEndRule(int,int,int,int)",java.util.SimpleTimeZone,setEndRule,SimpleTimeZone.java,,NOT_IN_CACHE,False,Not In Cache,N/A,False,
"java.util.SimpleTimeZone.setEndRule(int,int,int,int,boolean)",java.util.SimpleTimeZone,setEndRule,SimpleTimeZone.java,,NOT_IN_CACHE,False,Not In Cache,N/A,False,
java.util.SimpleTimeZone.setRawOffset(int),java.util.SimpleTimeZone,setRawOffset,SimpleTimeZone.java,,NOT_IN_CACHE,False,Not In Cache,N/A,False,
"java.util.SimpleTimeZone.setStartRule(int,int,int)",java.util.SimpleTimeZone,setStartRule,SimpleTimeZone.java,,NOT_IN_CACHE,False,Not In Cache,N/A,False,
"java.util.SimpleTimeZone.setStartRule(int,int,int,int)",java.util.SimpleTimeZone,setStartRule,SimpleTimeZone.java,,NOT_IN_CACHE,False,Not In Cache,N/A,False,
"java.util.SimpleTimeZone.setStartRule(int,int,int,int,boolean)",java.util.SimpleTimeZone,setStartRule,SimpleTimeZone.java,,NOT_IN_CACHE,False,Not In Cache,N/A,False,
java.util.SimpleTimeZone.setStartYear(int),java.util.SimpleTimeZone,setStartYear,SimpleTimeZone.java,,NOT_IN_CACHE,False,Not In Cache,N/A,False,
java.util.SimpleTimeZone.toString(),java.util.SimpleTimeZone,toString,SimpleTimeZone.java,SideEffectFree,NOT_IN_CACHE,True,Not In Cache,N/A,False,
java.util.SimpleTimeZone.unpackRules(byte[]),java.util.SimpleTimeZone,unpackRules,SimpleTimeZone.java,,NOT_IN_CACHE,False,Not In Cache,N/A,False,
java.util.SimpleTimeZone.unpackTimes(int[]),java.util.SimpleTimeZone,unpackTimes,SimpleTimeZone.java,,NOT_IN_CACHE,False,Not In Cache,N/A,False,
java.util.SimpleTimeZone.useDaylightTime(),java.util.SimpleTimeZone,useDaylightTime,SimpleTimeZone.java,,NOT_IN_CACHE,True,Not In Cache,N/A,False,
java.util.SimpleTimeZone.writeObject(java.io.ObjectOutputStream),java.util.SimpleTimeZone,writeObject,SimpleTimeZone.java,,NOT_IN_CACHE,False,Not In Cache,N/A,False,
java.util.SortedMap.comparator(),java.util.SortedMap,comparator,SortedMap.java,Pure,NOT_IN_CACHE,True,Not In Cache,N/A,False,
java.util.SortedMap.entrySet(),java.util.SortedMap,entrySet,SortedMap.java,SideEffectFree,NOT_IN_CACHE,True,Not In Cache,N/A,False,
java.util.SortedMap.firstKey(),java.util.SortedMap,firstKey,SortedMap.java,SideEffectFree,NOT_IN_CACHE,True,Not In Cache,N/A,False,
java.util.SortedMap.headMap(java.lang.Object),java.util.SortedMap,headMap,SortedMap.java,SideEffectFree,NOT_IN_CACHE,True,Not In Cache,N/A,False,
java.util.SortedMap.keySet(),java.util.SortedMap,keySet,SortedMap.java,SideEffectFree,NOT_IN_CACHE,True,Not In Cache,N/A,False,
java.util.SortedMap.lastKey(),java.util.SortedMap,lastKey,SortedMap.java,SideEffectFree,NOT_IN_CACHE,True,Not In Cache,N/A,False,
"java.util.SortedMap.putFirst(java.lang.Object,java.lang.Object)",java.util.SortedMap,putFirst,SortedMap.java,,NOT_IN_CACHE,False,Not In Cache,N/A,False,
"java.util.SortedMap.putLast(java.lang.Object,java.lang.Object)",java.util.SortedMap,putLast,SortedMap.java,,NOT_IN_CACHE,False,Not In Cache,N/A,False,
java.util.SortedMap.reversed(),java.util.SortedMap,reversed,SortedMap.java,,NOT_IN_CACHE,False,Not In Cache,N/A,False,
"java.util.SortedMap.subMap(java.lang.Object,java.lang.Object)",java.util.SortedMap,subMap,SortedMap.java,SideEffectFree,NOT_IN_CACHE,False,Not In Cache,N/A,False,
java.util.SortedMap.tailMap(java.lang.Object),java.util.SortedMap,tailMap,SortedMap.java,SideEffectFree,NOT_IN_CACHE,True,Not In Cache,N/A,False,
java.util.SortedMap.values(),java.util.SortedMap,values,SortedMap.java,SideEffectFree,NOT_IN_CACHE,True,Not In Cache,N/A,False,
java.util.SortedSet.addFirst(java.lang.Object),java.util.SortedSet,addFirst,SortedSet.java,,NOT_IN_CACHE,False,Not In Cache,N/A,False,
java.util.SortedSet.addLast(java.lang.Object),java.util.SortedSet,addLast,SortedSet.java,,NOT_IN_CACHE,False,Not In Cache,N/A,False,
java.util.SortedSet.comparator(),java.util.SortedSet,comparator,SortedSet.java,Pure,NOT_IN_CACHE,True,Not In Cache,N/A,False,
java.util.SortedSet.first(),java.util.SortedSet,first,SortedSet.java,SideEffectFree,NOT_IN_CACHE,True,Not In Cache,N/A,False,
java.util.SortedSet.getComparator(),java.util.SortedSet,getComparator,SortedSet.java,,NOT_IN_CACHE,False,Not In Cache,N/A,False,
java.util.SortedSet.getFirst(),java.util.SortedSet,getFirst,SortedSet.java,,NOT_IN_CACHE,False,Not In Cache,N/A,False,
java.util.SortedSet.getLast(),java.util.SortedSet,getLast,SortedSet.java,,NOT_IN_CACHE,False,Not In Cache,N/A,False,
java.util.SortedSet.headSet(java.lang.Object),java.util.SortedSet,headSet,SortedSet.java,SideEffectFree,NOT_IN_CACHE,True,Not In Cache,N/A,False,
java.util.SortedSet.last(),java.util.SortedSet,last,SortedSet.java,SideEffectFree,NOT_IN_CACHE,True,Not In Cache,N/A,False,
java.util.SortedSet.removeFirst(),java.util.SortedSet,removeFirst,SortedSet.java,,NOT_IN_CACHE,False,Not In Cache,N/A,False,
java.util.SortedSet.removeLast(),java.util.SortedSet,removeLast,SortedSet.java,,NOT_IN_CACHE,False,Not In Cache,N/A,False,
java.util.SortedSet.reversed(),java.util.SortedSet,reversed,SortedSet.java,,NOT_IN_CACHE,False,Not In Cache,N/A,False,
java.util.SortedSet.spliterator(),java.util.SortedSet,spliterator,SortedSet.java,,NOT_IN_CACHE,False,Not In Cache,N/A,False,
"java.util.SortedSet.subSet(java.lang.Object,java.lang.Object)",java.util.SortedSet,subSet,SortedSet.java,SideEffectFree,NOT_IN_CACHE,False,Not In Cache,N/A,False,
java.util.SortedSet.tailSet(java.lang.Object),java.util.SortedSet,tailSet,SortedSet.java,SideEffectFree,NOT_IN_CACHE,True,Not In Cache,N/A,False,
java.util.Spliterator$OfDouble.tryAdvance(java.util.function.DoubleConsumer),java.util.Spliterator$OfDouble,tryAdvance,Spliterator.java,,NOT_IN_CACHE,False,Not In Cache,N/A,False,
java.util.Spliterator$OfInt.tryAdvance(java.util.function.IntConsumer),java.util.Spliterator$OfInt,tryAdvance,Spliterator.java,,NOT_IN_CACHE,False,Not In Cache,N/A,False,
java.util.Spliterator$OfLong.tryAdvance(java.util.function.LongConsumer),java.util.Spliterator$OfLong,tryAdvance,Spliterator.java,,NOT_IN_CACHE,False,Not In Cache,N/A,False,
java.util.Spliterator$OfPrimitive.forEachRemaining(java.util.T_CONS),java.util.Spliterator$OfPrimitive,forEachRemaining,Spliterator.java,,NOT_IN_CACHE,False,Not In Cache,N/A,False,
java.util.Spliterator$OfPrimitive.tryAdvance(java.util.T_CONS),java.util.Spliterator$OfPrimitive,tryAdvance,Spliterator.java,,NOT_IN_CACHE,False,Not In Cache,N/A,False,
java.util.Spliterator.characteristics(),java.util.Spliterator,characteristics,Spliterator.java,,NOT_IN_CACHE,False,Not In Cache,N/A,False,
java.util.Spliterator.estimateSize(),java.util.Spliterator,estimateSize,Spliterator.java,,NOT_IN_CACHE,False,Not In Cache,N/A,False,
java.util.Spliterator.tryAdvance(java.util.function.Consumer),java.util.Spliterator,tryAdvance,Spliterator.java,,NOT_IN_CACHE,False,Not In Cache,N/A,False,
java.util.Spliterators$AbstractDoubleSpliterator$HoldingDoubleConsumer.accept(double),java.util.Spliterators$AbstractDoubleSpliterator$HoldingDoubleConsumer,accept,Spliterators.java,,NOT_IN_CACHE,False,Not In Cache,N/A,False,
"java.util.Spliterators$AbstractDoubleSpliterator.<init>(long,int)",java.util.Spliterators$AbstractDoubleSpliterator,<init>,Spliterators.java,,NOT_IN_CACHE,False,Not In Cache,N/A,False,
java.util.Spliterators$AbstractDoubleSpliterator.characteristics(),java.util.Spliterators$AbstractDoubleSpliterator,characteristics,Spliterators.java,,NOT_IN_CACHE,False,Not In Cache,N/A,False,
java.util.Spliterators$AbstractDoubleSpliterator.estimateSize(),java.util.Spliterators$AbstractDoubleSpliterator,estimateSize,Spliterators.java,,NOT_IN_CACHE,False,Not In Cache,N/A,False,
java.util.Spliterators$AbstractDoubleSpliterator.trySplit(),java.util.Spliterators$AbstractDoubleSpliterator,trySplit,Spliterators.java,,NOT_IN_CACHE,False,Not In Cache,N/A,False,
java.util.Spliterators$AbstractIntSpliterator$HoldingIntConsumer.accept(int),java.util.Spliterators$AbstractIntSpliterator$HoldingIntConsumer,accept,Spliterators.java,,NOT_IN_CACHE,False,Not In Cache,N/A,False,
"java.util.Spliterators$AbstractIntSpliterator.<init>(long,int)",java.util.Spliterators$AbstractIntSpliterator,<init>,Spliterators.java,,NOT_IN_CACHE,False,Not In Cache,N/A,False,
java.util.Spliterators$AbstractIntSpliterator.characteristics(),java.util.Spliterators$AbstractIntSpliterator,characteristics,Spliterators.java,,NOT_IN_CACHE,False,Not In Cache,N/A,False,
java.util.Spliterators$AbstractIntSpliterator.estimateSize(),java.util.Spliterators$AbstractIntSpliterator,estimateSize,Spliterators.java,,NOT_IN_CACHE,False,Not In Cache,N/A,False,
java.util.Spliterators$AbstractIntSpliterator.trySplit(),java.util.Spliterators$AbstractIntSpliterator,trySplit,Spliterators.java,,NOT_IN_CACHE,False,Not In Cache,N/A,False,
java.util.Spliterators$AbstractLongSpliterator$HoldingLongConsumer.accept(long),java.util.Spliterators$AbstractLongSpliterator$HoldingLongConsumer,accept,Spliterators.java,,NOT_IN_CACHE,False,Not In Cache,N/A,False,
"java.util.Spliterators$AbstractLongSpliterator.<init>(long,int)",java.util.Spliterators$AbstractLongSpliterator,<init>,Spliterators.java,,NOT_IN_CACHE,False,Not In Cache,N/A,False,
java.util.Spliterators$AbstractLongSpliterator.characteristics(),java.util.Spliterators$AbstractLongSpliterator,characteristics,Spliterators.java,,NOT_IN_CACHE,False,Not In Cache,N/A,False,
java.util.Spliterators$AbstractLongSpliterator.estimateSize(),java.util.Spliterators$AbstractLongSpliterator,estimateSize,Spliterators.java,,NOT_IN_CACHE,False,Not In Cache,N/A,False,
java.util.Spliterators$AbstractLongSpliterator.trySplit(),java.util.Spliterators$AbstractLongSpliterator,trySplit,Spliterators.java,,NOT_IN_CACHE,False,Not In Cache,N/A,False,
java.util.Spliterators$AbstractSpliterator$HoldingConsumer.accept(java.lang.Object),java.util.Spliterators$AbstractSpliterator$HoldingConsumer,accept,Spliterators.java,,NOT_IN_CACHE,False,Not In Cache,N/A,False,
java.util.Spliterators$AbstractSpliterator.characteristics(),java.util.Spliterators$AbstractSpliterator,characteristics,Spliterators.java,,NOT_IN_CACHE,False,Not In Cache,N/A,False,
java.util.Spliterators$AbstractSpliterator.estimateSize(),java.util.Spliterators$AbstractSpliterator,estimateSize,Spliterators.java,,NOT_IN_CACHE,False,Not In Cache,N/A,False,
java.util.Spliterators$AbstractSpliterator.trySplit(),java.util.Spliterators$AbstractSpliterator,trySplit,Spliterators.java,,NOT_IN_CACHE,False,Not In Cache,N/A,False,
java.util.Spliterators$Adapter.accept(double),java.util.Spliterators$Adapter,accept,Spliterators.java,,NOT_IN_CACHE,False,Not In Cache,N/A,False,
java.util.Spliterators$Adapter.accept(int),java.util.Spliterators$Adapter,accept,Spliterators.java,,NOT_IN_CACHE,False,Not In Cache,N/A,False,
java.util.Spliterators$Adapter.accept(java.lang.Object),java.util.Spliterators$Adapter,accept,Spliterators.java,,NOT_IN_CACHE,False,Not In Cache,N/A,False,
java.util.Spliterators$Adapter.accept(long),java.util.Spliterators$Adapter,accept,Spliterators.java,,NOT_IN_CACHE,False,Not In Cache,N/A,False,
java.util.Spliterators$Adapter.forEachRemaining(java.util.function.Consumer),java.util.Spliterators$Adapter,forEachRemaining,Spliterators.java,,NOT_IN_CACHE,False,Not In Cache,N/A,False,
java.util.Spliterators$Adapter.forEachRemaining(java.util.function.DoubleConsumer),java.util.Spliterators$Adapter,forEachRemaining,Spliterators.java,,NOT_IN_CACHE,False,Not In Cache,N/A,False,
java.util.Spliterators$Adapter.forEachRemaining(java.util.function.IntConsumer),java.util.Spliterators$Adapter,forEachRemaining,Spliterators.java,,NOT_IN_CACHE,False,Not In Cache,N/A,False,
java.util.Spliterators$Adapter.forEachRemaining(java.util.function.LongConsumer),java.util.Spliterators$Adapter,forEachRemaining,Spliterators.java,,NOT_IN_CACHE,False,Not In Cache,N/A,False,
java.util.Spliterators$Adapter.hasNext(),java.util.Spliterators$Adapter,hasNext,Spliterators.java,Pure,NOT_IN_CACHE,False,Not In Cache,N/A,False,
java.util.Spliterators$Adapter.next(),java.util.Spliterators$Adapter,next,Spliterators.java,,NOT_IN_CACHE,False,Not In Cache,N/A,False,
java.util.Spliterators$Adapter.nextDouble(),java.util.Spliterators$Adapter,nextDouble,Spliterators.java,,NOT_IN_CACHE,False,Not In Cache,N/A,False,
java.util.Spliterators$Adapter.nextInt(),java.util.Spliterators$Adapter,nextInt,Spliterators.java,,NOT_IN_CACHE,False,Not In Cache,N/A,False,
java.util.Spliterators$Adapter.nextLong(),java.util.Spliterators$Adapter,nextLong,Spliterators.java,,NOT_IN_CACHE,False,Not In Cache,N/A,False,
"java.util.Spliterators$DoubleArraySpliterator.DoubleArraySpliterator(java.util.array,java.util.lo,java.util.index =,java.util.characteristics)",java.util.Spliterators$DoubleArraySpliterator,DoubleArraySpliterator,Spliterators.java,,NOT_IN_CACHE,False,Not In Cache,N/A,False,
"java.util.Spliterators$DoubleArraySpliterator.DoubleArraySpliterator(java.util.array,java.util.lo,java.util.index =,java.util.characteristics,java.util.prefixEstimatedSize)",java.util.Spliterators$DoubleArraySpliterator,DoubleArraySpliterator,Spliterators.java,,NOT_IN_CACHE,False,Not In Cache,N/A,False,
"java.util.Spliterators$IntArraySpliterator.IntArraySpliterator(java.util.array,java.util.lo,java.util.index =,java.util.characteristics)",java.util.Spliterators$IntArraySpliterator,IntArraySpliterator,Spliterators.java,,NOT_IN_CACHE,False,Not In Cache,N/A,False,
"java.util.Spliterators$IntArraySpliterator.IntArraySpliterator(java.util.array,java.util.lo,java.util.index =,java.util.characteristics,java.util.prefixEstimatedSize)",java.util.Spliterators$IntArraySpliterator,IntArraySpliterator,Spliterators.java,,NOT_IN_CACHE,False,Not In Cache,N/A,False,
"java.util.Spliterators$LongArraySpliterator.LongArraySpliterator(java.util.array,java.util.lo,java.util.index =,java.util.characteristics)",java.util.Spliterators$LongArraySpliterator,LongArraySpliterator,Spliterators.java,,NOT_IN_CACHE,False,Not In Cache,N/A,False,
"java.util.Spliterators$LongArraySpliterator.LongArraySpliterator(java.util.array,java.util.lo,java.util.index =,java.util.characteristics,java.util.prefixEstimatedSize)",java.util.Spliterators$LongArraySpliterator,LongArraySpliterator,Spliterators.java,,NOT_IN_CACHE,False,Not In Cache,N/A,False,
java.util.Stack.<init>(),java.util.Stack,<init>,Stack.java,,NOT_IN_CACHE,False,Not In Cache,N/A,False,
java.util.Stack.empty(),java.util.Stack,empty,Stack.java,Pure,NOT_IN_CACHE,False,Not In Cache,N/A,False,
java.util.Stack.peek(),java.util.Stack,peek,Stack.java,Pure,NOT_IN_CACHE,False,Not In Cache,N/A,False,
java.util.Stack.pop(),java.util.Stack,pop,Stack.java,,NOT_IN_CACHE,False,Not In Cache,N/A,False,
java.util.Stack.push(java.lang.Object),java.util.Stack,push,Stack.java,,NOT_IN_CACHE,False,Not In Cache,N/A,False,
java.util.Stack.search(java.lang.Object),java.util.Stack,search,Stack.java,,NOT_IN_CACHE,False,Not In Cache,N/A,False,
java.util.StringJoiner.compactElts(),java.util.StringJoiner,compactElts,StringJoiner.java,,NOT_IN_CACHE,False,Not In Cache,N/A,False,
java.util.StringJoiner.length(),java.util.StringJoiner,length,StringJoiner.java,Pure,NOT_IN_CACHE,False,Not In Cache,N/A,False,
java.util.StringJoiner.merge(java.util.StringJoiner),java.util.StringJoiner,merge,StringJoiner.java,,NOT_IN_CACHE,False,Not In Cache,N/A,False,
java.util.StringJoiner.setEmptyValue(java.lang.CharSequence),java.util.StringJoiner,setEmptyValue,StringJoiner.java,,NOT_IN_CACHE,False,Not In Cache,N/A,False,
java.util.TaskQueue.add(java.util.TimerTask),java.util.TaskQueue,add,Timer.java,,NOT_IN_CACHE,False,Not In Cache,N/A,False,
java.util.TaskQueue.clear(),java.util.TaskQueue,clear,Timer.java,,NOT_IN_CACHE,False,Not In Cache,N/A,False,
java.util.TaskQueue.fixDown(int),java.util.TaskQueue,fixDown,Timer.java,,NOT_IN_CACHE,False,Not In Cache,N/A,False,
java.util.TaskQueue.fixUp(int),java.util.TaskQueue,fixUp,Timer.java,,NOT_IN_CACHE,False,Not In Cache,N/A,False,
java.util.TaskQueue.get(int),java.util.TaskQueue,get,Timer.java,,NOT_IN_CACHE,False,Not In Cache,N/A,False,
java.util.TaskQueue.getMin(),java.util.TaskQueue,getMin,Timer.java,,NOT_IN_CACHE,False,Not In Cache,N/A,False,
java.util.TaskQueue.heapify(),java.util.TaskQueue,heapify,Timer.java,,NOT_IN_CACHE,False,Not In Cache,N/A,False,
java.util.TaskQueue.isEmpty(),java.util.TaskQueue,isEmpty,Timer.java,Pure,NOT_IN_CACHE,False,Not In Cache,N/A,False,
java.util.TaskQueue.quickRemove(int),java.util.TaskQueue,quickRemove,Timer.java,,NOT_IN_CACHE,False,Not In Cache,N/A,False,
java.util.TaskQueue.removeMin(),java.util.TaskQueue,removeMin,Timer.java,,NOT_IN_CACHE,False,Not In Cache,N/A,False,
java.util.TaskQueue.rescheduleMin(long),java.util.TaskQueue,rescheduleMin,Timer.java,,NOT_IN_CACHE,False,Not In Cache,N/A,False,
java.util.TaskQueue.size(),java.util.TaskQueue,size,Timer.java,Pure,NOT_IN_CACHE,False,Not In Cache,N/A,False,
java.util.TimeZone.<init>(),java.util.TimeZone,<init>,TimeZone.java,,NOT_IN_CACHE,False,Not In Cache,N/A,False,
java.util.TimeZone.clone(),java.util.TimeZone,clone,TimeZone.java,SideEffectFree,NOT_IN_CACHE,True,Not In Cache,N/A,False,
java.util.TimeZone.getAvailableIDs(),java.util.TimeZone,getAvailableIDs,TimeZone.java,,NOT_IN_CACHE,False,Not In Cache,N/A,False,
java.util.TimeZone.getAvailableIDs(int),java.util.TimeZone,getAvailableIDs,TimeZone.java,,NOT_IN_CACHE,False,Not In Cache,N/A,False,
java.util.TimeZone.getDSTSavings(),java.util.TimeZone,getDSTSavings,TimeZone.java,Pure,NOT_IN_CACHE,True,Not In Cache,N/A,False,
java.util.TimeZone.getDefault(),java.util.TimeZone,getDefault,TimeZone.java,,NOT_IN_CACHE,False,Not In Cache,N/A,False,
java.util.TimeZone.getDefaultRef(),java.util.TimeZone,getDefaultRef,TimeZone.java,,NOT_IN_CACHE,False,Not In Cache,N/A,False,
java.util.TimeZone.getDisplayName(),java.util.TimeZone,getDisplayName,TimeZone.java,Pure,NOT_IN_CACHE,True,Not In Cache,N/A,False,
"java.util.TimeZone.getDisplayName(boolean,int)",java.util.TimeZone,getDisplayName,TimeZone.java,Pure,NOT_IN_CACHE,False,Not In Cache,N/A,False,
"java.util.TimeZone.getDisplayName(boolean,int,java.util.Locale)",java.util.TimeZone,getDisplayName,TimeZone.java,Pure,NOT_IN_CACHE,False,Not In Cache,N/A,False,
java.util.TimeZone.getDisplayName(java.util.Locale),java.util.TimeZone,getDisplayName,TimeZone.java,Pure,NOT_IN_CACHE,True,Not In Cache,N/A,False,
"java.util.TimeZone.getDisplayNames(java.lang.String,java.util.Locale)",java.util.TimeZone,getDisplayNames,TimeZone.java,,NOT_IN_CACHE,False,Not In Cache,N/A,False,
java.util.TimeZone.getID(),java.util.TimeZone,getID,TimeZone.java,,NOT_IN_CACHE,False,Not In Cache,N/A,False,
"java.util.TimeZone.getOffset(int,int,int,int,int,int)",java.util.TimeZone,getOffset,TimeZone.java,,NOT_IN_CACHE,False,Not In Cache,N/A,False,
java.util.TimeZone.getOffset(long),java.util.TimeZone,getOffset,TimeZone.java,,NOT_IN_CACHE,False,Not In Cache,N/A,False,
"java.util.TimeZone.getOffsets(long,int[])",java.util.TimeZone,getOffsets,TimeZone.java,,NOT_IN_CACHE,False,Not In Cache,N/A,False,
java.util.TimeZone.getRawOffset(),java.util.TimeZone,getRawOffset,TimeZone.java,,NOT_IN_CACHE,False,Not In Cache,N/A,False,
java.util.TimeZone.getSystemGMTOffsetID(),java.util.TimeZone,getSystemGMTOffsetID,TimeZone.java,,NOT_IN_CACHE,False,Not In Cache,N/A,False,
java.util.TimeZone.getSystemTimeZoneID(java.lang.String),java.util.TimeZone,getSystemTimeZoneID,TimeZone.java,,NOT_IN_CACHE,False,Not In Cache,N/A,False,
java.util.TimeZone.getTimeZone(java.lang.String),java.util.TimeZone,getTimeZone,TimeZone.java,Pure,NOT_IN_CACHE,True,Not In Cache,N/A,False,
"java.util.TimeZone.getTimeZone(java.lang.String,boolean)",java.util.TimeZone,getTimeZone,TimeZone.java,,NOT_IN_CACHE,False,Not In Cache,N/A,False,
java.util.TimeZone.getTimeZone(java.time.ZoneId),java.util.TimeZone,getTimeZone,TimeZone.java,,NOT_IN_CACHE,False,Not In Cache,N/A,False,
java.util.TimeZone.hasSameRules(java.util.TimeZone),java.util.TimeZone,hasSameRules,TimeZone.java,,NOT_IN_CACHE,False,Not In Cache,N/A,False,
java.util.TimeZone.inDaylightTime(java.util.Date),java.util.TimeZone,inDaylightTime,TimeZone.java,Pure,NOT_IN_CACHE,True,Not In Cache,N/A,False,
java.util.TimeZone.observesDaylightTime(),java.util.TimeZone,observesDaylightTime,TimeZone.java,,NOT_IN_CACHE,False,Not In Cache,N/A,False,
java.util.TimeZone.parseCustomTimeZone(java.lang.String),java.util.TimeZone,parseCustomTimeZone,TimeZone.java,,NOT_IN_CACHE,False,Not In Cache,N/A,False,
java.util.TimeZone.setDefault(java.util.TimeZone),java.util.TimeZone,setDefault,TimeZone.java,,NOT_IN_CACHE,False,Not In Cache,N/A,False,
java.util.TimeZone.setDefaultZone(),java.util.TimeZone,setDefaultZone,TimeZone.java,,NOT_IN_CACHE,False,Not In Cache,N/A,False,
java.util.TimeZone.setID(java.lang.String),java.util.TimeZone,setID,TimeZone.java,,NOT_IN_CACHE,False,Not In Cache,N/A,False,
java.util.TimeZone.setRawOffset(int),java.util.TimeZone,setRawOffset,TimeZone.java,,NOT_IN_CACHE,False,Not In Cache,N/A,False,
java.util.TimeZone.toZoneId(),java.util.TimeZone,toZoneId,TimeZone.java,,NOT_IN_CACHE,False,Not In Cache,N/A,False,
java.util.TimeZone.toZoneId0(),java.util.TimeZone,toZoneId0,TimeZone.java,,NOT_IN_CACHE,False,Not In Cache,N/A,False,
java.util.TimeZone.useDaylightTime(),java.util.TimeZone,useDaylightTime,TimeZone.java,Pure,NOT_IN_CACHE,True,Not In Cache,N/A,False,
"java.util.Timer$ThreadReaper.<init>(java.util.TaskQueue,java.util.TimerThread)",java.util.Timer$ThreadReaper,<init>,Timer.java,,NOT_IN_CACHE,False,Not In Cache,N/A,False,
java.util.Timer$ThreadReaper.run(),java.util.Timer$ThreadReaper,run,Timer.java,,NOT_IN_CACHE,False,Not In Cache,N/A,False,
java.util.Timer.<init>(),java.util.Timer,<init>,Timer.java,,NOT_IN_CACHE,False,Not In Cache,N/A,False,
java.util.Timer.<init>(boolean),java.util.Timer,<init>,Timer.java,,NOT_IN_CACHE,False,Not In Cache,N/A,False,
java.util.Timer.<init>(java.lang.String),java.util.Timer,<init>,Timer.java,,NOT_IN_CACHE,False,Not In Cache,N/A,False,
"java.util.Timer.<init>(java.lang.String,boolean)",java.util.Timer,<init>,Timer.java,,NOT_IN_CACHE,False,Not In Cache,N/A,False,
java.util.Timer.cancel(),java.util.Timer,cancel,Timer.java,,NOT_IN_CACHE,False,Not In Cache,N/A,False,
java.util.Timer.purge(),java.util.Timer,purge,Timer.java,,NOT_IN_CACHE,False,Not In Cache,N/A,False,
"java.util.Timer.sched(java.util.TimerTask,long,long)",java.util.Timer,sched,Timer.java,,NOT_IN_CACHE,False,Not In Cache,N/A,False,
"java.util.Timer.schedule(java.util.TimerTask,java.util.Date)",java.util.Timer,schedule,Timer.java,,NOT_IN_CACHE,False,Not In Cache,N/A,False,
"java.util.Timer.schedule(java.util.TimerTask,java.util.Date,long)",java.util.Timer,schedule,Timer.java,,NOT_IN_CACHE,False,Not In Cache,N/A,False,
"java.util.Timer.schedule(java.util.TimerTask,long)",java.util.Timer,schedule,Timer.java,,NOT_IN_CACHE,False,Not In Cache,N/A,False,
"java.util.Timer.schedule(java.util.TimerTask,long,long)",java.util.Timer,schedule,Timer.java,,NOT_IN_CACHE,False,Not In Cache,N/A,False,
"java.util.Timer.scheduleAtFixedRate(java.util.TimerTask,java.util.Date,long)",java.util.Timer,scheduleAtFixedRate,Timer.java,,NOT_IN_CACHE,False,Not In Cache,N/A,False,
"java.util.Timer.scheduleAtFixedRate(java.util.TimerTask,long,long)",java.util.Timer,scheduleAtFixedRate,Timer.java,,NOT_IN_CACHE,False,Not In Cache,N/A,False,
java.util.Timer.serialNumber(),java.util.Timer,serialNumber,Timer.java,,NOT_IN_CACHE,False,Not In Cache,N/A,False,
java.util.TimerThread.<init>(java.util.TaskQueue),java.util.TimerThread,<init>,Timer.java,,NOT_IN_CACHE,False,Not In Cache,N/A,False,
java.util.TimerThread.mainLoop(),java.util.TimerThread,mainLoop,Timer.java,,NOT_IN_CACHE,False,Not In Cache,N/A,False,
java.util.TimerThread.run(),java.util.TimerThread,run,Timer.java,,NOT_IN_CACHE,False,Not In Cache,N/A,False,
java.util.TreeMap$AscendingSubMap$AscendingEntrySetView.absHighFence(),java.util.TreeMap$AscendingSubMap$AscendingEntrySetView,absHighFence,TreeMap.java,,NOT_IN_CACHE,False,Not In Cache,N/A,False,
java.util.TreeMap$AscendingSubMap$AscendingEntrySetView.iterator(),java.util.TreeMap$AscendingSubMap$AscendingEntrySetView,iterator,TreeMap.java,,NOT_IN_CACHE,False,Not In Cache,N/A,False,
"java.util.TreeMap$AscendingSubMap.<init>(java.util.TreeMap,boolean,java.lang.Object,boolean,boolean,java.lang.Object,boolean)",java.util.TreeMap$AscendingSubMap,<init>,TreeMap.java,,NOT_IN_CACHE,False,Not In Cache,N/A,False,
java.util.TreeMap$AscendingSubMap.absHighFence(),java.util.TreeMap$AscendingSubMap,absHighFence,TreeMap.java,,NOT_IN_CACHE,False,Not In Cache,N/A,False,
java.util.TreeMap$AscendingSubMap.absLowFence(),java.util.TreeMap$AscendingSubMap,absLowFence,TreeMap.java,,NOT_IN_CACHE,False,Not In Cache,N/A,False,
java.util.TreeMap$AscendingSubMap.comparator(),java.util.TreeMap$AscendingSubMap,comparator,TreeMap.java,,NOT_IN_CACHE,False,Not In Cache,N/A,False,
java.util.TreeMap$AscendingSubMap.descendingKeyIterator(),java.util.TreeMap$AscendingSubMap,descendingKeyIterator,TreeMap.java,,NOT_IN_CACHE,False,Not In Cache,N/A,False,
java.util.TreeMap$AscendingSubMap.descendingMap(),java.util.TreeMap$AscendingSubMap,descendingMap,TreeMap.java,SideEffectFree,NOT_IN_CACHE,False,Not In Cache,N/A,False,
java.util.TreeMap$AscendingSubMap.entrySet(),java.util.TreeMap$AscendingSubMap,entrySet,TreeMap.java,SideEffectFree,NOT_IN_CACHE,False,Not In Cache,N/A,False,
"java.util.TreeMap$AscendingSubMap.headMap(java.lang.Object,boolean)",java.util.TreeMap$AscendingSubMap,headMap,TreeMap.java,SideEffectFree,NOT_IN_CACHE,False,Not In Cache,N/A,False,
java.util.TreeMap$AscendingSubMap.keyIterator(),java.util.TreeMap$AscendingSubMap,keyIterator,TreeMap.java,,NOT_IN_CACHE,False,Not In Cache,N/A,False,
java.util.TreeMap$AscendingSubMap.keySpliterator(),java.util.TreeMap$AscendingSubMap,keySpliterator,TreeMap.java,,NOT_IN_CACHE,False,Not In Cache,N/A,False,
java.util.TreeMap$AscendingSubMap.subCeiling(java.lang.Object),java.util.TreeMap$AscendingSubMap,subCeiling,TreeMap.java,,NOT_IN_CACHE,False,Not In Cache,N/A,False,
java.util.TreeMap$AscendingSubMap.subFloor(java.lang.Object),java.util.TreeMap$AscendingSubMap,subFloor,TreeMap.java,,NOT_IN_CACHE,False,Not In Cache,N/A,False,
java.util.TreeMap$AscendingSubMap.subHigher(java.lang.Object),java.util.TreeMap$AscendingSubMap,subHigher,TreeMap.java,,NOT_IN_CACHE,False,Not In Cache,N/A,False,
java.util.TreeMap$AscendingSubMap.subHighest(),java.util.TreeMap$AscendingSubMap,subHighest,TreeMap.java,,NOT_IN_CACHE,False,Not In Cache,N/A,False,
java.util.TreeMap$AscendingSubMap.subLower(java.lang.Object),java.util.TreeMap$AscendingSubMap,subLower,TreeMap.java,,NOT_IN_CACHE,False,Not In Cache,N/A,False,
java.util.TreeMap$AscendingSubMap.subLowest(),java.util.TreeMap$AscendingSubMap,subLowest,TreeMap.java,,NOT_IN_CACHE,False,Not In Cache,N/A,False,
"java.util.TreeMap$AscendingSubMap.subMap(java.lang.Object,boolean,java.lang.Object,boolean)",java.util.TreeMap$AscendingSubMap,subMap,TreeMap.java,SideEffectFree,NOT_IN_CACHE,False,Not In Cache,N/A,False,
"java.util.TreeMap$AscendingSubMap.tailMap(java.lang.Object,boolean)",java.util.TreeMap$AscendingSubMap,tailMap,TreeMap.java,SideEffectFree,NOT_IN_CACHE,False,Not In Cache,N/A,False,
java.util.TreeMap$DescendingKeyIterator.<init>(java.util.Entry),java.util.TreeMap$DescendingKeyIterator,<init>,TreeMap.java,,NOT_IN_CACHE,False,Not In Cache,N/A,False,
java.util.TreeMap$DescendingKeyIterator.next(),java.util.TreeMap$DescendingKeyIterator,next,TreeMap.java,,NOT_IN_CACHE,False,Not In Cache,N/A,False,
java.util.TreeMap$DescendingKeyIterator.remove(),java.util.TreeMap$DescendingKeyIterator,remove,TreeMap.java,,NOT_IN_CACHE,False,Not In Cache,N/A,False,
"java.util.TreeMap$DescendingKeySpliterator.<init>(java.util.TreeMap,java.util.TreeMap$Entry,java.util.TreeMap$Entry,int,int,int)",java.util.TreeMap$DescendingKeySpliterator,<init>,TreeMap.java,,NOT_IN_CACHE,False,Not In Cache,N/A,False,
java.util.TreeMap$DescendingKeySpliterator.characteristics(),java.util.TreeMap$DescendingKeySpliterator,characteristics,TreeMap.java,,NOT_IN_CACHE,False,Not In Cache,N/A,False,
java.util.TreeMap$DescendingKeySpliterator.forEachRemaining(java.util.function.Consumer),java.util.TreeMap$DescendingKeySpliterator,forEachRemaining,TreeMap.java,,NOT_IN_CACHE,False,Not In Cache,N/A,False,
java.util.TreeMap$DescendingKeySpliterator.tryAdvance(java.util.function.Consumer),java.util.TreeMap$DescendingKeySpliterator,tryAdvance,TreeMap.java,,NOT_IN_CACHE,False,Not In Cache,N/A,False,
java.util.TreeMap$DescendingKeySpliterator.trySplit(),java.util.TreeMap$DescendingKeySpliterator,trySplit,TreeMap.java,,NOT_IN_CACHE,False,Not In Cache,N/A,False,
java.util.TreeMap$DescendingSubMap$DescendingEntrySetView.absLowFence(),java.util.TreeMap$DescendingSubMap$DescendingEntrySetView,absLowFence,TreeMap.java,,NOT_IN_CACHE,False,Not In Cache,N/A,False,
java.util.TreeMap$DescendingSubMap$DescendingEntrySetView.iterator(),java.util.TreeMap$DescendingSubMap$DescendingEntrySetView,iterator,TreeMap.java,,NOT_IN_CACHE,False,Not In Cache,N/A,False,
"java.util.TreeMap$DescendingSubMap.<init>(java.util.TreeMap,boolean,java.lang.Object,boolean,boolean,java.lang.Object,boolean)",java.util.TreeMap$DescendingSubMap,<init>,TreeMap.java,,NOT_IN_CACHE,False,Not In Cache,N/A,False,
java.util.TreeMap$DescendingSubMap.absHighFence(),java.util.TreeMap$DescendingSubMap,absHighFence,TreeMap.java,,NOT_IN_CACHE,False,Not In Cache,N/A,False,
java.util.TreeMap$DescendingSubMap.absLowFence(),java.util.TreeMap$DescendingSubMap,absLowFence,TreeMap.java,,NOT_IN_CACHE,False,Not In Cache,N/A,False,
java.util.TreeMap$DescendingSubMap.comparator(),java.util.TreeMap$DescendingSubMap,comparator,TreeMap.java,,NOT_IN_CACHE,False,Not In Cache,N/A,False,
java.util.TreeMap$DescendingSubMap.descendingKeyIterator(),java.util.TreeMap$DescendingSubMap,descendingKeyIterator,TreeMap.java,,NOT_IN_CACHE,False,Not In Cache,N/A,False,
java.util.TreeMap$DescendingSubMap.descendingMap(),java.util.TreeMap$DescendingSubMap,descendingMap,TreeMap.java,SideEffectFree,NOT_IN_CACHE,False,Not In Cache,N/A,False,
java.util.TreeMap$DescendingSubMap.entrySet(),java.util.TreeMap$DescendingSubMap,entrySet,TreeMap.java,SideEffectFree,NOT_IN_CACHE,False,Not In Cache,N/A,False,
"java.util.TreeMap$DescendingSubMap.headMap(java.lang.Object,boolean)",java.util.TreeMap$DescendingSubMap,headMap,TreeMap.java,SideEffectFree,NOT_IN_CACHE,False,Not In Cache,N/A,False,
java.util.TreeMap$DescendingSubMap.keyIterator(),java.util.TreeMap$DescendingSubMap,keyIterator,TreeMap.java,,NOT_IN_CACHE,False,Not In Cache,N/A,False,
java.util.TreeMap$DescendingSubMap.keySpliterator(),java.util.TreeMap$DescendingSubMap,keySpliterator,TreeMap.java,,NOT_IN_CACHE,False,Not In Cache,N/A,False,
java.util.TreeMap$DescendingSubMap.subCeiling(java.lang.Object),java.util.TreeMap$DescendingSubMap,subCeiling,TreeMap.java,,NOT_IN_CACHE,False,Not In Cache,N/A,False,
java.util.TreeMap$DescendingSubMap.subFloor(java.lang.Object),java.util.TreeMap$DescendingSubMap,subFloor,TreeMap.java,,NOT_IN_CACHE,False,Not In Cache,N/A,False,
java.util.TreeMap$DescendingSubMap.subHigher(java.lang.Object),java.util.TreeMap$DescendingSubMap,subHigher,TreeMap.java,,NOT_IN_CACHE,False,Not In Cache,N/A,False,
java.util.TreeMap$DescendingSubMap.subHighest(),java.util.TreeMap$DescendingSubMap,subHighest,TreeMap.java,,NOT_IN_CACHE,False,Not In Cache,N/A,False,
java.util.TreeMap$DescendingSubMap.subLower(java.lang.Object),java.util.TreeMap$DescendingSubMap,subLower,TreeMap.java,,NOT_IN_CACHE,False,Not In Cache,N/A,False,
java.util.TreeMap$DescendingSubMap.subLowest(),java.util.TreeMap$DescendingSubMap,subLowest,TreeMap.java,,NOT_IN_CACHE,False,Not In Cache,N/A,False,
"java.util.TreeMap$DescendingSubMap.subMap(java.lang.Object,boolean,java.lang.Object,boolean)",java.util.TreeMap$DescendingSubMap,subMap,TreeMap.java,SideEffectFree,NOT_IN_CACHE,False,Not In Cache,N/A,False,
"java.util.TreeMap$DescendingSubMap.tailMap(java.lang.Object,boolean)",java.util.TreeMap$DescendingSubMap,tailMap,TreeMap.java,SideEffectFree,NOT_IN_CACHE,False,Not In Cache,N/A,False,
"java.util.TreeMap$Entry.<init>(java.lang.Object,java.lang.Object,java.util.Entry)",java.util.TreeMap$Entry,<init>,TreeMap.java,,NOT_IN_CACHE,False,Not In Cache,N/A,False,
java.util.TreeMap$Entry.equals(java.lang.Object),java.util.TreeMap$Entry,equals,TreeMap.java,,NOT_IN_CACHE,False,Not In Cache,N/A,False,
java.util.TreeMap$Entry.getKey(),java.util.TreeMap$Entry,getKey,TreeMap.java,,NOT_IN_CACHE,False,Not In Cache,N/A,False,
java.util.TreeMap$Entry.getValue(),java.util.TreeMap$Entry,getValue,TreeMap.java,,NOT_IN_CACHE,False,Not In Cache,N/A,False,
java.util.TreeMap$Entry.hashCode(),java.util.TreeMap$Entry,hashCode,TreeMap.java,,NOT_IN_CACHE,False,Not In Cache,N/A,False,
java.util.TreeMap$Entry.setValue(java.lang.Object),java.util.TreeMap$Entry,setValue,TreeMap.java,,NOT_IN_CACHE,False,Not In Cache,N/A,False,
java.util.TreeMap$Entry.toString(),java.util.TreeMap$Entry,toString,TreeMap.java,,NOT_IN_CACHE,False,Not In Cache,N/A,False,
java.util.TreeMap$EntryIterator.<init>(java.util.Entry),java.util.TreeMap$EntryIterator,<init>,TreeMap.java,,NOT_IN_CACHE,False,Not In Cache,N/A,False,
java.util.TreeMap$EntryIterator.next(),java.util.TreeMap$EntryIterator,next,TreeMap.java,,NOT_IN_CACHE,False,Not In Cache,N/A,False,
java.util.TreeMap$EntrySet.clear(),java.util.TreeMap$EntrySet,clear,TreeMap.java,,NOT_IN_CACHE,False,Not In Cache,N/A,False,
java.util.TreeMap$EntrySet.contains(java.lang.Object),java.util.TreeMap$EntrySet,contains,TreeMap.java,Pure,NOT_IN_CACHE,False,Not In Cache,N/A,False,
java.util.TreeMap$EntrySet.iterator(),java.util.TreeMap$EntrySet,iterator,TreeMap.java,SideEffectFree,NOT_IN_CACHE,False,Not In Cache,N/A,False,
java.util.TreeMap$EntrySet.remove(java.lang.Object),java.util.TreeMap$EntrySet,remove,TreeMap.java,,NOT_IN_CACHE,False,Not In Cache,N/A,False,
java.util.TreeMap$EntrySet.size(),java.util.TreeMap$EntrySet,size,TreeMap.java,Pure,NOT_IN_CACHE,False,Not In Cache,N/A,False,
java.util.TreeMap$EntrySet.spliterator(),java.util.TreeMap$EntrySet,spliterator,TreeMap.java,SideEffectFree,NOT_IN_CACHE,False,Not In Cache,N/A,False,
"java.util.TreeMap$EntrySpliterator.<init>(java.util.TreeMap,java.util.TreeMap$Entry,java.util.TreeMap$Entry,int,int,int)",java.util.TreeMap$EntrySpliterator,<init>,TreeMap.java,,NOT_IN_CACHE,False,Not In Cache,N/A,False,
java.util.TreeMap$EntrySpliterator.characteristics(),java.util.TreeMap$EntrySpliterator,characteristics,TreeMap.java,,NOT_IN_CACHE,False,Not In Cache,N/A,False,
java.util.TreeMap$EntrySpliterator.forEachRemaining(java.util.function.Consumer),java.util.TreeMap$EntrySpliterator,forEachRemaining,TreeMap.java,,NOT_IN_CACHE,False,Not In Cache,N/A,False,
java.util.TreeMap$EntrySpliterator.getComparator(),java.util.TreeMap$EntrySpliterator,getComparator,TreeMap.java,,NOT_IN_CACHE,False,Not In Cache,N/A,False,
java.util.TreeMap$EntrySpliterator.tryAdvance(java.util.function.Consumer),java.util.TreeMap$EntrySpliterator,tryAdvance,TreeMap.java,,NOT_IN_CACHE,False,Not In Cache,N/A,False,
java.util.TreeMap$EntrySpliterator.trySplit(),java.util.TreeMap$EntrySpliterator,trySplit,TreeMap.java,,NOT_IN_CACHE,False,Not In Cache,N/A,False,
java.util.TreeMap$KeyIterator.<init>(java.util.Entry),java.util.TreeMap$KeyIterator,<init>,TreeMap.java,,NOT_IN_CACHE,False,Not In Cache,N/A,False,
java.util.TreeMap$KeyIterator.next(),java.util.TreeMap$KeyIterator,next,TreeMap.java,,NOT_IN_CACHE,False,Not In Cache,N/A,False,
java.util.TreeMap$KeySet.<init>(java.util.NavigableMap),java.util.TreeMap$KeySet,<init>,TreeMap.java,,NOT_IN_CACHE,False,Not In Cache,N/A,False,
java.util.TreeMap$KeySet.ceiling(java.lang.Object),java.util.TreeMap$KeySet,ceiling,TreeMap.java,,NOT_IN_CACHE,False,Not In Cache,N/A,False,
java.util.TreeMap$KeySet.clear(),java.util.TreeMap$KeySet,clear,TreeMap.java,,NOT_IN_CACHE,False,Not In Cache,N/A,False,
java.util.TreeMap$KeySet.comparator(),java.util.TreeMap$KeySet,comparator,TreeMap.java,,NOT_IN_CACHE,False,Not In Cache,N/A,False,
java.util.TreeMap$KeySet.contains(java.lang.Object),java.util.TreeMap$KeySet,contains,TreeMap.java,Pure,NOT_IN_CACHE,False,Not In Cache,N/A,False,
java.util.TreeMap$KeySet.descendingIterator(),java.util.TreeMap$KeySet,descendingIterator,TreeMap.java,,NOT_IN_CACHE,False,Not In Cache,N/A,False,
java.util.TreeMap$KeySet.descendingSet(),java.util.TreeMap$KeySet,descendingSet,TreeMap.java,,NOT_IN_CACHE,False,Not In Cache,N/A,False,
java.util.TreeMap$KeySet.first(),java.util.TreeMap$KeySet,first,TreeMap.java,,NOT_IN_CACHE,False,Not In Cache,N/A,False,
java.util.TreeMap$KeySet.floor(java.lang.Object),java.util.TreeMap$KeySet,floor,TreeMap.java,,NOT_IN_CACHE,False,Not In Cache,N/A,False,
java.util.TreeMap$KeySet.headSet(java.lang.Object),java.util.TreeMap$KeySet,headSet,TreeMap.java,,NOT_IN_CACHE,False,Not In Cache,N/A,False,
"java.util.TreeMap$KeySet.headSet(java.lang.Object,boolean)",java.util.TreeMap$KeySet,headSet,TreeMap.java,,NOT_IN_CACHE,False,Not In Cache,N/A,False,
java.util.TreeMap$KeySet.higher(java.lang.Object),java.util.TreeMap$KeySet,higher,TreeMap.java,,NOT_IN_CACHE,False,Not In Cache,N/A,False,
java.util.TreeMap$KeySet.isEmpty(),java.util.TreeMap$KeySet,isEmpty,TreeMap.java,Pure,NOT_IN_CACHE,False,Not In Cache,N/A,False,
java.util.TreeMap$KeySet.iterator(),java.util.TreeMap$KeySet,iterator,TreeMap.java,SideEffectFree,NOT_IN_CACHE,False,Not In Cache,N/A,False,
java.util.TreeMap$KeySet.last(),java.util.TreeMap$KeySet,last,TreeMap.java,,NOT_IN_CACHE,False,Not In Cache,N/A,False,
java.util.TreeMap$KeySet.lower(java.lang.Object),java.util.TreeMap$KeySet,lower,TreeMap.java,,NOT_IN_CACHE,False,Not In Cache,N/A,False,
java.util.TreeMap$KeySet.pollFirst(),java.util.TreeMap$KeySet,pollFirst,TreeMap.java,,NOT_IN_CACHE,False,Not In Cache,N/A,False,
java.util.TreeMap$KeySet.pollLast(),java.util.TreeMap$KeySet,pollLast,TreeMap.java,,NOT_IN_CACHE,False,Not In Cache,N/A,False,
java.util.TreeMap$KeySet.remove(java.lang.Object),java.util.TreeMap$KeySet,remove,TreeMap.java,,NOT_IN_CACHE,False,Not In Cache,N/A,False,
java.util.TreeMap$KeySet.size(),java.util.TreeMap$KeySet,size,TreeMap.java,Pure,NOT_IN_CACHE,False,Not In Cache,N/A,False,
java.util.TreeMap$KeySet.spliterator(),java.util.TreeMap$KeySet,spliterator,TreeMap.java,SideEffectFree,NOT_IN_CACHE,False,Not In Cache,N/A,False,
"java.util.TreeMap$KeySet.subSet(java.lang.Object,boolean,java.lang.Object,boolean)",java.util.TreeMap$KeySet,subSet,TreeMap.java,,NOT_IN_CACHE,False,Not In Cache,N/A,False,
"java.util.TreeMap$KeySet.subSet(java.lang.Object,java.lang.Object)",java.util.TreeMap$KeySet,subSet,TreeMap.java,,NOT_IN_CACHE,False,Not In Cache,N/A,False,
java.util.TreeMap$KeySet.tailSet(java.lang.Object),java.util.TreeMap$KeySet,tailSet,TreeMap.java,,NOT_IN_CACHE,False,Not In Cache,N/A,False,
"java.util.TreeMap$KeySet.tailSet(java.lang.Object,boolean)",java.util.TreeMap$KeySet,tailSet,TreeMap.java,,NOT_IN_CACHE,False,Not In Cache,N/A,False,
"java.util.TreeMap$KeySpliterator.<init>(java.util.TreeMap,java.util.TreeMap$Entry,java.util.TreeMap$Entry,int,int,int)",java.util.TreeMap$KeySpliterator,<init>,TreeMap.java,,NOT_IN_CACHE,False,Not In Cache,N/A,False,
java.util.TreeMap$KeySpliterator.characteristics(),java.util.TreeMap$KeySpliterator,characteristics,TreeMap.java,,NOT_IN_CACHE,False,Not In Cache,N/A,False,
java.util.TreeMap$KeySpliterator.forEachRemaining(java.util.function.Consumer),java.util.TreeMap$KeySpliterator,forEachRemaining,TreeMap.java,,NOT_IN_CACHE,False,Not In Cache,N/A,False,
java.util.TreeMap$KeySpliterator.getComparator(),java.util.TreeMap$KeySpliterator,getComparator,TreeMap.java,,NOT_IN_CACHE,False,Not In Cache,N/A,False,
java.util.TreeMap$KeySpliterator.tryAdvance(java.util.function.Consumer),java.util.TreeMap$KeySpliterator,tryAdvance,TreeMap.java,,NOT_IN_CACHE,False,Not In Cache,N/A,False,
java.util.TreeMap$KeySpliterator.trySplit(),java.util.TreeMap$KeySpliterator,trySplit,TreeMap.java,,NOT_IN_CACHE,False,Not In Cache,N/A,False,
"java.util.TreeMap$NavigableSubMap$DescendingSubMapEntryIterator.<init>(java.util.TreeMap$Entry,java.util.TreeMap$Entry)",java.util.TreeMap$NavigableSubMap$DescendingSubMapEntryIterator,<init>,TreeMap.java,,NOT_IN_CACHE,False,Not In Cache,N/A,False,
java.util.TreeMap$NavigableSubMap$DescendingSubMapEntryIterator.next(),java.util.TreeMap$NavigableSubMap$DescendingSubMapEntryIterator,next,TreeMap.java,,NOT_IN_CACHE,False,Not In Cache,N/A,False,
java.util.TreeMap$NavigableSubMap$DescendingSubMapEntryIterator.remove(),java.util.TreeMap$NavigableSubMap$DescendingSubMapEntryIterator,remove,TreeMap.java,,NOT_IN_CACHE,False,Not In Cache,N/A,False,
"java.util.TreeMap$NavigableSubMap$DescendingSubMapKeyIterator.<init>(java.util.TreeMap$Entry,java.util.TreeMap$Entry)",java.util.TreeMap$NavigableSubMap$DescendingSubMapKeyIterator,<init>,TreeMap.java,,NOT_IN_CACHE,False,Not In Cache,N/A,False,
java.util.TreeMap$NavigableSubMap$DescendingSubMapKeyIterator.characteristics(),java.util.TreeMap$NavigableSubMap$DescendingSubMapKeyIterator,characteristics,TreeMap.java,,NOT_IN_CACHE,False,Not In Cache,N/A,False,
java.util.TreeMap$NavigableSubMap$DescendingSubMapKeyIterator.estimateSize(),java.util.TreeMap$NavigableSubMap$DescendingSubMapKeyIterator,estimateSize,TreeMap.java,,NOT_IN_CACHE,False,Not In Cache,N/A,False,
java.util.TreeMap$NavigableSubMap$DescendingSubMapKeyIterator.forEachRemaining(java.util.function.Consumer),java.util.TreeMap$NavigableSubMap$DescendingSubMapKeyIterator,forEachRemaining,TreeMap.java,,NOT_IN_CACHE,False,Not In Cache,N/A,False,
java.util.TreeMap$NavigableSubMap$DescendingSubMapKeyIterator.next(),java.util.TreeMap$NavigableSubMap$DescendingSubMapKeyIterator,next,TreeMap.java,,NOT_IN_CACHE,False,Not In Cache,N/A,False,
java.util.TreeMap$NavigableSubMap$DescendingSubMapKeyIterator.remove(),java.util.TreeMap$NavigableSubMap$DescendingSubMapKeyIterator,remove,TreeMap.java,,NOT_IN_CACHE,False,Not In Cache,N/A,False,
java.util.TreeMap$NavigableSubMap$DescendingSubMapKeyIterator.tryAdvance(java.util.function.Consumer),java.util.TreeMap$NavigableSubMap$DescendingSubMapKeyIterator,tryAdvance,TreeMap.java,,NOT_IN_CACHE,False,Not In Cache,N/A,False,
java.util.TreeMap$NavigableSubMap$DescendingSubMapKeyIterator.trySplit(),java.util.TreeMap$NavigableSubMap$DescendingSubMapKeyIterator,trySplit,TreeMap.java,,NOT_IN_CACHE,False,Not In Cache,N/A,False,
java.util.TreeMap$NavigableSubMap$EntrySetView.contains(java.lang.Object),java.util.TreeMap$NavigableSubMap$EntrySetView,contains,TreeMap.java,Pure,NOT_IN_CACHE,False,Not In Cache,N/A,False,
java.util.TreeMap$NavigableSubMap$EntrySetView.isEmpty(),java.util.TreeMap$NavigableSubMap$EntrySetView,isEmpty,TreeMap.java,Pure,NOT_IN_CACHE,False,Not In Cache,N/A,False,
java.util.TreeMap$NavigableSubMap$EntrySetView.remove(java.lang.Object),java.util.TreeMap$NavigableSubMap$EntrySetView,remove,TreeMap.java,,NOT_IN_CACHE,False,Not In Cache,N/A,False,
java.util.TreeMap$NavigableSubMap$EntrySetView.size(),java.util.TreeMap$NavigableSubMap$EntrySetView,size,TreeMap.java,Pure,NOT_IN_CACHE,False,Not In Cache,N/A,False,
"java.util.TreeMap$NavigableSubMap$SubMapEntryIterator.<init>(java.util.TreeMap$Entry,java.util.TreeMap$Entry)",java.util.TreeMap$NavigableSubMap$SubMapEntryIterator,<init>,TreeMap.java,,NOT_IN_CACHE,False,Not In Cache,N/A,False,
java.util.TreeMap$NavigableSubMap$SubMapEntryIterator.next(),java.util.TreeMap$NavigableSubMap$SubMapEntryIterator,next,TreeMap.java,,NOT_IN_CACHE,False,Not In Cache,N/A,False,
java.util.TreeMap$NavigableSubMap$SubMapEntryIterator.remove(),java.util.TreeMap$NavigableSubMap$SubMapEntryIterator,remove,TreeMap.java,,NOT_IN_CACHE,False,Not In Cache,N/A,False,
"java.util.TreeMap$NavigableSubMap$SubMapIterator.<init>(java.util.TreeMap$Entry,java.util.TreeMap$Entry)",java.util.TreeMap$NavigableSubMap$SubMapIterator,<init>,TreeMap.java,,NOT_IN_CACHE,False,Not In Cache,N/A,False,
java.util.TreeMap$NavigableSubMap$SubMapIterator.hasNext(),java.util.TreeMap$NavigableSubMap$SubMapIterator,hasNext,TreeMap.java,Pure,NOT_IN_CACHE,False,Not In Cache,N/A,False,
java.util.TreeMap$NavigableSubMap$SubMapIterator.nextEntry(),java.util.TreeMap$NavigableSubMap$SubMapIterator,nextEntry,TreeMap.java,,NOT_IN_CACHE,False,Not In Cache,N/A,False,
java.util.TreeMap$NavigableSubMap$SubMapIterator.prevEntry(),java.util.TreeMap$NavigableSubMap$SubMapIterator,prevEntry,TreeMap.java,,NOT_IN_CACHE,False,Not In Cache,N/A,False,
java.util.TreeMap$NavigableSubMap$SubMapIterator.removeAscending(),java.util.TreeMap$NavigableSubMap$SubMapIterator,removeAscending,TreeMap.java,,NOT_IN_CACHE,False,Not In Cache,N/A,False,
java.util.TreeMap$NavigableSubMap$SubMapIterator.removeDescending(),java.util.TreeMap$NavigableSubMap$SubMapIterator,removeDescending,TreeMap.java,,NOT_IN_CACHE,False,Not In Cache,N/A,False,
"java.util.TreeMap$NavigableSubMap$SubMapKeyIterator.<init>(java.util.TreeMap$Entry,java.util.TreeMap$Entry)",java.util.TreeMap$NavigableSubMap$SubMapKeyIterator,<init>,TreeMap.java,,NOT_IN_CACHE,False,Not In Cache,N/A,False,
java.util.TreeMap$NavigableSubMap$SubMapKeyIterator.characteristics(),java.util.TreeMap$NavigableSubMap$SubMapKeyIterator,characteristics,TreeMap.java,,NOT_IN_CACHE,False,Not In Cache,N/A,False,
java.util.TreeMap$NavigableSubMap$SubMapKeyIterator.estimateSize(),java.util.TreeMap$NavigableSubMap$SubMapKeyIterator,estimateSize,TreeMap.java,,NOT_IN_CACHE,False,Not In Cache,N/A,False,
java.util.TreeMap$NavigableSubMap$SubMapKeyIterator.forEachRemaining(java.util.function.Consumer),java.util.TreeMap$NavigableSubMap$SubMapKeyIterator,forEachRemaining,TreeMap.java,,NOT_IN_CACHE,False,Not In Cache,N/A,False,
java.util.TreeMap$NavigableSubMap$SubMapKeyIterator.getComparator(),java.util.TreeMap$NavigableSubMap$SubMapKeyIterator,getComparator,TreeMap.java,,NOT_IN_CACHE,False,Not In Cache,N/A,False,
java.util.TreeMap$NavigableSubMap$SubMapKeyIterator.next(),java.util.TreeMap$NavigableSubMap$SubMapKeyIterator,next,TreeMap.java,,NOT_IN_CACHE,False,Not In Cache,N/A,False,
java.util.TreeMap$NavigableSubMap$SubMapKeyIterator.remove(),java.util.TreeMap$NavigableSubMap$SubMapKeyIterator,remove,TreeMap.java,,NOT_IN_CACHE,False,Not In Cache,N/A,False,
java.util.TreeMap$NavigableSubMap$SubMapKeyIterator.tryAdvance(java.util.function.Consumer),java.util.TreeMap$NavigableSubMap$SubMapKeyIterator,tryAdvance,TreeMap.java,,NOT_IN_CACHE,False,Not In Cache,N/A,False,
java.util.TreeMap$NavigableSubMap$SubMapKeyIterator.trySplit(),java.util.TreeMap$NavigableSubMap$SubMapKeyIterator,trySplit,TreeMap.java,,NOT_IN_CACHE,False,Not In Cache,N/A,False,
"java.util.TreeMap$NavigableSubMap.<init>(java.util.TreeMap,boolean,java.lang.Object,boolean,boolean,java.lang.Object,boolean)",java.util.TreeMap$NavigableSubMap,<init>,TreeMap.java,,NOT_IN_CACHE,False,Not In Cache,N/A,False,
java.util.TreeMap$NavigableSubMap.absCeiling(java.lang.Object),java.util.TreeMap$NavigableSubMap,absCeiling,TreeMap.java,,NOT_IN_CACHE,False,Not In Cache,N/A,False,
java.util.TreeMap$NavigableSubMap.absFloor(java.lang.Object),java.util.TreeMap$NavigableSubMap,absFloor,TreeMap.java,,NOT_IN_CACHE,False,Not In Cache,N/A,False,
java.util.TreeMap$NavigableSubMap.absHighFence(),java.util.TreeMap$NavigableSubMap,absHighFence,TreeMap.java,,NOT_IN_CACHE,False,Not In Cache,N/A,False,
java.util.TreeMap$NavigableSubMap.absHigher(java.lang.Object),java.util.TreeMap$NavigableSubMap,absHigher,TreeMap.java,,NOT_IN_CACHE,False,Not In Cache,N/A,False,
java.util.TreeMap$NavigableSubMap.absHighest(),java.util.TreeMap$NavigableSubMap,absHighest,TreeMap.java,,NOT_IN_CACHE,False,Not In Cache,N/A,False,
java.util.TreeMap$NavigableSubMap.absLowFence(),java.util.TreeMap$NavigableSubMap,absLowFence,TreeMap.java,,NOT_IN_CACHE,False,Not In Cache,N/A,False,
java.util.TreeMap$NavigableSubMap.absLower(java.lang.Object),java.util.TreeMap$NavigableSubMap,absLower,TreeMap.java,,NOT_IN_CACHE,False,Not In Cache,N/A,False,
java.util.TreeMap$NavigableSubMap.absLowest(),java.util.TreeMap$NavigableSubMap,absLowest,TreeMap.java,,NOT_IN_CACHE,False,Not In Cache,N/A,False,
java.util.TreeMap$NavigableSubMap.ceilingEntry(java.lang.Object),java.util.TreeMap$NavigableSubMap,ceilingEntry,TreeMap.java,,NOT_IN_CACHE,False,Not In Cache,N/A,False,
java.util.TreeMap$NavigableSubMap.ceilingKey(java.lang.Object),java.util.TreeMap$NavigableSubMap,ceilingKey,TreeMap.java,,NOT_IN_CACHE,False,Not In Cache,N/A,False,
"java.util.TreeMap$NavigableSubMap.compute(java.lang.Object,java.util.function.BiFunction)",java.util.TreeMap$NavigableSubMap,compute,TreeMap.java,,NOT_IN_CACHE,False,Not In Cache,N/A,False,
"java.util.TreeMap$NavigableSubMap.computeIfAbsent(java.lang.Object,java.util.function.Function)",java.util.TreeMap$NavigableSubMap,computeIfAbsent,TreeMap.java,,NOT_IN_CACHE,False,Not In Cache,N/A,False,
"java.util.TreeMap$NavigableSubMap.computeIfPresent(java.lang.Object,java.util.function.BiFunction)",java.util.TreeMap$NavigableSubMap,computeIfPresent,TreeMap.java,,NOT_IN_CACHE,False,Not In Cache,N/A,False,
java.util.TreeMap$NavigableSubMap.containsKey(java.lang.Object),java.util.TreeMap$NavigableSubMap,containsKey,TreeMap.java,Pure,NOT_IN_CACHE,False,Not In Cache,N/A,False,
java.util.TreeMap$NavigableSubMap.descendingKeyIterator(),java.util.TreeMap$NavigableSubMap,descendingKeyIterator,TreeMap.java,,NOT_IN_CACHE,False,Not In Cache,N/A,False,
java.util.TreeMap$NavigableSubMap.descendingKeySet(),java.util.TreeMap$NavigableSubMap,descendingKeySet,TreeMap.java,SideEffectFree,NOT_IN_CACHE,False,Not In Cache,N/A,False,
java.util.TreeMap$NavigableSubMap.firstEntry(),java.util.TreeMap$NavigableSubMap,firstEntry,TreeMap.java,,NOT_IN_CACHE,False,Not In Cache,N/A,False,
java.util.TreeMap$NavigableSubMap.firstKey(),java.util.TreeMap$NavigableSubMap,firstKey,TreeMap.java,,NOT_IN_CACHE,False,Not In Cache,N/A,False,
java.util.TreeMap$NavigableSubMap.floorEntry(java.lang.Object),java.util.TreeMap$NavigableSubMap,floorEntry,TreeMap.java,,NOT_IN_CACHE,False,Not In Cache,N/A,False,
java.util.TreeMap$NavigableSubMap.floorKey(java.lang.Object),java.util.TreeMap$NavigableSubMap,floorKey,TreeMap.java,,NOT_IN_CACHE,False,Not In Cache,N/A,False,
java.util.TreeMap$NavigableSubMap.get(java.lang.Object),java.util.TreeMap$NavigableSubMap,get,TreeMap.java,,NOT_IN_CACHE,False,Not In Cache,N/A,False,
java.util.TreeMap$NavigableSubMap.headMap(java.lang.Object),java.util.TreeMap$NavigableSubMap,headMap,TreeMap.java,SideEffectFree,NOT_IN_CACHE,False,Not In Cache,N/A,False,
java.util.TreeMap$NavigableSubMap.higherEntry(java.lang.Object),java.util.TreeMap$NavigableSubMap,higherEntry,TreeMap.java,,NOT_IN_CACHE,False,Not In Cache,N/A,False,
java.util.TreeMap$NavigableSubMap.higherKey(java.lang.Object),java.util.TreeMap$NavigableSubMap,higherKey,TreeMap.java,,NOT_IN_CACHE,False,Not In Cache,N/A,False,
java.util.TreeMap$NavigableSubMap.inClosedRange(java.lang.Object),java.util.TreeMap$NavigableSubMap,inClosedRange,TreeMap.java,,NOT_IN_CACHE,False,Not In Cache,N/A,False,
java.util.TreeMap$NavigableSubMap.inRange(java.lang.Object),java.util.TreeMap$NavigableSubMap,inRange,TreeMap.java,,NOT_IN_CACHE,False,Not In Cache,N/A,False,
"java.util.TreeMap$NavigableSubMap.inRange(java.lang.Object,boolean)",java.util.TreeMap$NavigableSubMap,inRange,TreeMap.java,,NOT_IN_CACHE,False,Not In Cache,N/A,False,
java.util.TreeMap$NavigableSubMap.isEmpty(),java.util.TreeMap$NavigableSubMap,isEmpty,TreeMap.java,Pure,NOT_IN_CACHE,False,Not In Cache,N/A,False,
java.util.TreeMap$NavigableSubMap.keyIterator(),java.util.TreeMap$NavigableSubMap,keyIterator,TreeMap.java,,NOT_IN_CACHE,False,Not In Cache,N/A,False,
java.util.TreeMap$NavigableSubMap.keySet(),java.util.TreeMap$NavigableSubMap,keySet,TreeMap.java,,NOT_IN_CACHE,False,Not In Cache,N/A,False,
java.util.TreeMap$NavigableSubMap.keySpliterator(),java.util.TreeMap$NavigableSubMap,keySpliterator,TreeMap.java,,NOT_IN_CACHE,False,Not In Cache,N/A,False,
java.util.TreeMap$NavigableSubMap.lastEntry(),java.util.TreeMap$NavigableSubMap,lastEntry,TreeMap.java,,NOT_IN_CACHE,False,Not In Cache,N/A,False,
java.util.TreeMap$NavigableSubMap.lastKey(),java.util.TreeMap$NavigableSubMap,lastKey,TreeMap.java,,NOT_IN_CACHE,False,Not In Cache,N/A,False,
java.util.TreeMap$NavigableSubMap.lowerEntry(java.lang.Object),java.util.TreeMap$NavigableSubMap,lowerEntry,TreeMap.java,,NOT_IN_CACHE,False,Not In Cache,N/A,False,
java.util.TreeMap$NavigableSubMap.lowerKey(java.lang.Object),java.util.TreeMap$NavigableSubMap,lowerKey,TreeMap.java,,NOT_IN_CACHE,False,Not In Cache,N/A,False,
"java.util.TreeMap$NavigableSubMap.merge(java.lang.Object,java.lang.Object,java.util.function.BiFunction)",java.util.TreeMap$NavigableSubMap,merge,TreeMap.java,,NOT_IN_CACHE,False,Not In Cache,N/A,False,
java.util.TreeMap$NavigableSubMap.navigableKeySet(),java.util.TreeMap$NavigableSubMap,navigableKeySet,TreeMap.java,SideEffectFree,NOT_IN_CACHE,False,Not In Cache,N/A,False,
java.util.TreeMap$NavigableSubMap.pollFirstEntry(),java.util.TreeMap$NavigableSubMap,pollFirstEntry,TreeMap.java,,NOT_IN_CACHE,False,Not In Cache,N/A,False,
java.util.TreeMap$NavigableSubMap.pollLastEntry(),java.util.TreeMap$NavigableSubMap,pollLastEntry,TreeMap.java,,NOT_IN_CACHE,False,Not In Cache,N/A,False,
"java.util.TreeMap$NavigableSubMap.put(java.lang.Object,java.lang.Object)",java.util.TreeMap$NavigableSubMap,put,TreeMap.java,,NOT_IN_CACHE,False,Not In Cache,N/A,False,
"java.util.TreeMap$NavigableSubMap.putIfAbsent(java.lang.Object,java.lang.Object)",java.util.TreeMap$NavigableSubMap,putIfAbsent,TreeMap.java,,NOT_IN_CACHE,False,Not In Cache,N/A,False,
java.util.TreeMap$NavigableSubMap.remove(java.lang.Object),java.util.TreeMap$NavigableSubMap,remove,TreeMap.java,,NOT_IN_CACHE,False,Not In Cache,N/A,False,
java.util.TreeMap$NavigableSubMap.size(),java.util.TreeMap$NavigableSubMap,size,TreeMap.java,Pure,NOT_IN_CACHE,False,Not In Cache,N/A,False,
java.util.TreeMap$NavigableSubMap.subCeiling(java.lang.Object),java.util.TreeMap$NavigableSubMap,subCeiling,TreeMap.java,,NOT_IN_CACHE,False,Not In Cache,N/A,False,
java.util.TreeMap$NavigableSubMap.subFloor(java.lang.Object),java.util.TreeMap$NavigableSubMap,subFloor,TreeMap.java,,NOT_IN_CACHE,False,Not In Cache,N/A,False,
java.util.TreeMap$NavigableSubMap.subHigher(java.lang.Object),java.util.TreeMap$NavigableSubMap,subHigher,TreeMap.java,,NOT_IN_CACHE,False,Not In Cache,N/A,False,
java.util.TreeMap$NavigableSubMap.subHighest(),java.util.TreeMap$NavigableSubMap,subHighest,TreeMap.java,,NOT_IN_CACHE,False,Not In Cache,N/A,False,
java.util.TreeMap$NavigableSubMap.subLower(java.lang.Object),java.util.TreeMap$NavigableSubMap,subLower,TreeMap.java,,NOT_IN_CACHE,False,Not In Cache,N/A,False,
java.util.TreeMap$NavigableSubMap.subLowest(),java.util.TreeMap$NavigableSubMap,subLowest,TreeMap.java,,NOT_IN_CACHE,False,Not In Cache,N/A,False,
"java.util.TreeMap$NavigableSubMap.subMap(java.lang.Object,java.lang.Object)",java.util.TreeMap$NavigableSubMap,subMap,TreeMap.java,SideEffectFree,NOT_IN_CACHE,False,Not In Cache,N/A,False,
java.util.TreeMap$NavigableSubMap.tailMap(java.lang.Object),java.util.TreeMap$NavigableSubMap,tailMap,TreeMap.java,SideEffectFree,NOT_IN_CACHE,False,Not In Cache,N/A,False,
java.util.TreeMap$NavigableSubMap.tooHigh(java.lang.Object),java.util.TreeMap$NavigableSubMap,tooHigh,TreeMap.java,,NOT_IN_CACHE,False,Not In Cache,N/A,False,
java.util.TreeMap$NavigableSubMap.tooLow(java.lang.Object),java.util.TreeMap$NavigableSubMap,tooLow,TreeMap.java,,NOT_IN_CACHE,False,Not In Cache,N/A,False,
java.util.TreeMap$PrivateEntryIterator.<init>(java.util.Entry),java.util.TreeMap$PrivateEntryIterator,<init>,TreeMap.java,,NOT_IN_CACHE,False,Not In Cache,N/A,False,
java.util.TreeMap$PrivateEntryIterator.hasNext(),java.util.TreeMap$PrivateEntryIterator,hasNext,TreeMap.java,Pure,NOT_IN_CACHE,False,Not In Cache,N/A,False,
java.util.TreeMap$PrivateEntryIterator.nextEntry(),java.util.TreeMap$PrivateEntryIterator,nextEntry,TreeMap.java,,NOT_IN_CACHE,False,Not In Cache,N/A,False,
java.util.TreeMap$PrivateEntryIterator.prevEntry(),java.util.TreeMap$PrivateEntryIterator,prevEntry,TreeMap.java,,NOT_IN_CACHE,False,Not In Cache,N/A,False,
java.util.TreeMap$PrivateEntryIterator.remove(),java.util.TreeMap$PrivateEntryIterator,remove,TreeMap.java,,NOT_IN_CACHE,False,Not In Cache,N/A,False,
java.util.TreeMap$SubMap.comparator(),java.util.TreeMap$SubMap,comparator,TreeMap.java,,NOT_IN_CACHE,False,Not In Cache,N/A,False,
java.util.TreeMap$SubMap.entrySet(),java.util.TreeMap$SubMap,entrySet,TreeMap.java,SideEffectFree,NOT_IN_CACHE,False,Not In Cache,N/A,False,
java.util.TreeMap$SubMap.firstKey(),java.util.TreeMap$SubMap,firstKey,TreeMap.java,,NOT_IN_CACHE,False,Not In Cache,N/A,False,
java.util.TreeMap$SubMap.headMap(java.lang.Object),java.util.TreeMap$SubMap,headMap,TreeMap.java,SideEffectFree,NOT_IN_CACHE,False,Not In Cache,N/A,False,
java.util.TreeMap$SubMap.lastKey(),java.util.TreeMap$SubMap,lastKey,TreeMap.java,,NOT_IN_CACHE,False,Not In Cache,N/A,False,
java.util.TreeMap$SubMap.readResolve(),java.util.TreeMap$SubMap,readResolve,TreeMap.java,,NOT_IN_CACHE,False,Not In Cache,N/A,False,
"java.util.TreeMap$SubMap.subMap(java.lang.Object,java.lang.Object)",java.util.TreeMap$SubMap,subMap,TreeMap.java,SideEffectFree,NOT_IN_CACHE,False,Not In Cache,N/A,False,
java.util.TreeMap$SubMap.tailMap(java.lang.Object),java.util.TreeMap$SubMap,tailMap,TreeMap.java,SideEffectFree,NOT_IN_CACHE,False,Not In Cache,N/A,False,
"java.util.TreeMap$TreeMapSpliterator.<init>(java.util.TreeMap,java.util.TreeMap$Entry,java.util.TreeMap$Entry,int,int,int)",java.util.TreeMap$TreeMapSpliterator,<init>,TreeMap.java,,NOT_IN_CACHE,False,Not In Cache,N/A,False,
java.util.TreeMap$TreeMapSpliterator.estimateSize(),java.util.TreeMap$TreeMapSpliterator,estimateSize,TreeMap.java,,NOT_IN_CACHE,False,Not In Cache,N/A,False,
java.util.TreeMap$TreeMapSpliterator.getEstimate(),java.util.TreeMap$TreeMapSpliterator,getEstimate,TreeMap.java,,NOT_IN_CACHE,False,Not In Cache,N/A,False,
java.util.TreeMap$ValueIterator.<init>(java.util.Entry),java.util.TreeMap$ValueIterator,<init>,TreeMap.java,,NOT_IN_CACHE,False,Not In Cache,N/A,False,
java.util.TreeMap$ValueIterator.next(),java.util.TreeMap$ValueIterator,next,TreeMap.java,,NOT_IN_CACHE,False,Not In Cache,N/A,False,
"java.util.TreeMap$ValueSpliterator.<init>(java.util.TreeMap,java.util.TreeMap$Entry,java.util.TreeMap$Entry,int,int,int)",java.util.TreeMap$ValueSpliterator,<init>,TreeMap.java,,NOT_IN_CACHE,False,Not In Cache,N/A,False,
java.util.TreeMap$ValueSpliterator.characteristics(),java.util.TreeMap$ValueSpliterator,characteristics,TreeMap.java,,NOT_IN_CACHE,False,Not In Cache,N/A,False,
java.util.TreeMap$ValueSpliterator.forEachRemaining(java.util.function.Consumer),java.util.TreeMap$ValueSpliterator,forEachRemaining,TreeMap.java,,NOT_IN_CACHE,False,Not In Cache,N/A,False,
java.util.TreeMap$ValueSpliterator.tryAdvance(java.util.function.Consumer),java.util.TreeMap$ValueSpliterator,tryAdvance,TreeMap.java,,NOT_IN_CACHE,False,Not In Cache,N/A,False,
java.util.TreeMap$ValueSpliterator.trySplit(),java.util.TreeMap$ValueSpliterator,trySplit,TreeMap.java,,NOT_IN_CACHE,False,Not In Cache,N/A,False,
java.util.TreeMap$Values.clear(),java.util.TreeMap$Values,clear,TreeMap.java,,NOT_IN_CACHE,False,Not In Cache,N/A,False,
java.util.TreeMap$Values.contains(java.lang.Object),java.util.TreeMap$Values,contains,TreeMap.java,Pure,NOT_IN_CACHE,False,Not In Cache,N/A,False,
java.util.TreeMap$Values.iterator(),java.util.TreeMap$Values,iterator,TreeMap.java,SideEffectFree,NOT_IN_CACHE,False,Not In Cache,N/A,False,
java.util.TreeMap$Values.remove(java.lang.Object),java.util.TreeMap$Values,remove,TreeMap.java,,NOT_IN_CACHE,False,Not In Cache,N/A,False,
java.util.TreeMap$Values.size(),java.util.TreeMap$Values,size,TreeMap.java,Pure,NOT_IN_CACHE,False,Not In Cache,N/A,False,
java.util.TreeMap$Values.spliterator(),java.util.TreeMap$Values,spliterator,TreeMap.java,SideEffectFree,NOT_IN_CACHE,False,Not In Cache,N/A,False,
java.util.TreeMap.<init>(),java.util.TreeMap,<init>,TreeMap.java,,NOT_IN_CACHE,False,Not In Cache,N/A,False,
java.util.TreeMap.<init>(java.util.Comparator),java.util.TreeMap,<init>,TreeMap.java,,NOT_IN_CACHE,False,Not In Cache,N/A,False,
java.util.TreeMap.<init>(java.util.Map),java.util.TreeMap,<init>,TreeMap.java,,NOT_IN_CACHE,False,Not In Cache,N/A,False,
java.util.TreeMap.<init>(java.util.SortedMap),java.util.TreeMap,<init>,TreeMap.java,,NOT_IN_CACHE,False,Not In Cache,N/A,False,
"java.util.TreeMap.addAllForTreeSet(java.util.SortedSet,java.lang.Object)",java.util.TreeMap,addAllForTreeSet,TreeMap.java,,NOT_IN_CACHE,False,Not In Cache,N/A,False,
"java.util.TreeMap.addEntry(java.lang.Object,java.lang.Object,java.util.Entry,boolean)",java.util.TreeMap,addEntry,TreeMap.java,,NOT_IN_CACHE,False,Not In Cache,N/A,False,
"java.util.TreeMap.addEntryToEmptyMap(java.lang.Object,java.lang.Object)",java.util.TreeMap,addEntryToEmptyMap,TreeMap.java,,NOT_IN_CACHE,False,Not In Cache,N/A,False,
"java.util.TreeMap.buildFromSorted(int,int,int,int,java.util.Iterator,java.util.java$io$ObjectInputStream,java.lang.Object)",java.util.TreeMap,buildFromSorted,TreeMap.java,,NOT_IN_CACHE,False,Not In Cache,N/A,False,
"java.util.TreeMap.buildFromSorted(int,java.util.Iterator,java.util.java$io$ObjectInputStream,java.lang.Object)",java.util.TreeMap,buildFromSorted,TreeMap.java,,NOT_IN_CACHE,False,Not In Cache,N/A,False,
"java.util.TreeMap.callMappingFunctionWithCheck(java.lang.Object,java.util.function.Function)",java.util.TreeMap,callMappingFunctionWithCheck,TreeMap.java,,NOT_IN_CACHE,False,Not In Cache,N/A,False,
"java.util.TreeMap.callRemappingFunctionWithCheck(java.lang.Object,java.lang.Object,java.util.function.BiFunction)",java.util.TreeMap,callRemappingFunctionWithCheck,TreeMap.java,,NOT_IN_CACHE,False,Not In Cache,N/A,False,
java.util.TreeMap.ceilingEntry(java.lang.Object),java.util.TreeMap,ceilingEntry,TreeMap.java,,NOT_IN_CACHE,False,Not In Cache,N/A,False,
java.util.TreeMap.ceilingKey(java.lang.Object),java.util.TreeMap,ceilingKey,TreeMap.java,,NOT_IN_CACHE,False,Not In Cache,N/A,False,
java.util.TreeMap.clear(),java.util.TreeMap,clear,TreeMap.java,,NOT_IN_CACHE,False,Not In Cache,N/A,False,
java.util.TreeMap.clone(),java.util.TreeMap,clone,TreeMap.java,,NOT_IN_CACHE,True,Not In Cache,N/A,False,
java.util.TreeMap.colorOf(java.util.Entry),java.util.TreeMap,colorOf,TreeMap.java,,NOT_IN_CACHE,False,Not In Cache,N/A,False,
java.util.TreeMap.comparator(),java.util.TreeMap,comparator,TreeMap.java,Pure,NOT_IN_CACHE,True,Not In Cache,N/A,False,
"java.util.TreeMap.compare(java.lang.Object,java.lang.Object)",java.util.TreeMap,compare,TreeMap.java,,NOT_IN_CACHE,False,Not In Cache,N/A,False,
"java.util.TreeMap.compute(java.lang.Object,java.util.function.BiFunction)",java.util.TreeMap,compute,TreeMap.java,,NOT_IN_CACHE,False,Not In Cache,N/A,False,
"java.util.TreeMap.computeIfAbsent(java.lang.Object,java.util.function.Function)",java.util.TreeMap,computeIfAbsent,TreeMap.java,,NOT_IN_CACHE,False,Not In Cache,N/A,False,
"java.util.TreeMap.computeIfPresent(java.lang.Object,java.util.function.BiFunction)",java.util.TreeMap,computeIfPresent,TreeMap.java,,NOT_IN_CACHE,False,Not In Cache,N/A,False,
java.util.TreeMap.computeRedLevel(int),java.util.TreeMap,computeRedLevel,TreeMap.java,,NOT_IN_CACHE,False,Not In Cache,N/A,False,
java.util.TreeMap.containsKey(java.lang.Object),java.util.TreeMap,containsKey,TreeMap.java,Pure,NOT_IN_CACHE,True,Not In Cache,N/A,False,
java.util.TreeMap.containsValue(java.lang.Object),java.util.TreeMap,containsValue,TreeMap.java,Pure,NOT_IN_CACHE,True,Not In Cache,N/A,False,
java.util.TreeMap.deleteEntry(java.util.Entry),java.util.TreeMap,deleteEntry,TreeMap.java,,NOT_IN_CACHE,False,Not In Cache,N/A,False,
java.util.TreeMap.descendingKeyIterator(),java.util.TreeMap,descendingKeyIterator,TreeMap.java,,NOT_IN_CACHE,False,Not In Cache,N/A,False,
java.util.TreeMap.descendingKeySet(),java.util.TreeMap,descendingKeySet,TreeMap.java,SideEffectFree,NOT_IN_CACHE,True,Not In Cache,N/A,False,
java.util.TreeMap.descendingKeySpliterator(),java.util.TreeMap,descendingKeySpliterator,TreeMap.java,,NOT_IN_CACHE,False,Not In Cache,N/A,False,
java.util.TreeMap.descendingMap(),java.util.TreeMap,descendingMap,TreeMap.java,SideEffectFree,NOT_IN_CACHE,True,Not In Cache,N/A,False,
java.util.TreeMap.entrySet(),java.util.TreeMap,entrySet,TreeMap.java,SideEffectFree,NOT_IN_CACHE,True,Not In Cache,N/A,False,
java.util.TreeMap.exportEntry(java.util.TreeMap$Entry),java.util.TreeMap,exportEntry,TreeMap.java,,NOT_IN_CACHE,False,Not In Cache,N/A,False,
java.util.TreeMap.firstEntry(),java.util.TreeMap,firstEntry,TreeMap.java,,NOT_IN_CACHE,False,Not In Cache,N/A,False,
java.util.TreeMap.firstKey(),java.util.TreeMap,firstKey,TreeMap.java,,NOT_IN_CACHE,True,Not In Cache,N/A,False,
java.util.TreeMap.fixAfterDeletion(java.util.Entry),java.util.TreeMap,fixAfterDeletion,TreeMap.java,,NOT_IN_CACHE,False,Not In Cache,N/A,False,
java.util.TreeMap.fixAfterInsertion(java.util.Entry),java.util.TreeMap,fixAfterInsertion,TreeMap.java,,NOT_IN_CACHE,False,Not In Cache,N/A,False,
java.util.TreeMap.floorEntry(java.lang.Object),java.util.TreeMap,floorEntry,TreeMap.java,,NOT_IN_CACHE,False,Not In Cache,N/A,False,
java.util.TreeMap.floorKey(java.lang.Object),java.util.TreeMap,floorKey,TreeMap.java,,NOT_IN_CACHE,False,Not In Cache,N/A,False,
java.util.TreeMap.forEach(java.util.function.BiConsumer),java.util.TreeMap,forEach,TreeMap.java,,NOT_IN_CACHE,False,Not In Cache,N/A,False,
java.util.TreeMap.get(java.lang.Object),java.util.TreeMap,get,TreeMap.java,,NOT_IN_CACHE,True,Not In Cache,N/A,False,
java.util.TreeMap.getCeilingEntry(java.lang.Object),java.util.TreeMap,getCeilingEntry,TreeMap.java,,NOT_IN_CACHE,False,Not In Cache,N/A,False,
java.util.TreeMap.getEntry(java.lang.Object),java.util.TreeMap,getEntry,TreeMap.java,,NOT_IN_CACHE,False,Not In Cache,N/A,False,
java.util.TreeMap.getEntryUsingComparator(java.lang.Object),java.util.TreeMap,getEntryUsingComparator,TreeMap.java,,NOT_IN_CACHE,False,Not In Cache,N/A,False,
java.util.TreeMap.getFirstEntry(),java.util.TreeMap,getFirstEntry,TreeMap.java,,NOT_IN_CACHE,False,Not In Cache,N/A,False,
java.util.TreeMap.getFloorEntry(java.lang.Object),java.util.TreeMap,getFloorEntry,TreeMap.java,,NOT_IN_CACHE,False,Not In Cache,N/A,False,
java.util.TreeMap.getHigherEntry(java.lang.Object),java.util.TreeMap,getHigherEntry,TreeMap.java,,NOT_IN_CACHE,False,Not In Cache,N/A,False,
java.util.TreeMap.getLastEntry(),java.util.TreeMap,getLastEntry,TreeMap.java,,NOT_IN_CACHE,False,Not In Cache,N/A,False,
java.util.TreeMap.getLowerEntry(java.lang.Object),java.util.TreeMap,getLowerEntry,TreeMap.java,,NOT_IN_CACHE,False,Not In Cache,N/A,False,
java.util.TreeMap.headMap(java.lang.Object),java.util.TreeMap,headMap,TreeMap.java,SideEffectFree,NOT_IN_CACHE,True,Not In Cache,N/A,False,
"java.util.TreeMap.headMap(java.lang.Object,boolean)",java.util.TreeMap,headMap,TreeMap.java,SideEffectFree,NOT_IN_CACHE,False,Not In Cache,N/A,False,
java.util.TreeMap.higherEntry(java.lang.Object),java.util.TreeMap,higherEntry,TreeMap.java,,NOT_IN_CACHE,False,Not In Cache,N/A,False,
java.util.TreeMap.higherKey(java.lang.Object),java.util.TreeMap,higherKey,TreeMap.java,,NOT_IN_CACHE,False,Not In Cache,N/A,False,
java.util.TreeMap.key(java.util.Entry),java.util.TreeMap,key,TreeMap.java,,NOT_IN_CACHE,False,Not In Cache,N/A,False,
java.util.TreeMap.keyIterator(),java.util.TreeMap,keyIterator,TreeMap.java,,NOT_IN_CACHE,False,Not In Cache,N/A,False,
java.util.TreeMap.keyOrNull(java.util.TreeMap$Entry),java.util.TreeMap,keyOrNull,TreeMap.java,,NOT_IN_CACHE,False,Not In Cache,N/A,False,
java.util.TreeMap.keySet(),java.util.TreeMap,keySet,TreeMap.java,,NOT_IN_CACHE,True,Not In Cache,N/A,False,
java.util.TreeMap.keySpliterator(),java.util.TreeMap,keySpliterator,TreeMap.java,,NOT_IN_CACHE,False,Not In Cache,N/A,False,
java.util.TreeMap.keySpliteratorFor(java.util.NavigableMap),java.util.TreeMap,keySpliteratorFor,TreeMap.java,,NOT_IN_CACHE,False,Not In Cache,N/A,False,
java.util.TreeMap.lastEntry(),java.util.TreeMap,lastEntry,TreeMap.java,,NOT_IN_CACHE,False,Not In Cache,N/A,False,
java.util.TreeMap.lastKey(),java.util.TreeMap,lastKey,TreeMap.java,,NOT_IN_CACHE,True,Not In Cache,N/A,False,
java.util.TreeMap.leftOf(java.util.Entry),java.util.TreeMap,leftOf,TreeMap.java,,NOT_IN_CACHE,False,Not In Cache,N/A,False,
java.util.TreeMap.lowerEntry(java.lang.Object),java.util.TreeMap,lowerEntry,TreeMap.java,,NOT_IN_CACHE,False,Not In Cache,N/A,False,
java.util.TreeMap.lowerKey(java.lang.Object),java.util.TreeMap,lowerKey,TreeMap.java,,NOT_IN_CACHE,False,Not In Cache,N/A,False,
"java.util.TreeMap.merge(java.lang.Object,java.lang.Object,java.util.function.BiFunction)",java.util.TreeMap,merge,TreeMap.java,,NOT_IN_CACHE,False,Not In Cache,N/A,False,
"java.util.TreeMap.mergeValue(java.util.Entry,java.lang.Object,java.util.function.BiFunction)",java.util.TreeMap,mergeValue,TreeMap.java,,NOT_IN_CACHE,False,Not In Cache,N/A,False,
java.util.TreeMap.navigableKeySet(),java.util.TreeMap,navigableKeySet,TreeMap.java,SideEffectFree,NOT_IN_CACHE,True,Not In Cache,N/A,False,
java.util.TreeMap.parentOf(java.util.Entry),java.util.TreeMap,parentOf,TreeMap.java,,NOT_IN_CACHE,False,Not In Cache,N/A,False,
java.util.TreeMap.pollFirstEntry(),java.util.TreeMap,pollFirstEntry,TreeMap.java,,NOT_IN_CACHE,False,Not In Cache,N/A,False,
java.util.TreeMap.pollLastEntry(),java.util.TreeMap,pollLastEntry,TreeMap.java,,NOT_IN_CACHE,False,Not In Cache,N/A,False,
java.util.TreeMap.predecessor(java.util.Entry),java.util.TreeMap,predecessor,TreeMap.java,,NOT_IN_CACHE,False,Not In Cache,N/A,False,
"java.util.TreeMap.put(java.lang.Object,java.lang.Object)",java.util.TreeMap,put,TreeMap.java,,NOT_IN_CACHE,False,Not In Cache,N/A,False,
"java.util.TreeMap.put(java.lang.Object,java.lang.Object,boolean)",java.util.TreeMap,put,TreeMap.java,,NOT_IN_CACHE,False,Not In Cache,N/A,False,
java.util.TreeMap.putAll(java.util.Map),java.util.TreeMap,putAll,TreeMap.java,,NOT_IN_CACHE,False,Not In Cache,N/A,False,
"java.util.TreeMap.putFirst(java.lang.Object,java.lang.Object)",java.util.TreeMap,putFirst,TreeMap.java,,NOT_IN_CACHE,False,Not In Cache,N/A,False,
"java.util.TreeMap.putIfAbsent(java.lang.Object,java.lang.Object)",java.util.TreeMap,putIfAbsent,TreeMap.java,,NOT_IN_CACHE,False,Not In Cache,N/A,False,
"java.util.TreeMap.putLast(java.lang.Object,java.lang.Object)",java.util.TreeMap,putLast,TreeMap.java,,NOT_IN_CACHE,False,Not In Cache,N/A,False,
java.util.TreeMap.readObject(java.util.final java$io$ObjectInputStream),java.util.TreeMap,readObject,TreeMap.java,,NOT_IN_CACHE,False,Not In Cache,N/A,False,
"java.util.TreeMap.readTreeSet(int,java.util.java$io$ObjectInputStream,java.lang.Object)",java.util.TreeMap,readTreeSet,TreeMap.java,,NOT_IN_CACHE,False,Not In Cache,N/A,False,
"java.util.TreeMap.remapValue(java.util.Entry,java.lang.Object,java.util.function.BiFunction)",java.util.TreeMap,remapValue,TreeMap.java,,NOT_IN_CACHE,False,Not In Cache,N/A,False,
java.util.TreeMap.remove(java.lang.Object),java.util.TreeMap,remove,TreeMap.java,,NOT_IN_CACHE,False,Not In Cache,N/A,False,
"java.util.TreeMap.replace(java.lang.Object,java.lang.Object)",java.util.TreeMap,replace,TreeMap.java,,NOT_IN_CACHE,False,Not In Cache,N/A,False,
"java.util.TreeMap.replace(java.lang.Object,java.lang.Object,java.lang.Object)",java.util.TreeMap,replace,TreeMap.java,,NOT_IN_CACHE,False,Not In Cache,N/A,False,
java.util.TreeMap.replaceAll(java.util.function.BiFunction),java.util.TreeMap,replaceAll,TreeMap.java,,NOT_IN_CACHE,False,Not In Cache,N/A,False,
java.util.TreeMap.rightOf(java.util.Entry),java.util.TreeMap,rightOf,TreeMap.java,,NOT_IN_CACHE,False,Not In Cache,N/A,False,
java.util.TreeMap.rotateLeft(java.util.Entry),java.util.TreeMap,rotateLeft,TreeMap.java,,NOT_IN_CACHE,False,Not In Cache,N/A,False,
java.util.TreeMap.rotateRight(java.util.Entry),java.util.TreeMap,rotateRight,TreeMap.java,,NOT_IN_CACHE,False,Not In Cache,N/A,False,
"java.util.TreeMap.setColor(java.util.Entry,boolean)",java.util.TreeMap,setColor,TreeMap.java,,NOT_IN_CACHE,False,Not In Cache,N/A,False,
java.util.TreeMap.size(),java.util.TreeMap,size,TreeMap.java,Pure,NOT_IN_CACHE,True,Not In Cache,N/A,False,
"java.util.TreeMap.subMap(java.lang.Object,boolean,java.lang.Object,boolean)",java.util.TreeMap,subMap,TreeMap.java,SideEffectFree,NOT_IN_CACHE,False,Not In Cache,N/A,False,
"java.util.TreeMap.subMap(java.lang.Object,java.lang.Object)",java.util.TreeMap,subMap,TreeMap.java,SideEffectFree,NOT_IN_CACHE,False,Not In Cache,N/A,False,
java.util.TreeMap.successor(java.util.Entry),java.util.TreeMap,successor,TreeMap.java,,NOT_IN_CACHE,False,Not In Cache,N/A,False,
java.util.TreeMap.tailMap(java.lang.Object),java.util.TreeMap,tailMap,TreeMap.java,SideEffectFree,NOT_IN_CACHE,True,Not In Cache,N/A,False,
"java.util.TreeMap.tailMap(java.lang.Object,boolean)",java.util.TreeMap,tailMap,TreeMap.java,SideEffectFree,NOT_IN_CACHE,False,Not In Cache,N/A,False,
"java.util.TreeMap.valEquals(java.lang.Object,java.lang.Object)",java.util.TreeMap,valEquals,TreeMap.java,,NOT_IN_CACHE,False,Not In Cache,N/A,False,
java.util.TreeMap.values(),java.util.TreeMap,values,TreeMap.java,,NOT_IN_CACHE,True,Not In Cache,N/A,False,
java.util.TreeMap.writeObject(java.util.java$io$ObjectOutputStream),java.util.TreeMap,writeObject,TreeMap.java,,NOT_IN_CACHE,False,Not In Cache,N/A,False,
java.util.TreeSet.<init>(),java.util.TreeSet,<init>,TreeSet.java,,NOT_IN_CACHE,False,Not In Cache,N/A,False,
java.util.TreeSet.<init>(java.util.Collection),java.util.TreeSet,<init>,TreeSet.java,,NOT_IN_CACHE,False,Not In Cache,N/A,False,
java.util.TreeSet.<init>(java.util.Comparator),java.util.TreeSet,<init>,TreeSet.java,,NOT_IN_CACHE,False,Not In Cache,N/A,False,
java.util.TreeSet.<init>(java.util.NavigableMap),java.util.TreeSet,<init>,TreeSet.java,,NOT_IN_CACHE,False,Not In Cache,N/A,False,
java.util.TreeSet.<init>(java.util.SortedSet),java.util.TreeSet,<init>,TreeSet.java,,NOT_IN_CACHE,False,Not In Cache,N/A,False,
java.util.TreeSet.add(java.lang.Object),java.util.TreeSet,add,TreeSet.java,,NOT_IN_CACHE,False,Not In Cache,N/A,False,
java.util.TreeSet.addAll(java.util.Collection),java.util.TreeSet,addAll,TreeSet.java,,NOT_IN_CACHE,False,Not In Cache,N/A,False,
java.util.TreeSet.addFirst(java.lang.Object),java.util.TreeSet,addFirst,TreeSet.java,,NOT_IN_CACHE,False,Not In Cache,N/A,False,
java.util.TreeSet.addLast(java.lang.Object),java.util.TreeSet,addLast,TreeSet.java,,NOT_IN_CACHE,False,Not In Cache,N/A,False,
java.util.TreeSet.ceiling(java.lang.Object),java.util.TreeSet,ceiling,TreeSet.java,,NOT_IN_CACHE,False,Not In Cache,N/A,False,
java.util.TreeSet.clear(),java.util.TreeSet,clear,TreeSet.java,,NOT_IN_CACHE,False,Not In Cache,N/A,False,
java.util.TreeSet.clone(),java.util.TreeSet,clone,TreeSet.java,SideEffectFree,NOT_IN_CACHE,True,Not In Cache,N/A,False,
java.util.TreeSet.comparator(),java.util.TreeSet,comparator,TreeSet.java,Pure,NOT_IN_CACHE,True,Not In Cache,N/A,False,
java.util.TreeSet.contains(java.lang.Object),java.util.TreeSet,contains,TreeSet.java,Pure,NOT_IN_CACHE,True,Not In Cache,N/A,False,
java.util.TreeSet.descendingIterator(),java.util.TreeSet,descendingIterator,TreeSet.java,,NOT_IN_CACHE,False,Not In Cache,N/A,False,
java.util.TreeSet.descendingSet(),java.util.TreeSet,descendingSet,TreeSet.java,,NOT_IN_CACHE,False,Not In Cache,N/A,False,
java.util.TreeSet.first(),java.util.TreeSet,first,TreeSet.java,SideEffectFree,NOT_IN_CACHE,True,Not In Cache,N/A,False,
java.util.TreeSet.floor(java.lang.Object),java.util.TreeSet,floor,TreeSet.java,,NOT_IN_CACHE,False,Not In Cache,N/A,False,
java.util.TreeSet.headSet(java.lang.Object),java.util.TreeSet,headSet,TreeSet.java,SideEffectFree,NOT_IN_CACHE,True,Not In Cache,N/A,False,
"java.util.TreeSet.headSet(java.lang.Object,boolean)",java.util.TreeSet,headSet,TreeSet.java,SideEffectFree,NOT_IN_CACHE,False,Not In Cache,N/A,False,
java.util.TreeSet.higher(java.lang.Object),java.util.TreeSet,higher,TreeSet.java,,NOT_IN_CACHE,False,Not In Cache,N/A,False,
java.util.TreeSet.isEmpty(),java.util.TreeSet,isEmpty,TreeSet.java,Pure,NOT_IN_CACHE,True,Not In Cache,N/A,False,
java.util.TreeSet.iterator(),java.util.TreeSet,iterator,TreeSet.java,SideEffectFree,NOT_IN_CACHE,False,Not In Cache,N/A,False,
java.util.TreeSet.last(),java.util.TreeSet,last,TreeSet.java,SideEffectFree,NOT_IN_CACHE,True,Not In Cache,N/A,False,
java.util.TreeSet.lower(java.lang.Object),java.util.TreeSet,lower,TreeSet.java,,NOT_IN_CACHE,False,Not In Cache,N/A,False,
java.util.TreeSet.pollFirst(),java.util.TreeSet,pollFirst,TreeSet.java,,NOT_IN_CACHE,False,Not In Cache,N/A,False,
java.util.TreeSet.pollLast(),java.util.TreeSet,pollLast,TreeSet.java,,NOT_IN_CACHE,False,Not In Cache,N/A,False,
java.util.TreeSet.readObject(java.util.java$io$ObjectInputStream),java.util.TreeSet,readObject,TreeSet.java,,NOT_IN_CACHE,False,Not In Cache,N/A,False,
java.util.TreeSet.remove(java.lang.Object),java.util.TreeSet,remove,TreeSet.java,,NOT_IN_CACHE,False,Not In Cache,N/A,False,
java.util.TreeSet.size(),java.util.TreeSet,size,TreeSet.java,Pure,NOT_IN_CACHE,True,Not In Cache,N/A,False,
java.util.TreeSet.spliterator(),java.util.TreeSet,spliterator,TreeSet.java,,NOT_IN_CACHE,False,Not In Cache,N/A,False,
"java.util.TreeSet.subSet(java.lang.Object,boolean,java.lang.Object,boolean)",java.util.TreeSet,subSet,TreeSet.java,SideEffectFree,NOT_IN_CACHE,False,Not In Cache,N/A,False,
"java.util.TreeSet.subSet(java.lang.Object,java.lang.Object)",java.util.TreeSet,subSet,TreeSet.java,SideEffectFree,NOT_IN_CACHE,False,Not In Cache,N/A,False,
java.util.TreeSet.tailSet(java.lang.Object),java.util.TreeSet,tailSet,TreeSet.java,SideEffectFree,NOT_IN_CACHE,True,Not In Cache,N/A,False,
"java.util.TreeSet.tailSet(java.lang.Object,boolean)",java.util.TreeSet,tailSet,TreeSet.java,SideEffectFree,NOT_IN_CACHE,False,Not In Cache,N/A,False,
java.util.TreeSet.writeObject(java.util.java$io$ObjectOutputStream),java.util.TreeSet,writeObject,TreeSet.java,,NOT_IN_CACHE,False,Not In Cache,N/A,False,
java.util.UUID.<init>(byte[]),java.util.UUID,<init>,UUID.java,,NOT_IN_CACHE,False,Not In Cache,N/A,False,
"java.util.UUID.<init>(long,long)",java.util.UUID,<init>,UUID.java,,NOT_IN_CACHE,False,Not In Cache,N/A,False,
java.util.UUID.UUID(java.util.md5Bytes),java.util.UUID,UUID,UUID.java,,NOT_IN_CACHE,False,Not In Cache,N/A,False,
"java.util.UUID.UUID(java.util.mostSigBits,java.util.leastSigBits)",java.util.UUID,UUID,UUID.java,,NOT_IN_CACHE,False,Not In Cache,N/A,False,
java.util.UUID.UUID(java.util.msb1),java.util.UUID,UUID,UUID.java,,NOT_IN_CACHE,False,Not In Cache,N/A,False,
java.util.UUID.UUID(java.util.randomBytes),java.util.UUID,UUID,UUID.java,,NOT_IN_CACHE,False,Not In Cache,N/A,False,
java.util.UUID.clockSequence(),java.util.UUID,clockSequence,UUID.java,,NOT_IN_CACHE,False,Not In Cache,N/A,False,
java.util.UUID.compareTo(java.util.UUID),java.util.UUID,compareTo,UUID.java,Pure,NOT_IN_CACHE,True,Not In Cache,N/A,False,
java.util.UUID.equals(java.lang.Object),java.util.UUID,equals,UUID.java,Pure,NOT_IN_CACHE,True,Not In Cache,N/A,False,
java.util.UUID.fromString(java.lang.String),java.util.UUID,fromString,UUID.java,,NOT_IN_CACHE,False,Not In Cache,N/A,False,
java.util.UUID.fromString1(java.lang.String),java.util.UUID,fromString1,UUID.java,,NOT_IN_CACHE,False,Not In Cache,N/A,False,
java.util.UUID.getLeastSignificantBits(),java.util.UUID,getLeastSignificantBits,UUID.java,,NOT_IN_CACHE,False,Not In Cache,N/A,False,
java.util.UUID.getMostSignificantBits(),java.util.UUID,getMostSignificantBits,UUID.java,,NOT_IN_CACHE,False,Not In Cache,N/A,False,
java.util.UUID.hashCode(),java.util.UUID,hashCode,UUID.java,Pure,NOT_IN_CACHE,True,Not In Cache,N/A,False,
java.util.UUID.nameUUIDFromBytes(byte[]),java.util.UUID,nameUUIDFromBytes,UUID.java,,NOT_IN_CACHE,False,Not In Cache,N/A,False,
java.util.UUID.node(),java.util.UUID,node,UUID.java,,NOT_IN_CACHE,False,Not In Cache,N/A,False,
"java.util.UUID.parse4Nibbles(java.lang.String,int)",java.util.UUID,parse4Nibbles,UUID.java,,NOT_IN_CACHE,False,Not In Cache,N/A,False,
java.util.UUID.randomUUID(),java.util.UUID,randomUUID,UUID.java,,NOT_IN_CACHE,False,Not In Cache,N/A,False,
java.util.UUID.timestamp(),java.util.UUID,timestamp,UUID.java,,NOT_IN_CACHE,False,Not In Cache,N/A,False,
java.util.UUID.toString(),java.util.UUID,toString,UUID.java,SideEffectFree,NOT_IN_CACHE,True,Not In Cache,N/A,False,
java.util.UUID.variant(),java.util.UUID,variant,UUID.java,,NOT_IN_CACHE,False,Not In Cache,N/A,False,
java.util.UUID.version(),java.util.UUID,version,UUID.java,,NOT_IN_CACHE,False,Not In Cache,N/A,False,
java.util.Vector$Itr.checkForComodification(),java.util.Vector$Itr,checkForComodification,Vector.java,,NOT_IN_CACHE,False,Not In Cache,N/A,False,
java.util.Vector$Itr.forEachRemaining(java.util.function.Consumer),java.util.Vector$Itr,forEachRemaining,Vector.java,,NOT_IN_CACHE,False,Not In Cache,N/A,False,
java.util.Vector$Itr.hasNext(),java.util.Vector$Itr,hasNext,Vector.java,Pure,NOT_IN_CACHE,False,Not In Cache,N/A,False,
java.util.Vector$Itr.next(),java.util.Vector$Itr,next,Vector.java,,NOT_IN_CACHE,False,Not In Cache,N/A,False,
java.util.Vector$Itr.remove(),java.util.Vector$Itr,remove,Vector.java,,NOT_IN_CACHE,False,Not In Cache,N/A,False,
java.util.Vector$ListItr.<init>(int),java.util.Vector$ListItr,<init>,Vector.java,,NOT_IN_CACHE,False,Not In Cache,N/A,False,
java.util.Vector$ListItr.add(java.lang.Object),java.util.Vector$ListItr,add,Vector.java,,NOT_IN_CACHE,False,Not In Cache,N/A,False,
java.util.Vector$ListItr.hasPrevious(),java.util.Vector$ListItr,hasPrevious,Vector.java,,NOT_IN_CACHE,False,Not In Cache,N/A,False,
java.util.Vector$ListItr.nextIndex(),java.util.Vector$ListItr,nextIndex,Vector.java,,NOT_IN_CACHE,False,Not In Cache,N/A,False,
java.util.Vector$ListItr.previous(),java.util.Vector$ListItr,previous,Vector.java,,NOT_IN_CACHE,False,Not In Cache,N/A,False,
java.util.Vector$ListItr.previousIndex(),java.util.Vector$ListItr,previousIndex,Vector.java,,NOT_IN_CACHE,False,Not In Cache,N/A,False,
java.util.Vector$ListItr.set(java.lang.Object),java.util.Vector$ListItr,set,Vector.java,,NOT_IN_CACHE,False,Not In Cache,N/A,False,
"java.util.Vector$VectorSpliterator.<init>(java.lang.Object[],int,int,int)",java.util.Vector$VectorSpliterator,<init>,Vector.java,,NOT_IN_CACHE,False,Not In Cache,N/A,False,
"java.util.Vector$VectorSpliterator.VectorSpliterator(java.util.array,java.util.lo,java.util.index =,java.util.expectedModCount)",java.util.Vector$VectorSpliterator,VectorSpliterator,Vector.java,,NOT_IN_CACHE,False,Not In Cache,N/A,False,
java.util.Vector$VectorSpliterator.characteristics(),java.util.Vector$VectorSpliterator,characteristics,Vector.java,,NOT_IN_CACHE,False,Not In Cache,N/A,False,
java.util.Vector$VectorSpliterator.estimateSize(),java.util.Vector$VectorSpliterator,estimateSize,Vector.java,,NOT_IN_CACHE,False,Not In Cache,N/A,False,
java.util.Vector$VectorSpliterator.forEachRemaining(java.util.function.Consumer),java.util.Vector$VectorSpliterator,forEachRemaining,Vector.java,,NOT_IN_CACHE,False,Not In Cache,N/A,False,
java.util.Vector$VectorSpliterator.getFence(),java.util.Vector$VectorSpliterator,getFence,Vector.java,,NOT_IN_CACHE,False,Not In Cache,N/A,False,
java.util.Vector$VectorSpliterator.tryAdvance(java.util.function.Consumer),java.util.Vector$VectorSpliterator,tryAdvance,Vector.java,,NOT_IN_CACHE,False,Not In Cache,N/A,False,
java.util.Vector$VectorSpliterator.trySplit(),java.util.Vector$VectorSpliterator,trySplit,Vector.java,,NOT_IN_CACHE,False,Not In Cache,N/A,False,
java.util.Vector.<init>(),java.util.Vector,<init>,Vector.java,,NOT_IN_CACHE,False,Not In Cache,N/A,False,
java.util.Vector.<init>(int),java.util.Vector,<init>,Vector.java,,NOT_IN_CACHE,False,Not In Cache,N/A,False,
"java.util.Vector.<init>(int,int)",java.util.Vector,<init>,Vector.java,,NOT_IN_CACHE,False,Not In Cache,N/A,False,
java.util.Vector.<init>(java.util.Collection),java.util.Vector,<init>,Vector.java,,NOT_IN_CACHE,False,Not In Cache,N/A,False,
"java.util.Vector.add(int,java.lang.Object)",java.util.Vector,add,Vector.java,,NOT_IN_CACHE,False,Not In Cache,N/A,False,
java.util.Vector.add(java.lang.Object),java.util.Vector,add,Vector.java,,NOT_IN_CACHE,False,Not In Cache,N/A,False,
"java.util.Vector.add(java.lang.Object,java.lang.Object[],int)",java.util.Vector,add,Vector.java,,NOT_IN_CACHE,False,Not In Cache,N/A,False,
"java.util.Vector.addAll(int,java.util.Collection)",java.util.Vector,addAll,Vector.java,,NOT_IN_CACHE,False,Not In Cache,N/A,False,
java.util.Vector.addAll(java.util.Collection),java.util.Vector,addAll,Vector.java,,NOT_IN_CACHE,False,Not In Cache,N/A,False,
java.util.Vector.addElement(java.lang.Object),java.util.Vector,addElement,Vector.java,,NOT_IN_CACHE,False,Not In Cache,N/A,False,
java.util.Vector.bulkRemove(java.util.function.Predicate),java.util.Vector,bulkRemove,Vector.java,,NOT_IN_CACHE,False,Not In Cache,N/A,False,
java.util.Vector.capacity(),java.util.Vector,capacity,Vector.java,,NOT_IN_CACHE,False,Not In Cache,N/A,False,
java.util.Vector.checkInvariants(),java.util.Vector,checkInvariants,Vector.java,,NOT_IN_CACHE,False,Not In Cache,N/A,False,
java.util.Vector.clear(),java.util.Vector,clear,Vector.java,,NOT_IN_CACHE,False,Not In Cache,N/A,False,
java.util.Vector.clone(),java.util.Vector,clone,Vector.java,SideEffectFree,NOT_IN_CACHE,True,Not In Cache,N/A,False,
java.util.Vector.contains(java.lang.Object),java.util.Vector,contains,Vector.java,Pure,NOT_IN_CACHE,True,Not In Cache,N/A,False,
java.util.Vector.containsAll(java.util.Collection),java.util.Vector,containsAll,Vector.java,Pure,NOT_IN_CACHE,True,Not In Cache,N/A,False,
java.util.Vector.copyInto(java.lang.Object[]),java.util.Vector,copyInto,Vector.java,,NOT_IN_CACHE,False,Not In Cache,N/A,False,
java.util.Vector.elementAt(int),java.util.Vector,elementAt,Vector.java,,NOT_IN_CACHE,False,Not In Cache,N/A,False,
"java.util.Vector.elementAt(java.lang.Object[],int)",java.util.Vector,elementAt,Vector.java,,NOT_IN_CACHE,False,Not In Cache,N/A,False,
java.util.Vector.elementData(int),java.util.Vector,elementData,Vector.java,,NOT_IN_CACHE,False,Not In Cache,N/A,False,
java.util.Vector.elements(),java.util.Vector,elements,Vector.java,,NOT_IN_CACHE,False,Not In Cache,N/A,False,
java.util.Vector.ensureCapacity(int),java.util.Vector,ensureCapacity,Vector.java,,NOT_IN_CACHE,False,Not In Cache,N/A,False,
java.util.Vector.equals(java.lang.Object),java.util.Vector,equals,Vector.java,Pure,NOT_IN_CACHE,True,Not In Cache,N/A,False,
java.util.Vector.firstElement(),java.util.Vector,firstElement,Vector.java,,NOT_IN_CACHE,False,Not In Cache,N/A,False,
java.util.Vector.forEach(java.util.function.Consumer),java.util.Vector,forEach,Vector.java,,NOT_IN_CACHE,False,Not In Cache,N/A,False,
java.util.Vector.get(int),java.util.Vector,get,Vector.java,Pure,NOT_IN_CACHE,True,Not In Cache,N/A,False,
java.util.Vector.grow(),java.util.Vector,grow,Vector.java,,NOT_IN_CACHE,False,Not In Cache,N/A,False,
java.util.Vector.grow(int),java.util.Vector,grow,Vector.java,,NOT_IN_CACHE,False,Not In Cache,N/A,False,
java.util.Vector.hasMoreElements(),java.util.Vector,hasMoreElements,Vector.java,,NOT_IN_CACHE,False,Not In Cache,N/A,False,
java.util.Vector.hashCode(),java.util.Vector,hashCode,Vector.java,Pure,NOT_IN_CACHE,True,Not In Cache,N/A,False,
java.util.Vector.indexOf(java.lang.Object),java.util.Vector,indexOf,Vector.java,Pure,NOT_IN_CACHE,True,Not In Cache,N/A,False,
"java.util.Vector.indexOf(java.lang.Object,int)",java.util.Vector,indexOf,Vector.java,Pure,NOT_IN_CACHE,False,Not In Cache,N/A,False,
"java.util.Vector.insertElementAt(java.lang.Object,int)",java.util.Vector,insertElementAt,Vector.java,,NOT_IN_CACHE,False,Not In Cache,N/A,False,
"java.util.Vector.isClear(long[],int)",java.util.Vector,isClear,Vector.java,,NOT_IN_CACHE,False,Not In Cache,N/A,False,
java.util.Vector.isEmpty(),java.util.Vector,isEmpty,Vector.java,Pure,NOT_IN_CACHE,True,Not In Cache,N/A,False,
java.util.Vector.iterator(),java.util.Vector,iterator,Vector.java,SideEffectFree,NOT_IN_CACHE,False,Not In Cache,N/A,False,
java.util.Vector.lastElement(),java.util.Vector,lastElement,Vector.java,,NOT_IN_CACHE,False,Not In Cache,N/A,False,
java.util.Vector.lastIndexOf(java.lang.Object),java.util.Vector,lastIndexOf,Vector.java,Pure,NOT_IN_CACHE,True,Not In Cache,N/A,False,
"java.util.Vector.lastIndexOf(java.lang.Object,int)",java.util.Vector,lastIndexOf,Vector.java,Pure,NOT_IN_CACHE,False,Not In Cache,N/A,False,
java.util.Vector.listIterator(),java.util.Vector,listIterator,Vector.java,,NOT_IN_CACHE,False,Not In Cache,N/A,False,
java.util.Vector.listIterator(int),java.util.Vector,listIterator,Vector.java,,NOT_IN_CACHE,False,Not In Cache,N/A,False,
java.util.Vector.nBits(int),java.util.Vector,nBits,Vector.java,,NOT_IN_CACHE,False,Not In Cache,N/A,False,
java.util.Vector.nextElement(java.util./*Enumeration),java.util.Vector,nextElement,Vector.java,,NOT_IN_CACHE,False,Not In Cache,N/A,False,
java.util.Vector.readObject(java.io.ObjectInputStream),java.util.Vector,readObject,Vector.java,,NOT_IN_CACHE,False,Not In Cache,N/A,False,
java.util.Vector.remove(int),java.util.Vector,remove,Vector.java,,NOT_IN_CACHE,False,Not In Cache,N/A,False,
java.util.Vector.remove(java.lang.Object),java.util.Vector,remove,Vector.java,,NOT_IN_CACHE,False,Not In Cache,N/A,False,
java.util.Vector.removeAll(java.util.Collection),java.util.Vector,removeAll,Vector.java,,NOT_IN_CACHE,False,Not In Cache,N/A,False,
java.util.Vector.removeAllElements(),java.util.Vector,removeAllElements,Vector.java,,NOT_IN_CACHE,False,Not In Cache,N/A,False,
java.util.Vector.removeElement(java.lang.Object),java.util.Vector,removeElement,Vector.java,,NOT_IN_CACHE,False,Not In Cache,N/A,False,
java.util.Vector.removeElementAt(int),java.util.Vector,removeElementAt,Vector.java,,NOT_IN_CACHE,False,Not In Cache,N/A,False,
java.util.Vector.removeIf(java.util.function.Predicate),java.util.Vector,removeIf,Vector.java,,NOT_IN_CACHE,False,Not In Cache,N/A,False,
"java.util.Vector.removeRange(int,int)",java.util.Vector,removeRange,Vector.java,,NOT_IN_CACHE,False,Not In Cache,N/A,False,
java.util.Vector.replaceAll(java.util.function.UnaryOperator),java.util.Vector,replaceAll,Vector.java,,NOT_IN_CACHE,False,Not In Cache,N/A,False,
java.util.Vector.retainAll(java.util.Collection),java.util.Vector,retainAll,Vector.java,,NOT_IN_CACHE,False,Not In Cache,N/A,False,
"java.util.Vector.set(int,java.lang.Object)",java.util.Vector,set,Vector.java,,NOT_IN_CACHE,False,Not In Cache,N/A,False,
"java.util.Vector.setBit(long[],int)",java.util.Vector,setBit,Vector.java,,NOT_IN_CACHE,False,Not In Cache,N/A,False,
"java.util.Vector.setElementAt(java.lang.Object,int)",java.util.Vector,setElementAt,Vector.java,,NOT_IN_CACHE,False,Not In Cache,N/A,False,
java.util.Vector.setSize(int),java.util.Vector,setSize,Vector.java,,NOT_IN_CACHE,False,Not In Cache,N/A,False,
"java.util.Vector.shiftTailOverGap(java.lang.Object[],int,int)",java.util.Vector,shiftTailOverGap,Vector.java,,NOT_IN_CACHE,False,Not In Cache,N/A,False,
java.util.Vector.size(),java.util.Vector,size,Vector.java,Pure,NOT_IN_CACHE,True,Not In Cache,N/A,False,
java.util.Vector.sort(java.util.Comparator),java.util.Vector,sort,Vector.java,,NOT_IN_CACHE,False,Not In Cache,N/A,False,
java.util.Vector.spliterator(),java.util.Vector,spliterator,Vector.java,SideEffectFree,NOT_IN_CACHE,False,Not In Cache,N/A,False,
"java.util.Vector.subList(int,int)",java.util.Vector,subList,Vector.java,SideEffectFree,NOT_IN_CACHE,False,Not In Cache,N/A,False,
java.util.Vector.toArray(),java.util.Vector,toArray,Vector.java,SideEffectFree,NOT_IN_CACHE,False,Not In Cache,N/A,False,
java.util.Vector.toArray(java.lang.Object[]),java.util.Vector,toArray,Vector.java,SideEffectFree,NOT_IN_CACHE,False,Not In Cache,N/A,False,
java.util.Vector.toString(),java.util.Vector,toString,Vector.java,SideEffectFree,NOT_IN_CACHE,True,Not In Cache,N/A,False,
java.util.Vector.trimToSize(),java.util.Vector,trimToSize,Vector.java,,NOT_IN_CACHE,False,Not In Cache,N/A,False,
java.util.Vector.writeObject(java.util.java$io$ObjectOutputStream),java.util.Vector,writeObject,Vector.java,,NOT_IN_CACHE,False,Not In Cache,N/A,False,
"java.util.WeakHashMap$Entry.<init>(java.lang.Object,java.lang.Object,java.lang.ref.ReferenceQueue,int,java.util.Entry)",java.util.WeakHashMap$Entry,<init>,WeakHashMap.java,,NOT_IN_CACHE,False,Not In Cache,N/A,False,
java.util.WeakHashMap$Entry.equals(java.lang.Object),java.util.WeakHashMap$Entry,equals,WeakHashMap.java,,NOT_IN_CACHE,False,Not In Cache,N/A,False,
java.util.WeakHashMap$Entry.getKey(),java.util.WeakHashMap$Entry,getKey,WeakHashMap.java,,NOT_IN_CACHE,False,Not In Cache,N/A,False,
java.util.WeakHashMap$Entry.getValue(),java.util.WeakHashMap$Entry,getValue,WeakHashMap.java,,NOT_IN_CACHE,False,Not In Cache,N/A,False,
java.util.WeakHashMap$Entry.hashCode(),java.util.WeakHashMap$Entry,hashCode,WeakHashMap.java,,NOT_IN_CACHE,False,Not In Cache,N/A,False,
java.util.WeakHashMap$Entry.setValue(java.lang.Object),java.util.WeakHashMap$Entry,setValue,WeakHashMap.java,,NOT_IN_CACHE,False,Not In Cache,N/A,False,
java.util.WeakHashMap$Entry.toString(),java.util.WeakHashMap$Entry,toString,WeakHashMap.java,,NOT_IN_CACHE,False,Not In Cache,N/A,False,
java.util.WeakHashMap$EntryIterator.next(),java.util.WeakHashMap$EntryIterator,next,WeakHashMap.java,,NOT_IN_CACHE,False,Not In Cache,N/A,False,
java.util.WeakHashMap$EntrySet.clear(),java.util.WeakHashMap$EntrySet,clear,WeakHashMap.java,,NOT_IN_CACHE,False,Not In Cache,N/A,False,
java.util.WeakHashMap$EntrySet.contains(java.lang.Object),java.util.WeakHashMap$EntrySet,contains,WeakHashMap.java,Pure,NOT_IN_CACHE,False,Not In Cache,N/A,False,
java.util.WeakHashMap$EntrySet.deepCopy(),java.util.WeakHashMap$EntrySet,deepCopy,WeakHashMap.java,,NOT_IN_CACHE,False,Not In Cache,N/A,False,
java.util.WeakHashMap$EntrySet.iterator(),java.util.WeakHashMap$EntrySet,iterator,WeakHashMap.java,SideEffectFree,NOT_IN_CACHE,False,Not In Cache,N/A,False,
java.util.WeakHashMap$EntrySet.remove(java.lang.Object),java.util.WeakHashMap$EntrySet,remove,WeakHashMap.java,,NOT_IN_CACHE,False,Not In Cache,N/A,False,
java.util.WeakHashMap$EntrySet.size(),java.util.WeakHashMap$EntrySet,size,WeakHashMap.java,Pure,NOT_IN_CACHE,False,Not In Cache,N/A,False,
java.util.WeakHashMap$EntrySet.spliterator(),java.util.WeakHashMap$EntrySet,spliterator,WeakHashMap.java,SideEffectFree,NOT_IN_CACHE,False,Not In Cache,N/A,False,
java.util.WeakHashMap$EntrySet.toArray(),java.util.WeakHashMap$EntrySet,toArray,WeakHashMap.java,SideEffectFree,NOT_IN_CACHE,False,Not In Cache,N/A,False,
java.util.WeakHashMap$EntrySet.toArray(java.lang.Object[]),java.util.WeakHashMap$EntrySet,toArray,WeakHashMap.java,SideEffectFree,NOT_IN_CACHE,False,Not In Cache,N/A,False,
"java.util.WeakHashMap$EntrySpliterator.<init>(java.util.WeakHashMap,int,int,int,int)",java.util.WeakHashMap$EntrySpliterator,<init>,WeakHashMap.java,,NOT_IN_CACHE,False,Not In Cache,N/A,False,
java.util.WeakHashMap$EntrySpliterator.characteristics(),java.util.WeakHashMap$EntrySpliterator,characteristics,WeakHashMap.java,,NOT_IN_CACHE,False,Not In Cache,N/A,False,
java.util.WeakHashMap$EntrySpliterator.forEachRemaining(java.util.function.Consumer),java.util.WeakHashMap$EntrySpliterator,forEachRemaining,WeakHashMap.java,,NOT_IN_CACHE,False,Not In Cache,N/A,False,
java.util.WeakHashMap$EntrySpliterator.tryAdvance(java.util.function.Consumer),java.util.WeakHashMap$EntrySpliterator,tryAdvance,WeakHashMap.java,,NOT_IN_CACHE,False,Not In Cache,N/A,False,
java.util.WeakHashMap$EntrySpliterator.trySplit(),java.util.WeakHashMap$EntrySpliterator,trySplit,WeakHashMap.java,,NOT_IN_CACHE,False,Not In Cache,N/A,False,
java.util.WeakHashMap$HashIterator.<init>(),java.util.WeakHashMap$HashIterator,<init>,WeakHashMap.java,,NOT_IN_CACHE,False,Not In Cache,N/A,False,
java.util.WeakHashMap$HashIterator.hasNext(),java.util.WeakHashMap$HashIterator,hasNext,WeakHashMap.java,Pure,NOT_IN_CACHE,False,Not In Cache,N/A,False,
java.util.WeakHashMap$HashIterator.nextEntry(),java.util.WeakHashMap$HashIterator,nextEntry,WeakHashMap.java,,NOT_IN_CACHE,False,Not In Cache,N/A,False,
java.util.WeakHashMap$HashIterator.remove(),java.util.WeakHashMap$HashIterator,remove,WeakHashMap.java,,NOT_IN_CACHE,False,Not In Cache,N/A,False,
java.util.WeakHashMap$KeyIterator.next(),java.util.WeakHashMap$KeyIterator,next,WeakHashMap.java,,NOT_IN_CACHE,False,Not In Cache,N/A,False,
java.util.WeakHashMap$KeySet.clear(),java.util.WeakHashMap$KeySet,clear,WeakHashMap.java,,NOT_IN_CACHE,False,Not In Cache,N/A,False,
java.util.WeakHashMap$KeySet.contains(java.lang.Object),java.util.WeakHashMap$KeySet,contains,WeakHashMap.java,Pure,NOT_IN_CACHE,False,Not In Cache,N/A,False,
java.util.WeakHashMap$KeySet.iterator(),java.util.WeakHashMap$KeySet,iterator,WeakHashMap.java,SideEffectFree,NOT_IN_CACHE,False,Not In Cache,N/A,False,
java.util.WeakHashMap$KeySet.remove(java.lang.Object),java.util.WeakHashMap$KeySet,remove,WeakHashMap.java,,NOT_IN_CACHE,False,Not In Cache,N/A,False,
java.util.WeakHashMap$KeySet.size(),java.util.WeakHashMap$KeySet,size,WeakHashMap.java,Pure,NOT_IN_CACHE,False,Not In Cache,N/A,False,
java.util.WeakHashMap$KeySet.spliterator(),java.util.WeakHashMap$KeySet,spliterator,WeakHashMap.java,SideEffectFree,NOT_IN_CACHE,False,Not In Cache,N/A,False,
"java.util.WeakHashMap$KeySpliterator.<init>(java.util.WeakHashMap,int,int,int,int)",java.util.WeakHashMap$KeySpliterator,<init>,WeakHashMap.java,,NOT_IN_CACHE,False,Not In Cache,N/A,False,
java.util.WeakHashMap$KeySpliterator.characteristics(),java.util.WeakHashMap$KeySpliterator,characteristics,WeakHashMap.java,,NOT_IN_CACHE,False,Not In Cache,N/A,False,
java.util.WeakHashMap$KeySpliterator.forEachRemaining(java.util.function.Consumer),java.util.WeakHashMap$KeySpliterator,forEachRemaining,WeakHashMap.java,,NOT_IN_CACHE,False,Not In Cache,N/A,False,
java.util.WeakHashMap$KeySpliterator.tryAdvance(java.util.function.Consumer),java.util.WeakHashMap$KeySpliterator,tryAdvance,WeakHashMap.java,,NOT_IN_CACHE,False,Not In Cache,N/A,False,
java.util.WeakHashMap$KeySpliterator.trySplit(),java.util.WeakHashMap$KeySpliterator,trySplit,WeakHashMap.java,,NOT_IN_CACHE,False,Not In Cache,N/A,False,
java.util.WeakHashMap$ValueIterator.next(),java.util.WeakHashMap$ValueIterator,next,WeakHashMap.java,,NOT_IN_CACHE,False,Not In Cache,N/A,False,
"java.util.WeakHashMap$ValueSpliterator.<init>(java.util.WeakHashMap,int,int,int,int)",java.util.WeakHashMap$ValueSpliterator,<init>,WeakHashMap.java,,NOT_IN_CACHE,False,Not In Cache,N/A,False,
java.util.WeakHashMap$ValueSpliterator.characteristics(),java.util.WeakHashMap$ValueSpliterator,characteristics,WeakHashMap.java,,NOT_IN_CACHE,False,Not In Cache,N/A,False,
java.util.WeakHashMap$ValueSpliterator.forEachRemaining(java.util.function.Consumer),java.util.WeakHashMap$ValueSpliterator,forEachRemaining,WeakHashMap.java,,NOT_IN_CACHE,False,Not In Cache,N/A,False,
java.util.WeakHashMap$ValueSpliterator.tryAdvance(java.util.function.Consumer),java.util.WeakHashMap$ValueSpliterator,tryAdvance,WeakHashMap.java,,NOT_IN_CACHE,False,Not In Cache,N/A,False,
java.util.WeakHashMap$ValueSpliterator.trySplit(),java.util.WeakHashMap$ValueSpliterator,trySplit,WeakHashMap.java,,NOT_IN_CACHE,False,Not In Cache,N/A,False,
java.util.WeakHashMap$Values.clear(),java.util.WeakHashMap$Values,clear,WeakHashMap.java,,NOT_IN_CACHE,False,Not In Cache,N/A,False,
java.util.WeakHashMap$Values.contains(java.lang.Object),java.util.WeakHashMap$Values,contains,WeakHashMap.java,Pure,NOT_IN_CACHE,False,Not In Cache,N/A,False,
java.util.WeakHashMap$Values.iterator(),java.util.WeakHashMap$Values,iterator,WeakHashMap.java,SideEffectFree,NOT_IN_CACHE,False,Not In Cache,N/A,False,
java.util.WeakHashMap$Values.size(),java.util.WeakHashMap$Values,size,WeakHashMap.java,Pure,NOT_IN_CACHE,False,Not In Cache,N/A,False,
java.util.WeakHashMap$Values.spliterator(),java.util.WeakHashMap$Values,spliterator,WeakHashMap.java,SideEffectFree,NOT_IN_CACHE,False,Not In Cache,N/A,False,
"java.util.WeakHashMap$WeakHashMapSpliterator.<init>(java.util.WeakHashMap,int,int,int,int)",java.util.WeakHashMap$WeakHashMapSpliterator,<init>,WeakHashMap.java,,NOT_IN_CACHE,False,Not In Cache,N/A,False,
java.util.WeakHashMap$WeakHashMapSpliterator.estimateSize(),java.util.WeakHashMap$WeakHashMapSpliterator,estimateSize,WeakHashMap.java,,NOT_IN_CACHE,False,Not In Cache,N/A,False,
java.util.WeakHashMap$WeakHashMapSpliterator.getFence(),java.util.WeakHashMap$WeakHashMapSpliterator,getFence,WeakHashMap.java,,NOT_IN_CACHE,False,Not In Cache,N/A,False,
java.util.WeakHashMap.<init>(int),java.util.WeakHashMap,<init>,WeakHashMap.java,,NOT_IN_CACHE,False,Not In Cache,N/A,False,
"java.util.WeakHashMap.<init>(int,float)",java.util.WeakHashMap,<init>,WeakHashMap.java,,NOT_IN_CACHE,False,Not In Cache,N/A,False,
java.util.WeakHashMap.<init>(java.util.Map),java.util.WeakHashMap,<init>,WeakHashMap.java,,NOT_IN_CACHE,False,Not In Cache,N/A,False,
java.util.WeakHashMap.clear(),java.util.WeakHashMap,clear,WeakHashMap.java,,NOT_IN_CACHE,False,Not In Cache,N/A,False,
java.util.WeakHashMap.containsKey(java.lang.Object),java.util.WeakHashMap,containsKey,WeakHashMap.java,Pure,NOT_IN_CACHE,True,Not In Cache,N/A,False,
java.util.WeakHashMap.containsNullValue(),java.util.WeakHashMap,containsNullValue,WeakHashMap.java,,NOT_IN_CACHE,False,Not In Cache,N/A,False,
java.util.WeakHashMap.containsValue(java.lang.Object),java.util.WeakHashMap,containsValue,WeakHashMap.java,Pure,NOT_IN_CACHE,True,Not In Cache,N/A,False,
java.util.WeakHashMap.entrySet(),java.util.WeakHashMap,entrySet,WeakHashMap.java,SideEffectFree,NOT_IN_CACHE,True,Not In Cache,N/A,False,
java.util.WeakHashMap.expungeStaleEntries(),java.util.WeakHashMap,expungeStaleEntries,WeakHashMap.java,,NOT_IN_CACHE,False,Not In Cache,N/A,False,
java.util.WeakHashMap.forEach(java.util.function.BiConsumer),java.util.WeakHashMap,forEach,WeakHashMap.java,,NOT_IN_CACHE,False,Not In Cache,N/A,False,
java.util.WeakHashMap.get(java.lang.Object),java.util.WeakHashMap,get,WeakHashMap.java,Pure,NOT_IN_CACHE,True,Not In Cache,N/A,False,
java.util.WeakHashMap.getEntry(java.lang.Object),java.util.WeakHashMap,getEntry,WeakHashMap.java,,NOT_IN_CACHE,False,Not In Cache,N/A,False,
java.util.WeakHashMap.getTable(),java.util.WeakHashMap,getTable,WeakHashMap.java,,NOT_IN_CACHE,False,Not In Cache,N/A,False,
java.util.WeakHashMap.hash(java.lang.Object),java.util.WeakHashMap,hash,WeakHashMap.java,,NOT_IN_CACHE,False,Not In Cache,N/A,False,
"java.util.WeakHashMap.indexFor(int,int)",java.util.WeakHashMap,indexFor,WeakHashMap.java,,NOT_IN_CACHE,False,Not In Cache,N/A,False,
java.util.WeakHashMap.isEmpty(),java.util.WeakHashMap,isEmpty,WeakHashMap.java,Pure,NOT_IN_CACHE,True,Not In Cache,N/A,False,
java.util.WeakHashMap.keySet(),java.util.WeakHashMap,keySet,WeakHashMap.java,SideEffectFree,NOT_IN_CACHE,True,Not In Cache,N/A,False,
java.util.WeakHashMap.maskNull(java.lang.Object),java.util.WeakHashMap,maskNull,WeakHashMap.java,,NOT_IN_CACHE,False,Not In Cache,N/A,False,
"java.util.WeakHashMap.matchesKey(java.util.Entry,java.lang.Object)",java.util.WeakHashMap,matchesKey,WeakHashMap.java,,NOT_IN_CACHE,False,Not In Cache,N/A,False,
java.util.WeakHashMap.newWeakHashMap(int),java.util.WeakHashMap,newWeakHashMap,WeakHashMap.java,,NOT_IN_CACHE,False,Not In Cache,N/A,False,
"java.util.WeakHashMap.put(java.lang.Object,java.lang.Object)",java.util.WeakHashMap,put,WeakHashMap.java,,NOT_IN_CACHE,False,Not In Cache,N/A,False,
java.util.WeakHashMap.putAll(java.util.Map),java.util.WeakHashMap,putAll,WeakHashMap.java,,NOT_IN_CACHE,False,Not In Cache,N/A,False,
java.util.WeakHashMap.remove(java.lang.Object),java.util.WeakHashMap,remove,WeakHashMap.java,,NOT_IN_CACHE,False,Not In Cache,N/A,False,
java.util.WeakHashMap.removeMapping(java.lang.Object),java.util.WeakHashMap,removeMapping,WeakHashMap.java,,NOT_IN_CACHE,False,Not In Cache,N/A,False,
java.util.WeakHashMap.replaceAll(java.util.function.BiFunction),java.util.WeakHashMap,replaceAll,WeakHashMap.java,,NOT_IN_CACHE,False,Not In Cache,N/A,False,
java.util.WeakHashMap.resize(int),java.util.WeakHashMap,resize,WeakHashMap.java,,NOT_IN_CACHE,False,Not In Cache,N/A,False,
java.util.WeakHashMap.size(),java.util.WeakHashMap,size,WeakHashMap.java,Pure,NOT_IN_CACHE,True,Not In Cache,N/A,False,
"java.util.WeakHashMap.transfer(java.util.Entry[],java.util.Entry[])",java.util.WeakHashMap,transfer,WeakHashMap.java,,NOT_IN_CACHE,False,Not In Cache,N/A,False,
java.util.WeakHashMap.unmaskNull(java.lang.Object),java.util.WeakHashMap,unmaskNull,WeakHashMap.java,,NOT_IN_CACHE,False,Not In Cache,N/A,False,
java.util.WeakHashMap.values(),java.util.WeakHashMap,values,WeakHashMap.java,SideEffectFree,NOT_IN_CACHE,True,Not In Cache,N/A,False,
